{"timestamp": 10000, "trip_avg_length": [11.88048780487805, 11.844444444444445, 10.713318284424378, 11.292740046838407, 11.320754716981131, 11.495305164319248, 11.615384615384615, 11.34047619047619, 11.28368794326241, 11.841975308641976, 11.23076923076923, 11.463182897862232, 10.974537037037036, 11.199524940617577, 11.525301204819277, 11.590361445783133], "trip_std_length": [6.160286638571574, 6.196215491713719, 5.868881747138925, 5.88022675846937, 5.943201554164316, 5.74915601283583, 6.115959092513763, 6.353909914518308, 5.694333263546504, 6.440590115542781, 5.771514699432596, 5.960017084361696, 6.093165552677194, 6.258721213095347, 6.376818774307452, 5.868511324907005], "trip_avg_price": [554138, 542528, 534903, 545787, 542697, 556290, 546982, 537465, 538748, 542072, 545009, 547724, 535059, 530641, 540174, 544732], "trip_num_completed": [0, 0, 0, 0, 0, 0, 0, 0, 0, 0, 0, 0, 0, 0, 0, 0], "ratio_serving": [0.4882, 0.48, 0.4746, 0.4823, 0.48, 0.4897, 0.4832, 0.4763, 0.4773, 0.4796, 0.4818, 0.4836, 0.4746, 0.4715, 0.4783, 0.4815], "ratio_cruising": [0.0002, 0.0, 0.0004, 0.0002, 0.0, 0.0, 0.0, 0.0, 0.0002, 0.0, 0.0007, 0.0, 0.0, 0.0, 0.0, 0.0], "ratio_online": [0.9982, 0.9994, 0.9995, 0.9989, 0.9981, 0.998, 0.9996, 0.9985, 0.9992, 0.9986, 0.999, 0.9982, 0.9987, 0.9993, 0.9992, 0.9986], "ratio_waiting": [0.0016, 0.0006, 0.0001, 0.0009, 0.0019, 0.002, 0.0004, 0.0015, 0.0006, 0.0014, 0.0003, 0.0018, 0.0013, 0.0007, 0.0008, 0.0014], "ratio_to_request": [0.51, 0.5194, 0.5249, 0.5166, 0.5181, 0.5083, 0.5164, 0.5222, 0.5219, 0.519, 0.5172, 0.5146, 0.5241, 0.5278, 0.5209, 0.5171]}