{"timestamp": 10000, "trip_avg_length": [10.96448598130841, 10.687272727272727, 11.020872865275143, 10.98874296435272, 10.620437956204379, 10.522935779816514, 11.246240601503759, 11.287878787878787, 10.800366300366301, 10.863295880149813, 10.437275985663083, 10.959334565619224, 10.938547486033519, 10.802919708029197, 10.485559566787003, 10.535779816513761], "trip_std_length": [5.756154809743108, 5.397678105039224, 6.07710894488895, 5.9006681432007415, 5.983104419473702, 5.742480252869083, 5.951360254130289, 5.795152497575548, 5.769891525624411, 5.8749484975431505, 5.7247661453072105, 5.912345766210765, 5.695725481923787, 5.690739584865071, 5.876033510220887, 5.563239814705358], "trip_avg_price": [693422, 693526, 686031, 690729, 686474, 674616, 709929, 705045, 698387, 683648, 686295, 700920, 694535, 699471, 683892, 674782], "trip_num_completed": [0, 0, 0, 0, 0, 0, 0, 0, 0, 0, 0, 0, 0, 0, 0, 0], "ratio_serving": [0.5878, 0.5878, 0.5824, 0.5857, 0.5828, 0.5742, 0.5996, 0.596, 0.5913, 0.5808, 0.5827, 0.5931, 0.5884, 0.592, 0.5809, 0.5743], "ratio_cruising": [0.0016, 0.001, 0.003, 0.0006, 0.0003, 0.0022, 0.0014, 0.0014, 0.0012, 0.0021, 0.0008, 0.0006, 0.0006, 0.0004, 0.0009, 0.0005], "ratio_online": [0.998, 0.9978, 0.9953, 0.9971, 0.9989, 0.9956, 0.9983, 0.9971, 0.9979, 0.9973, 0.9987, 0.9984, 0.9969, 0.9979, 0.9977, 0.9971], "ratio_waiting": [0.0004, 0.0012, 0.0017, 0.0023, 0.0008, 0.0022, 0.0003, 0.0015, 0.0009, 0.0006, 0.0005, 0.001, 0.0025, 0.0017, 0.0014, 0.0024], "ratio_to_request": [0.4102, 0.41, 0.4129, 0.4114, 0.4161, 0.4214, 0.3987, 0.4011, 0.4066, 0.4165, 0.416, 0.4053, 0.4085, 0.4059, 0.4168, 0.4228]}