{"timestamp": 10000, "trip_avg_length": [11.378737541528238, 10.8023598820059, 10.453531598513012, 11.02909090909091, 10.503649635036496, 9.838709677419354, 11.00374531835206, 10.680597014925374, 10.457364341085272, 11.382456140350877, 10.554263565891473, 10.928802588996763, 10.634980988593156, 10.341296928327646, 10.554858934169278, 10.660574412532638, 10.28110599078341, 10.388349514563107, 10.705882352941176, 10.586497890295359, 10.527777777777779, 10.588888888888889, 11.06825938566553, 10.16030534351145, 10.303921568627452, 10.509868421052632, 10.46774193548387, 10.308333333333334, 10.782729805013927, 10.996794871794872, 10.190332326283988, 10.108474576271187, 9.958677685950413, 10.394557823129253, 11.222222222222221, 10.58695652173913, 10.129568106312293, 10.516129032258064, 10.4, 10.743034055727554, 10.381381381381381, 10.734126984126984, 11.333333333333334, 10.701492537313433, 10.87725631768953, 10.161812297734627, 11.293706293706293, 11.100840336134453, 10.50909090909091, 11.058620689655172, 10.37012987012987, 10.84641638225256, 10.496402877697841, 10.722955145118734, 10.852664576802507, 10.335849056603774, 10.669966996699669, 10.746177370030582, 10.824561403508772, 10.316614420062695, 10.616600790513834, 10.702265372168284, 10.25925925925926, 11.168831168831169, 10.460714285714285, 10.058333333333334, 10.35234899328859, 10.603603603603604, 10.810897435897436, 11.31547619047619, 10.23015873015873, 10.928125, 10.384920634920634, 10.329032258064515, 11.036630036630036, 10.15606936416185, 10.333333333333334, 10.339622641509434, 10.715384615384615, 10.694980694980694, 10.506410256410257, 10.691756272401435, 11.074626865671641, 10.532934131736527, 11.017191977077363, 10.23611111111111, 10.059322033898304, 10.432692307692308, 10.407017543859649, 10.626811594202898, 10.28158844765343, 10.944223107569721, 11.033444816053512, 10.610738255033556, 10.697211155378486, 10.047619047619047, 10.229323308270677, 10.894545454545455, 10.508426966292134, 10.510416666666666, 11.712166172106825, 11.058394160583942, 10.819277108433734, 10.86013986013986, 10.63888888888889, 10.996894409937887, 10.57037037037037, 9.934718100890208, 11.0, 10.482014388489208, 10.889312977099237, 10.162337662337663, 10.475155279503106, 10.013333333333334, 11.570422535211268, 11.215189873417721, 11.245283018867925, 10.95364238410596, 10.690402476780186, 9.955017301038062, 10.345514950166113, 10.92429022082019, 10.527586206896551, 10.225, 10.237785016286646, 11.174061433447099, 10.64406779661017, 10.32183908045977, 10.441281138790035, 10.02675585284281, 10.205533596837945, 10.42962962962963, 9.7109375, 10.511705685618729, 10.806916426512968, 10.762820512820513, 11.099290780141844, 10.18266253869969, 10.619808306709265, 10.30035335689046, 11.064024390243903, 10.975778546712803, 10.605678233438486, 10.987261146496815, 10.231092436974789, 11.04516129032258, 10.993788819875776, 11.167164179104478, 10.8, 11.042763157894736, 11.06441717791411, 11.48546511627907, 10.684049079754601, 9.941176470588236, 10.284722222222221, 11.153571428571428, 10.08433734939759, 10.670807453416149, 11.19533527696793, 10.971223021582734, 10.941368078175897, 10.691029900332225, 9.930327868852459, 11.370253164556962, 10.513698630136986, 10.715909090909092, 11.26086956521739, 10.724137931034482, 10.814814814814815, 10.429602888086643, 10.193442622950819, 10.759036144578314, 10.942942942942944, 10.206896551724139, 11.353658536585366, 10.627760252365931, 10.962962962962964, 10.462121212121213, 11.608433734939759, 10.538775510204081, 11.196078431372548, 10.444794952681388, 10.182108626198083, 10.819078947368421, 10.72752808988764, 11.231511254019292, 10.896678966789668, 10.685314685314685, 10.903030303030302, 10.830985915492958, 10.52861952861953, 10.789808917197453, 10.778409090909092, 10.009174311926605, 10.620578778135048, 11.70326409495549, 11.528571428571428, 10.052469135802468, 10.52199413489736, 11.76086956521739], "trip_std_length": [6.057538045853508, 5.5875330338538705, 5.885736379780606, 5.852044638097097, 5.702636203797752, 5.460100283809921, 5.728892623508628, 5.553760022709105, 5.388773503776858, 5.836759579460782, 5.621711893427443, 5.743839715966293, 6.179494538899808, 5.286298312979801, 5.502575620536646, 5.887960605150548, 5.545726354990314, 5.608418908040492, 5.851902610222917, 5.486260857757553, 5.676666014223229, 5.580842451560141, 5.869640409788968, 5.500613142635399, 5.188201576817506, 5.230216608531683, 5.47344834968126, 5.289605897943207, 5.712482770261305, 5.875578748054449, 5.572648207688957, 5.169837165438602, 5.208696945620878, 5.778281908256323, 5.640118327151309, 5.330019252309854, 5.580562744416091, 5.14160673161939, 5.519120369694107, 5.422025893364388, 5.244921629213375, 5.775284816702442, 5.853816365623962, 5.52947306704699, 5.6440207378725935, 5.351075682053014, 6.255439219576873, 5.6269085770226726, 5.383722021976744, 6.057768864420657, 5.739984273815846, 5.391210371866859, 5.370280729930708, 6.161826111604442, 5.779130987354066, 5.7222206515271035, 5.996973026240708, 5.472179491248621, 5.845744612176537, 5.487809786194054, 5.686058908921943, 5.755146399392888, 5.699263652903758, 5.948158281814802, 5.598331338489194, 5.412376506161082, 5.073950896856122, 5.74891964669286, 5.991404887665508, 5.599362082025379, 5.777848639021245, 5.840415994120196, 5.5576569155109405, 5.617495340646507, 6.308211318217572, 5.98301358866291, 5.866643709780611, 5.474159064885077, 5.337436168430589, 5.795386087492552, 5.900344182563871, 5.73222389848105, 5.909045514346755, 5.331282025702405, 5.900778650026779, 5.259892942392659, 4.898908628975563, 5.707784421988058, 5.3772705412110735, 5.878159524824574, 5.49763194872311, 5.492921603577799, 5.459386550810335, 5.621998270690827, 5.457181403960485, 5.597802672832099, 5.378532683530201, 5.762556824624361, 5.506628977342153, 5.506299659253935, 5.636117136464399, 5.751250480792209, 5.691664965529632, 5.629718097255405, 5.6249828531974595, 5.479208837573647, 5.705151331444034, 5.120669639947733, 5.743154078572726, 5.466513518044059, 5.751796956629259, 5.591007133701497, 5.436334294904094, 5.052374579233896, 5.99048293019494, 5.882651787464194, 5.685153323889051, 5.743222609157339, 5.713229513933369, 5.756421185188968, 5.538169110241245, 5.592971864348446, 5.7223937932762885, 5.179225328174089, 5.510322470216146, 5.782202559571218, 5.67767770580515, 5.391019038452329, 5.656628127697057, 5.374218758866387, 5.476255700196124, 5.858252477065836, 5.503766244227107, 5.7682990862265155, 5.411606536348948, 5.706060857215413, 5.961228114387081, 5.473330473419195, 5.576581908118105, 5.464782837885227, 5.959634413356958, 6.027282392951573, 5.387715252692959, 5.590582688027708, 5.743205673804785, 5.725823716466474, 5.7348199779073665, 5.77297843559296, 6.032294043609896, 5.84685140159444, 5.503386363879458, 6.058802774701997, 5.154799138385547, 5.142170547895903, 5.674826471214346, 5.906532832554206, 5.568748468071908, 5.475837832618584, 5.9084148462562345, 5.735090079192168, 5.595759395273829, 5.548417445416993, 5.1437593789211915, 5.50881927542785, 5.854674167518321, 5.978399623004605, 5.300910198569424, 5.791173734430209, 5.739426372832326, 5.104636971897738, 5.41327660093065, 5.790707889901152, 5.40989969985676, 5.4670127400293556, 5.78764864681785, 5.365527221553722, 5.723891859757423, 5.554694033291973, 6.448847937072827, 5.799676849777859, 6.130667391117805, 5.659720961473373, 5.659852392070082, 5.791057461300405, 5.669396016599228, 5.831318920515945, 5.817998226356066, 5.472652391818108, 5.822343839637137, 5.967602475840761, 5.792136412606742, 5.4282017140889005, 5.450895440693382, 5.523641841748526, 5.474062869134858, 6.05031485300241, 5.625760719535571, 5.5761031197543165, 5.110820286408591, 5.936321932344644],