{"timestamp": 20000, "trip_avg_length": [33.87692307692308, 33.26865671641791, 33.83163265306123, 34.447916666666664, 33.88944723618091, 32.089622641509436, 35.340425531914896, 31.297169811320753, 34.15979381443299, 33.84422110552764, 34.5360824742268, 35.248704663212436, 32.795121951219514, 35.36842105263158, 35.05291005291005, 35.18324607329843, 33.345, 34.77319587628866, 33.320197044334975, 31.33644859813084, 34.794736842105266, 34.659685863874344, 34.64141414141414, 32.700980392156865, 33.27142857142857, 34.87301587301587, 34.86842105263158, 34.27979274611399, 33.03, 38.97714285714286, 33.65151515151515, 36.51086956521739, 31.985576923076923, 34.53125, 33.576354679802954, 33.14, 35.526041666666664, 32.893719806763286, 32.661764705882355, 33.29353233830846, 31.806603773584907, 31.483870967741936, 32.50717703349282, 31.789473684210527, 30.295454545454547, 33.38693467336683, 32.81951219512195, 33.059701492537314, 35.3717277486911, 34.97948717948718, 35.854838709677416, 32.87623762376238, 33.05911330049261, 32.48309178743961, 32.806930693069305, 34.40625, 32.793103448275865, 35.09473684210526, 33.954314720812185, 35.66315789473684, 34.703125, 32.84158415841584, 33.64646464646464, 34.453125, 32.76470588235294, 33.82741116751269, 34.07, 35.202127659574465, 33.136585365853655, 33.402010050251256, 34.10204081632653, 35.73262032085562, 30.76036866359447, 32.35680751173709, 33.801980198019805, 33.33830845771144, 33.5, 34.50769230769231, 34.44329896907217, 35.572916666666664, 33.69897959183673, 34.09090909090909, 35.23076923076923, 36.62637362637363, 35.03125, 32.83168316831683, 32.44019138755981, 31.5188679245283, 32.609756097560975, 34.04615384615385, 33.465, 31.712264150943398, 34.17171717171717, 32.38048780487805, 32.745098039215684, 32.5, 33.343283582089555, 36.06382978723404, 33.10144927536232, 33.9025641025641], "trip_std_length": [16.887720641971267, 18.8444130492492, 17.214647873717215, 19.415076718701258, 18.518165445131064, 17.627339556994997, 17.85822010590186, 17.520106818550744, 19.79691301455712, 18.549156593305575, 19.072872653350622, 18.375200422038446, 18.286793198178096, 19.477680955433634, 17.7798814577962, 18.373465158312985, 17.4191267002683, 18.029474810745963, 18.29455048097862, 18.15171984088387, 19.317703189294924, 17.130677234689806, 19.1405672635876, 17.5327089005599, 17.915081246101614, 18.44066021338629, 16.566883664377876, 19.823952015987512, 16.92155725694299, 19.41956429869168, 17.92928794992106, 18.794942986147948, 16.348805638975772, 18.004601914626345, 17.743876554590518, 17.07689667357626, 17.69855658422264, 17.84198785470616, 18.375396723035678, 18.343554128626483, 16.380941346853128, 15.727546872851104, 16.475912421380023, 17.683655151908052, 16.289399153848137, 19.665699295848277, 17.609354768752958, 16.84067623435283, 17.491749338492237, 18.238578153747305, 18.15510838463534, 19.155422924819057, 17.29564577460356, 17.19730498227588, 17.031344181794957, 18.234912784843072, 17.00207323562322, 18.774884502671185, 18.201437555833888, 18.01643140452672, 20.174251086497403, 17.79627988340434, 17.637376022408233, 16.795271241266345, 18.596160509573163, 19.16163308901535, 18.145663393769873, 20.022901668283385, 17.619027354699224, 16.25083518471909, 18.062809800135888, 17.6605895299586, 17.00088628355296, 16.351893636174676, 17.458873769706297, 18.08038917613709, 20.52949098248663, 16.704480968235618, 19.09551092718944, 17.94159784299387, 17.670631665239448, 18.704556193769395, 18.30070972206709, 17.63653073934168, 17.3625273727886, 16.367723192719232, 18.194786359863482, 18.184708033553218, 17.350445342960167, 18.002647186453473, 16.70834447214924, 15.993136516279021, 20.272656812145726, 18.03145245982217, 17.100445054700174, 17.148056019348623, 17.16343930917056, 17.039259117995023, 16.669980766910506, 18.11064975231477], "trip_avg_price": [812943, 820800, 810767, 811802, 826440, 832484, 814312, 811191, 812907, 825388, 819955, 842077, 823123, 825836, 812562, 829743, 818150, 828371, 827931, 820067, 814239, 812431, 843411, 817624, 858094, 810972, 814317, 813324, 811966, 843226, 818168, 827688, 815650, 813444, 836364, 813554, 837441, 835878, 818241, 819719, 825624, 834457, 832465, 812305, 812247, 812882, 824122, 815507, 832965, 840132, 820923, 813762, 821755, 827771, 812140, 811486, 817262, 819141, 819024, 833156, 819520, 813354, 815805, 814688, 816870, 816059, 835733, 813203, 833742, 816073, 820892, 821289, 814700, 844105, 837147, 819029, 821528, 823378, 829124, 837583, 812878, 827826, 843079, 822910, 827048, 817283, 828308, 816720, 816672, 813261, 823005, 824744, 833765, 812549, 826804, 817825, 822419, 835190, 839181, 813462], "trip_num_completed": [0, 0, 0, 0, 0, 0, 0, 0, 0, 0, 0, 0, 0, 0, 0, 0, 0, 0, 0, 0, 0, 0, 0, 0, 0, 0, 0, 0, 0, 0, 0, 0, 0, 0, 0, 0, 0, 0, 0, 0, 0, 0, 0, 0, 0, 0, 0, 0, 0, 0, 0, 0, 0, 0, 0, 0, 0, 0, 0, 0, 0, 0, 0, 0, 0, 0, 0, 0, 0, 0, 0, 0, 0, 0, 0, 0, 0, 0, 0, 0, 0, 0, 0, 0, 0, 0, 0, 0, 0, 0, 0, 0, 0, 0, 0, 0, 0, 0, 0, 0], "ratio_serving": [0.3314, 0.33435, 0.3317, 0.3307, 0.3372, 0.34025, 0.3322, 0.332, 0.33135, 0.33675, 0.335, 0.342, 0.33615, 0.336, 0.33125, 0.3374, 0.33345, 0.3373, 0.33835, 0.3353, 0.33125, 0.33105, 0.34295, 0.33355, 0.34935, 0.3298, 0.33125, 0.3322, 0.331, 0.3417, 0.33315, 0.3359, 0.33265, 0.3315, 0.3408, 0.3314, 0.34105, 0.34045, 0.3341, 0.3346, 0.33715, 0.3416, 0.3397, 0.3325, 0.33325, 0.3322, 0.3364, 0.33265, 0.33895, 0.34235, 0.33425, 0.33205, 0.33555, 0.3382, 0.33135, 0.33055, 0.33395, 0.3334, 0.3347, 0.3388, 0.33315, 0.3317, 0.3331, 0.332, 0.3342, 0.3332, 0.3407, 0.3314, 0.33965, 0.33275, 0.33455, 0.33465, 0.33375, 0.3446, 0.3414, 0.33505, 0.335, 0.33645, 0.3371, 0.3415, 0.3314, 0.3375, 0.3435, 0.33385, 0.33725, 0.3336, 0.339, 0.3341, 0.33425, 0.33195, 0.33465, 0.33665, 0.3397, 0.3319, 0.33655, 0.33475, 0.3351, 0.33935, 0.3426, 0.3312], "ratio_cruising": [0.03165, 0.02595, 0.03995, 0.03015, 0.03115, 0.0369, 0.0356, 0.03355, 0.03185, 0.0355, 0.03265, 0.0229, 0.0365, 0.02825, 0.0334, 0.02645, 0.0272, 0.03075, 0.0359, 0.03095, 0.02635, 0.0303, 0.0246, 0.0292, 0.02685, 0.02745, 0.0268, 0.03865, 0.0278, 0.0231, 0.02685, 0.0231, 0.0288, 0.03055, 0.03135, 0.02485, 0.03085, 0.0275, 0.0314, 0.03605, 0.031, 0.0404, 0.03115, 0.035, 0.0399, 0.03625, 0.0333, 0.0311, 0.0299, 0.03325, 0.0268, 0.03505, 0.03435, 0.0351, 0.03035, 0.0316, 0.03335, 0.0276, 0.03625, 0.02735, 0.0271, 0.02895, 0.0332, 0.02975, 0.0409, 0.03585, 0.0304, 0.0308, 0.0255, 0.0277, 0.0301, 0.033, 0.0398, 0.03155, 0.03125, 0.03905, 0.0311, 0.0385, 0.02445, 0.03315, 0.02945, 0.0301, 0.03255, 0.02265, 0.0364, 0.03235, 0.0371, 0.0365, 0.03515, 0.035, 0.02375, 0.0318, 0.0293, 0.03175, 0.02685, 0.0373, 0.0296, 0.0282, 0.03395, 0.02665], "ratio_online": [0.4123, 0.41955, 0.4156, 0.41065, 0.42335, 0.4272, 0.4117, 0.4236, 0.4117, 0.4182, 0.4231, 0.42315, 0.41945, 0.41565, 0.4104, 0.4175, 0.4188, 0.4174, 0.42525, 0.4276, 0.411, 0.41185, 0.42655, 0.4199, 0.43675, 0.40685, 0.41025, 0.41245, 0.4156, 0.4153, 0.41585, 0.4126, 0.4182, 0.41255, 0.42375, 0.41675, 0.4228, 0.4257, 0.42125, 0.4163, 0.4261, 0.43065, 0.4271, 0.42325, 0.42665, 0.41655, 0.4215, 0.41645, 0.41835, 0.42405, 0.41715, 0.41275, 0.4204, 0.42505, 0.41615, 0.4088, 0.42145, 0.41405, 0.41985, 0.41855, 0.4104, 0.41665, 0.41805, 0.41395, 0.4181, 0.4155, 0.42605, 0.41215, 0.4273, 0.41875, 0.4172, 0.41385, 0.4227, 0.4347, 0.4273, 0.4208, 0.4186, 0.4197, 0.41865, 0.4248, 0.41475, 0.4223, 0.4258, 0.40935, 0.4163, 0.4186, 0.4296, 0.422, 0.42515, 0.41365, 0.4165, 0.4233, 0.42395, 0.4191, 0.41925, 0.42395, 0.41775, 0.4158, 0.4297, 0.41315],