{"timestamp": 10000, "trip_avg_length": [11.384787472035795, 11.221709006928407, 11.557446808510639, 11.48235294117647, 11.457202505219207, 11.811111111111112, 10.796380090497738, 11.176470588235293, 11.241379310344827, 10.954976303317535, 11.117647058823529, 10.670616113744076, 11.241304347826087, 11.029082774049217, 11.12590799031477, 11.606666666666667, 11.27927927927928, 11.316143497757848, 11.957303370786518, 11.79020979020979, 11.229038854805726, 11.689655172413794, 11.137697516930023, 10.941043083900226, 11.015555555555556, 11.51082251082251, 11.21945701357466, 11.356818181818182, 11.101895734597157, 11.45905172413793, 10.682648401826484, 11.082608695652175, 11.245192307692308, 10.951167728237792, 11.195294117647059, 10.903225806451612, 10.89598108747045, 11.680693069306932, 11.513824884792626, 11.13215859030837, 11.452115812917596, 11.2012987012987, 11.479452054794521, 11.172645739910314, 11.293069306930693, 11.440347071583513, 11.666666666666666, 11.004264392324094, 10.992647058823529, 10.768018018018019, 11.76112412177986, 11.498924731182795, 10.674887892376681, 11.043933054393305, 11.189427312775331, 11.579741379310345, 12.30787037037037, 10.820689655172414, 10.668831168831169, 11.067245119305857, 11.513574660633484, 10.695560253699789, 11.649651972157773, 10.87363834422658, 11.17970401691332, 11.289583333333333, 11.244060475161987, 11.847006651884701, 10.656387665198238, 11.269058295964125, 11.566964285714286, 11.41002277904328, 11.179824561403509, 11.264192139737991, 11.195744680851064, 11.151960784313726, 11.299568965517242, 10.748283752860411, 11.293478260869565, 10.795698924731182, 11.105150214592275, 11.44915254237288, 11.212, 11.582222222222223, 11.302439024390244, 11.15801354401806, 11.008695652173913, 10.776785714285714, 10.967880085653105, 11.496583143507973, 11.21443298969072, 11.47198275862069, 11.228699551569507, 11.296450939457202, 11.431670281995661, 11.302540415704389, 12.21867881548975, 11.16891891891892, 11.243010752688171, 11.096703296703296, 11.361650485436893, 11.167728237791932, 11.486046511627906, 10.98343685300207, 11.410752688172042, 10.867117117117116, 11.877068557919621, 11.669642857142858, 11.246315789473684, 11.153498871331829, 11.250574712643678, 11.443155452436194, 11.44915254237288, 11.206422018348624, 11.492170022371365, 11.072769953051644, 11.454954954954955, 11.7, 11.317241379310344, 10.744635193133048, 11.634199134199134, 11.111587982832617, 11.37027027027027, 11.219806763285025, 11.570114942528736, 10.847417840375586, 11.618390804597702, 11.456066945606695, 11.346846846846846, 11.650112866817155, 11.47737556561086, 11.330376940133037, 11.704103671706264, 11.227765726681127, 11.040425531914893, 11.321917808219178, 11.415254237288135, 11.929978118161925, 11.090024330900244, 11.632054176072234, 12.125, 11.371702637889689, 11.547045951859957, 11.067720090293454, 11.26021505376344, 11.567757009345794, 11.28468899521531, 11.4, 11.159550561797753, 11.686602870813397, 11.11231101511879, 11.105603448275861, 11.554054054054054, 10.525, 11.405764966740577, 11.002314814814815, 10.95021645021645, 11.411764705882353, 11.492822966507177, 11.354988399071926, 11.010893246187363, 12.057603686635945, 10.702517162471397, 11.859857482185273, 11.189309576837417, 11.442982456140351, 11.700636942675159, 11.067441860465117, 10.9874213836478, 10.62076749435666, 11.129707112970712, 11.679039301310043, 10.966745843230404, 11.893665158371041, 11.503432494279176, 11.380846325167038, 11.634782608695652, 11.06236559139785], "trip_std_length": [6.154937734199985, 5.997442860655213, 6.187143316376583, 5.974084748420872, 5.5782295010235785, 6.143278973252793, 6.061090617656258, 6.326385759185242, 6.242403230928211, 6.314082761033667, 6.124284148968446, 5.818994807376198, 6.0043852122376045, 5.944301864984, 6.079667376626818, 6.17654703967624, 5.880447324976469, 6.261209457587653, 6.111361451886692, 6.062825485674232, 5.789481267801852, 5.997001827211386, 5.902251254214102, 6.12390341336997, 5.977530354235139, 6.151311036031594, 5.805231037389764, 6.1216789782213095, 5.983907820504474, 6.065948980316878, 5.491980065583112, 6.047432237980668, 5.859531679364768, 5.750265729620808, 6.042358438700083, 5.854994221697252, 5.642087530076243, 5.66074930446242, 6.619064953158209, 5.897447832342524, 6.184112932478113, 6.4341955808204485, 5.910928480267953, 5.930786568654303, 6.037281163461057, 5.764279551822471, 6.087582537068196, 6.156798290006588, 6.044560417444631, 5.744387361750382, 6.170799761500739, 6.310641202935251, 5.6238319653043485, 5.867804042402669, 5.869676658668319, 6.31040628797562, 6.330784070410167, 5.497755820751376, 5.419287977549933, 5.945689738544343, 6.248333452386212, 5.936264846764849, 6.0069753436408115, 5.974286043882469, 6.031230412854718, 5.778687119613666, 6.17761253944333, 6.603507006666643, 5.503782535068772, 5.996956067275694, 5.887333382429379, 6.278320056588889, 6.01993296903524, 6.2409817471550495, 5.767847692046135, 6.492185806604871, 6.000603402452092, 6.055107572794336, 5.749362995865113, 5.6810553687587015, 6.146258787298161, 5.742493195065615, 6.030510426157972, 6.081932766221565, 5.778112097996514, 6.012578810682637, 5.736224560782137, 5.7320524581211805, 5.880778073708941, 6.330629320704405, 6.103860358530285, 5.869565677380401, 5.974285826267939, 5.906350562382485, 5.960298441676028, 6.225806236323652, 6.248645745527965, 6.384160276408112, 6.180012837956223, 6.170782815844259, 6.0111373327498825, 6.278353853587632, 6.078826439499453, 5.749402254433024, 6.330086247957353, 5.820737993423633, 6.254191514593232, 5.92307592757999, 6.345189815522768, 5.95042766009594, 6.014864223216379, 5.976434252731862, 5.949786291030478, 6.341110591081229, 6.108585404898973, 5.853201068637169, 6.068694425080074, 6.121934751888734, 6.100729311905121, 5.975380747827558, 6.35377987743582, 5.76212984900249, 6.484133018996069, 5.8091626743578395, 6.149219461589269, 5.617519994725174, 5.896161399552307, 6.036599912697423, 5.926841065237041, 6.2275814621426075, 6.472055097474243, 5.742781806183933, 6.192809563300678, 5.864908067047665, 5.8207683770936685, 5.823431175854248, 6.042681904285576, 6.282510073392505, 6.247465490919918, 5.829214357368666, 6.756445335487335, 6.278008912225551, 6.011520397373828, 6.018400752997606, 5.828279957721647, 6.090638412958377, 5.600991455630971, 6.282250127674532, 6.250514030117998, 6.2407721305037365, 6.283125576766771, 6.372392203440626, 6.149361408049448, 5.494568599163094, 5.851591215943455, 5.9287821350253145, 6.141170231692096, 5.970000615019188, 6.143125162952665, 5.923856909507536, 6.063021517450313, 6.3781669476833995, 5.614896668871849, 6.2726514169979275, 5.8835978050282876, 6.182622354238597, 6.21189698383903, 5.998651822574824, 6.306950099389438, 5.731046677959263, 6.154217208871177, 6.132421317619658, 5.945823189514008, 6.537743231927521, 6.28776823745233, 6.01739780502065, 5.834053605725623, 6.284849746768908],