{"timestamp": 10000, "trip_avg_length": [10.907849829351536, 10.416938110749186, 11.25886524822695, 11.034602076124568, 11.044827586206896, 10.56953642384106, 10.73063973063973, 10.877133105802049, 10.452768729641694, 11.090592334494774, 10.656666666666666, 11.240282685512367, 10.74074074074074, 10.840677966101694, 10.398058252427184, 10.68561872909699, 10.289389067524116, 10.50328947368421, 10.634551495016611, 11.196491228070176, 10.711409395973154, 10.617940199335548, 10.656666666666666, 10.534426229508197, 10.97594501718213, 10.468852459016393, 10.771043771043772, 10.059561128526646, 11.017241379310345, 10.97938144329897, 10.606666666666667, 10.993103448275862, 10.572847682119205, 11.164912280701754, 11.20774647887324, 11.683823529411764, 10.559602649006623, 10.787878787878787, 10.071651090342678, 10.493421052631579, 10.14826498422713, 10.566225165562914, 10.45928338762215, 10.46078431372549, 11.111888111888112, 10.100946372239747, 10.405844155844155, 10.722408026755852, 10.647840531561462, 10.618729096989966, 10.8, 10.955172413793104, 10.734006734006734, 10.827118644067797, 10.643333333333333, 10.975862068965517, 10.477124183006536, 10.79054054054054, 10.634551495016611, 10.572368421052632, 10.294871794871796, 11.038062283737025, 10.318327974276528, 10.275641025641026, 10.490131578947368, 10.871621621621621, 10.901360544217686, 10.444444444444445, 10.634551495016611, 10.589403973509933, 11.574545454545454, 10.516447368421053, 10.948453608247423, 10.797297297297296, 10.813559322033898, 10.704697986577182, 10.86734693877551, 10.384364820846905, 10.807432432432432, 11.069444444444445, 10.49673202614379, 10.904436860068259, 10.824324324324325, 10.607260726072607, 10.734899328859061, 11.052083333333334, 10.514851485148515, 11.332155477031803, 10.663333333333334, 10.562913907284768, 10.194267515923567, 10.49671052631579, 10.416938110749186, 10.550819672131148, 10.495081967213114, 10.431372549019608, 10.843537414965986, 10.68561872909699, 10.63, 10.50328947368421, 10.757575757575758, 10.123028391167193, 10.557755775577558, 10.580327868852459, 10.078369905956112, 11.28014184397163, 10.783050847457627, 10.683333333333334, 10.68561872909699, 11.13986013986014, 10.420195439739414, 10.332258064516129, 10.501639344262296, 10.656666666666666, 10.989655172413793, 11.0, 11.142857142857142, 10.857142857142858, 10.065830721003135, 11.041666666666666, 10.9553264604811, 10.982817869415808, 10.549342105263158, 10.79054054054054, 10.672240802675585, 10.948453608247423, 10.752508361204013, 10.203821656050955, 10.316129032258065, 11.456834532374101, 10.766891891891891, 10.860068259385665, 10.96896551724138, 10.921768707482993, 10.332258064516129, 10.614617940199336, 10.705685618729097, 10.748322147651006, 11.28014184397163, 10.887372013651877, 10.467320261437909, 11.301418439716311, 10.498360655737704, 11.020761245674741, 10.637873754152825, 11.013793103448275, 10.123417721518987, 10.329032258064515, 10.711409395973154, 10.696969696969697, 10.986254295532646, 10.031347962382446, 10.0375, 10.626666666666667, 11.353571428571428, 10.807432432432432, 10.472131147540983, 10.362459546925566, 10.779661016949152, 10.724832214765101, 10.97594501718213, 10.820945945945946, 10.924657534246576, 10.708053691275168, 11.202797202797203, 10.526315789473685, 10.830508474576272, 10.491803278688524, 10.82312925170068, 10.072100313479623, 10.760942760942761, 9.865030674846626, 11.2, 10.951890034364261, 10.531353135313532, 10.391585760517799, 11.20701754385965, 10.256410256410257, 10.348387096774193, 10.537953795379538, 10.731543624161073, 10.900684931506849, 10.490196078431373, 10.412337662337663, 10.820338983050847, 10.468852459016393, 9.990654205607477, 10.481967213114753, 10.514754098360656, 10.295819935691318, 10.617940199335548, 10.592715231788079, 9.898461538461538, 10.66, 9.956521739130435, 10.938356164383562, 10.911262798634812, 10.35598705501618, 10.617940199335548, 10.901023890784982], "trip_std_length": [5.578026106092317, 5.692051696364416, 5.247796848391123, 5.819563111355913, 5.76864809399416, 5.473004107186708, 5.680746376025294, 5.935827699991749, 6.154383291785972, 5.669050581212469, 5.786661866357456, 6.134436418077762, 5.5039126080232865, 5.295828823724618, 5.491399228364279, 5.981143211418873, 5.165416467187775, 5.46519992607722, 5.495936482720583, 5.983309091842034, 5.956548820628365, 5.695210764980822, 5.512300386912488, 5.640569824891448, 6.232282547865354, 5.44238198162986, 5.921606552538531, 5.462286871248906, 5.718365390112762, 5.497227132527565, 5.658499997545482, 5.553497253795949, 5.928910353802103, 6.071864687373971, 5.88287768453671, 6.150923180211092, 6.1159944343975985, 5.554031012123008, 5.477610055092023, 5.146532699081458, 5.3572768241703566, 6.07899856053358, 5.629216781325557, 5.333342344283046, 6.0204835610737595, 5.640315033622863, 5.664961079094953, 5.652110585226361, 5.828293658061769, 6.010730404048805, 5.723931326501784, 5.694648801311059, 5.647318881151408, 5.9295819873955375, 5.789311031739634, 5.652229048999549, 5.570798005895302, 5.459003693847215, 5.327731207132599, 5.4911435556244985, 5.469282459755493, 5.815675427181388, 5.049429476717428, 5.630245381031327, 5.687581808184586, 5.284194184656173, 5.689870297226428, 5.493774121960488, 5.601910170318546, 5.679370736501819, 5.968773840331429, 5.126016511243961, 5.837497817574288, 5.830325496754088, 5.908553341171082, 5.745734753868127, 5.431022795710274, 5.546558915377999, 5.583525371103721, 5.877987157581357, 5.52726360101616, 5.4231598637813905, 5.854908100712316, 5.562801970563493, 5.286444945107303, 5.61193505879805, 5.635719172253387, 5.816018268437187, 5.765702231491167, 5.68497049441678, 5.523876858354975, 6.04968374296452, 5.717175654571503, 5.301859338278572, 5.3873691450240155, 5.569835549704291, 5.502257644583324, 5.530834261411903, 5.724779471735134, 5.649870955246839, 5.205716054966328, 5.8049804279523665, 5.517670167051274, 5.510729316290181, 5.407251821805925, 6.010885159892194, 6.005679587065837, 5.541635338257311, 5.927219723215484, 5.943911968638891, 5.7223474113913015, 5.669037984996942, 5.489856273411383, 5.465539517945344, 5.559387514489915, 5.692099788303083, 5.707487245019975, 5.715476066494082, 5.761078343760252, 5.585043270497851, 5.412985292160753, 5.703111253540902, 5.522460081942485, 5.616401389918708, 5.907842868034432, 5.652061268045908, 5.669753587966399, 5.364116269874141, 5.7722973999676475, 5.902987298356901, 5.607341815116667, 5.968993489005594, 5.731558339475482, 5.389332080419092, 5.460939721612035, 5.666623057925097, 5.869284121750566, 5.7200120151331735, 6.2316023673680165, 5.908657175066013, 5.807413901014293, 5.626488591879805, 5.669663065805895, 5.959458021073233, 5.595301849592093, 5.918394711169053, 5.449476431958464, 5.926005756389869, 5.8720076509256325, 5.702125326709855, 5.327728482260953, 5.549912174282136, 5.663355343786932, 5.446768664895627, 5.514913685560606, 5.646101156768417, 5.842751741878698, 5.562066544180415, 6.184364638892617, 5.41233870029837, 6.005962562841633, 5.588208548440363, 5.632082289004171, 5.667403756518422, 5.647029593034516, 5.624719137340212, 5.660306461047761, 5.637761882455478, 5.909983114346895, 5.410816316068966, 5.963420181069162, 5.18020694735876, 5.6231351684631425, 5.788163790908286, 5.67184353276022, 5.28710286533793, 5.449862694202224, 5.370708537117244, 5.271461263269995, 5.2819243203512425, 5.899187604725581, 6.052317529349755, 5.562030060411917, 5.283100082658547, 5.60129463427927, 5.880212469218242, 5.099927298552372, 5.564569068396744, 5.4556884455531565, 5.530617661997966, 5.430644903035832, 5.614817191834033, 5.433131758945219, 5.696583771583339, 5.282512843237431, 5.701144565137688, 5.834957859113148, 5.5485038141722685, 5.980328528771517, 5.837424771411326],