{"timestamp": 10000, "trip_avg_length": [10.717832957110609, 10.930715935334874, 10.538631346578367, 10.461538461538462, 10.155361050328228, 10.9, 10.683856502242152, 10.533916849015318, 11.086167800453515, 11.031890660592255, 10.762013729977117, 10.780045351473923, 10.461363636363636, 10.551422319474836, 11.004587155963304, 10.9, 10.689732142857142, 10.957589285714286, 10.521252796420582, 10.443708609271523, 11.10958904109589, 10.481069042316259, 10.820454545454545, 10.544052863436123, 10.389978213507625, 10.39433551198257, 11.045662100456621, 10.42384105960265, 11.100467289719626, 10.802721088435375, 10.701123595505617, 11.022522522522523, 10.838636363636363, 10.344086021505376, 10.551020408163266, 10.235164835164834, 10.961363636363636, 10.84375, 10.721348314606741, 10.34934497816594, 11.006912442396313, 11.179723502304148, 10.473922902494332, 10.761904761904763, 10.393478260869566, 10.353200883002208, 10.344298245614034, 10.54176072234763, 10.967517401392112, 10.62251655629139, 10.680616740088105, 10.557777777777778, 10.371681415929203, 10.682017543859649, 10.868778280542987, 10.399122807017545, 11.042986425339366, 10.541573033707865, 10.693877551020408, 10.676339285714286, 11.26834862385321, 10.717194570135746, 10.975, 10.263498920086393, 10.378787878787879, 10.626423690205012, 10.952914798206278, 10.90888382687927, 10.215217391304348, 10.867117117117116, 10.631929046563194, 10.812917594654788, 10.5, 10.948198198198199, 10.493362831858407, 10.759637188208616, 10.152505446623094, 10.703619909502262, 10.528260869565218, 10.604026845637584, 10.502212389380531, 10.614699331848552, 10.832214765100671, 10.482456140350877, 10.854586129753915, 11.136150234741784, 10.861538461538462, 10.352549889135256, 10.515837104072398, 10.644295302013424, 10.17167381974249, 10.883826879271071, 10.57683741648107, 11.212814645308924, 10.6940133037694, 10.816143497757848, 10.647311827956988, 11.264637002341921, 10.864988558352403, 10.388392857142858, 10.621315192743765, 10.505518763796909, 10.993119266055047, 10.561247216035635, 10.983870967741936, 10.482456140350877, 10.831460674157304, 10.728089887640449, 10.090526315789473, 10.508620689655173, 10.889908256880734, 10.975169300225733, 10.295154185022026, 11.024553571428571, 10.936363636363636, 10.836322869955158, 10.487912087912088, 10.57238307349666, 10.268558951965066, 10.713646532438478, 11.031390134529149, 10.38716814159292, 10.171610169491526, 10.241685144124169, 10.841269841269842, 10.70880361173815, 10.485523385300668, 10.72108843537415, 10.680089485458613, 10.648888888888889, 10.256578947368421, 10.297356828193832, 10.45253863134658, 10.907239819004525, 10.479910714285714, 10.505592841163311, 10.782997762863534, 10.43695652173913, 10.759174311926605, 10.130151843817787, 10.957303370786518, 10.839366515837105, 10.546697038724373, 10.556521739130435, 10.733634311512416, 11.089449541284404, 10.903803131991051, 10.845291479820627, 10.870535714285714, 10.726477024070022, 10.745575221238939, 10.875283446712018, 10.778270509977826, 10.108459869848156, 10.952272727272728, 10.470982142857142, 10.526785714285714, 10.676923076923076, 10.722222222222221, 10.886666666666667, 10.955849889624725, 10.38074398249453, 10.885135135135135, 10.346578366445916, 10.94050343249428, 9.938689217758986, 10.533185840707965, 10.515555555555556, 10.701793721973095, 10.47787610619469, 10.807692307692308, 10.400881057268723, 10.269396551724139, 11.020594965675057, 10.668903803131991, 10.774774774774775, 10.562913907284768, 10.494505494505495, 10.496659242761693, 11.36448598130841, 10.318082788671024, 10.216450216450216, 10.349785407725323, 10.467105263157896, 10.491111111111111, 10.926605504587156, 10.752808988764045, 10.942922374429223, 10.676404494382023, 10.690582959641256, 10.967667436489608, 10.876146788990825, 10.266949152542374, 10.341935483870968, 10.538116591928251, 10.562913907284768, 10.629796839729119, 10.861297539149888, 10.874157303370787, 10.44150110375276], "trip_std_length": [5.567101267525744, 5.533004370387329, 5.761747564075502, 5.793720913949902, 5.431081907890139, 5.420639568661002, 5.791679466844912, 5.755736229010472, 5.304070576389986, 5.627291440282468, 5.577670713676141, 5.5882254735757995, 5.561912518888498, 5.84613837188462, 5.455825694051426, 5.703985847234769, 5.68438351975666, 5.796048953741757, 5.4217121086323266, 5.502119713851655, 5.801263389016082, 5.700796858858253, 5.632054346064569, 5.458416881462153, 5.185700529122257, 5.595988539952844, 5.742393570833819, 5.569275244353154, 6.120419306871114, 5.8785587445510865, 5.51550407980876, 5.807298680213068, 5.854979074145158, 5.52627083356703, 5.4028425458777924, 5.571481023660154, 5.781306706221782, 5.709301327814614, 5.176317547309772, 5.5481427718863365, 5.806197876834753, 5.776557895642153, 5.570400823680429, 5.695206242943258, 5.525392064543358, 5.530467061043615, 5.6496671954922695, 5.71757763089576, 5.505016746745442, 5.773588783571174, 5.464480707200579, 5.7963585844481855, 5.724415478550676, 5.586028259773705, 5.762334623861784, 5.334709180222481, 5.904631064202116, 5.696141193111095, 5.690759799544992, 5.247888435146306, 5.885685326992063, 5.608584508043177, 5.646947083481158, 5.729287633348145, 5.36275275819059, 5.4352124277563805, 5.759377459733157, 5.537685213524621, 5.755091031324177, 5.659871371439331, 5.5229615881789345, 5.715271823996002, 5.386698415893408, 5.90651811247284, 5.354466353456705, 5.6925223541696655, 5.712678369947591, 5.707852455734661, 5.229646386062008, 5.612568340949592, 5.650396999837773, 5.611859654773724, 5.1835258114091465, 5.494387018059129, 5.334357025308124, 5.908159251635634, 5.301933489967334, 5.672304944835093, 5.559303713903358, 5.672344100162566, 5.434800061158206, 5.38983164182376, 5.734201518799205, 5.986102944504976, 5.571501335425076, 5.658622486593014, 5.441805349505172, 5.884743108159348, 5.516987355884999, 5.374464184849937, 5.561399120278093, 5.539988325529118, 5.860570188192421, 5.572475649000725, 5.738721075102076, 5.668832077709598, 5.906073725851638, 5.822486220651194, 5.432283104090921, 5.392356802976452, 5.880054061945325, 5.716935923054639, 5.470072630208049, 6.053100207507728, 5.7489560676499, 5.799151702598064, 5.2639523688690435, 5.595873748301469, 5.427563336793865, 5.621018950386912, 5.424070364876489, 5.467370138226016, 5.008699968400573, 5.487065281972351, 5.732290857781564, 5.811841975358004, 5.902352387105411, 5.493491072786262, 5.855694334928833, 5.628207617674948, 5.366191326167049, 5.7401240274620555, 5.762447814395289, 5.682233332002429, 5.511720303708614, 5.387809592966385, 5.540970198887686, 5.68850323003421, 5.541278233030163, 5.433923908575513, 5.752613234029011, 6.137857273217594, 5.6097037449755, 5.731213247908829, 5.800009505860985, 5.759617299796442, 5.639994513197153, 5.452675550126729, 5.680183887756144, 5.551984215259998, 5.671255957735206, 5.9894352546984635, 5.561952442169292, 5.792615728428729, 5.889126676896067, 5.48285126225095, 5.3751408975363, 5.560754888335645, 5.867476795916391, 5.714546740069981, 5.618700445575798, 5.5777281688214835, 5.920863609528546, 5.506285230002681, 5.735284241437363, 5.739817160002947, 6.01077612903923, 5.6968590002856665, 5.510963098347759, 5.213745184788663, 5.6369526293955525, 5.563220877918961, 5.348486216516219, 6.0559584753882545, 5.799598412939689, 5.436255807219327, 5.539235320239193, 5.4284023642312835, 5.883850721002963, 5.866334370063836, 5.600256746536981, 5.461465753646866, 5.550777113467286, 5.503887497524899, 5.810041966657469, 5.489283006635946, 5.5584350292821325, 5.7436828629017045, 5.806118865974283, 5.859586535642104, 5.5894050516727445, 5.771909182539216, 5.448208461328595, 5.4918575618554275, 5.584421801436696, 5.589618442680269, 5.621083875164812, 5.640894237782762, 5.715139132260766, 5.621564396825748],