{"timestamp": 10000, "trip_avg_length": [10.170491803278688, 10.781879194630873, 10.986230636833046, 10.483498349834983, 10.737976782752902, 10.29064039408867, 10.667785234899329, 10.868824531516184, 10.875213675213676, 10.799325463743676, 10.118122977346278, 10.782534246575343, 10.944444444444445, 10.189627228525122, 10.290322580645162, 10.527363184079602, 10.403333333333334, 10.411290322580646, 10.370309951060358, 11.03020134228188, 10.825127334465195, 10.61139028475712, 10.02839116719243, 11.144097222222221, 10.593080724876442, 10.618090452261306, 10.741610738255034, 10.243630573248408, 10.988274706867672, 10.332781456953642, 10.614457831325302, 10.969335604770016, 10.526916802610113, 11.079037800687285, 10.418300653594772, 10.598673300165837, 10.81135225375626, 10.408196721311475, 10.959044368600683, 10.973063973063972, 10.490066225165563, 10.70945945945946, 10.94949494949495, 10.680602006688963, 10.805084745762711, 10.698175787728026, 11.00509337860781, 10.865187713310581, 10.127591706539075, 10.436974789915967, 10.655405405405405, 10.636065573770491, 10.437601296596434, 10.761194029850746, 10.707438016528926, 10.747028862478778, 10.766666666666667, 11.0, 10.484602917341977, 10.313311688311689, 10.862876254180602, 10.651591289782244, 11.131175468483816, 10.841216216216216, 10.760399334442596, 10.655629139072847, 10.699335548172758, 10.823333333333334, 11.036332179930795, 10.618968386023294, 10.583473861720067, 10.626262626262626, 10.66006600660066, 10.821963394342761, 11.23458904109589, 11.128378378378379, 10.498366013071895, 10.756432246998285, 10.634228187919463, 10.223832528180354, 10.944350758853288, 10.592715231788079, 10.228295819935692, 10.731958762886597, 10.954081632653061, 10.574290484140233, 10.737976782752902, 10.56, 10.795952782462058, 10.450320512820513, 10.379084967320262, 11.087478559176672, 10.532883642495785, 10.548172757475083, 10.935652173913043, 10.628524046434494, 10.737104825291182, 10.32279534109817, 10.569331158238173, 10.878378378378379, 11.068561872909699, 10.635, 10.931623931623932, 11.429078014184396, 11.10204081632653, 10.704507512520868, 10.722129783693843, 10.360330578512396, 10.88758389261745, 10.817567567567568, 10.763727121464226, 10.750421585160202, 10.76, 10.97133220910624, 10.469115191986644, 10.502546689303905, 11.284722222222221, 10.984536082474227, 10.390048154093098, 10.639261744966444, 10.516835016835017, 10.625212947189096, 10.771573604060913, 10.303715670436187, 10.319422150882826, 10.558823529411764, 10.84641638225256, 10.499176276771005, 10.897610921501707, 10.483388704318937, 10.665016501650165, 10.83445945945946, 10.835845896147404, 11.11340206185567, 10.53, 10.469820554649266, 11.082474226804123, 10.878216123499142, 10.757264957264958, 10.724315068493151, 10.403624382207578, 10.731871838111298, 10.724369747899159, 10.729684908789386, 10.846153846153847, 10.781786941580757, 10.831918505942275, 10.85304054054054, 10.448275862068966, 10.63953488372093, 10.465, 10.462295081967213, 10.749579831932772, 10.549918166939444, 10.708263069139965, 10.199675324675324, 10.289176090468498, 10.608333333333333, 10.682565789473685, 10.601666666666667, 10.893939393939394, 10.878424657534246, 10.841296928327646, 11.141135972461274, 10.536912751677852, 10.600985221674877, 10.708609271523178, 10.259380097879282, 10.746218487394957, 11.03204047217538, 10.55718954248366, 10.28225806451613, 10.732323232323232, 10.363636363636363, 10.632890365448505, 10.342762063227953, 11.003454231433507, 10.582362728785357, 10.426890756302521, 10.118892508143322, 10.230407523510971, 11.003378378378379, 10.611205432937181, 10.957264957264957, 10.309409888357257, 10.615771812080537, 10.493399339933994, 10.275526742301459, 10.39870340356564, 10.523026315789474, 10.809027777777779, 10.529215358931552, 10.964467005076141, 10.592654424040067, 10.339774557165862, 10.703826955074875, 10.844856661045531, 10.451400329489292, 10.1712, 10.473063973063972], "trip_std_length": [5.5160375497210685, 5.852155613762158, 5.579019254630372, 5.8855047905371904, 5.886798386495163, 5.484648923124273, 5.722061022318592, 5.474565549327052, 5.711869572580589, 5.700377155384976, 5.668909277728481, 5.5535040538586475, 5.721278239288667, 5.515972624473635, 5.22613499564601, 5.628095022108434, 5.520626977275518, 5.883289754471357, 5.466036263370237, 5.5447321235455, 5.786963294236914, 5.544678065589371, 5.3057151732810794, 5.666825967515095, 5.782506559197084, 5.594464334902713, 5.610125082900624, 5.534737509856662, 5.959511340313349, 5.473311364851245, 5.7275549439080145, 5.665497964928258, 5.591126428129614, 5.685389162869944, 5.522224117484282, 5.434500521496234, 6.028823754893656, 5.554994653520828, 5.430136024425651, 5.854804499717662, 5.637055205188495, 5.754555631725767, 5.608808135526918, 5.484852199555233, 5.593668446353735, 5.324786060428235, 5.741899841154277, 5.586177148588485, 5.311327106809493, 5.629213500091869, 5.528443451624392, 5.570591185828889, 5.5573986851525925, 5.6285831690909545, 5.867295057134962, 5.84916625180651, 5.492621313078928, 5.851353857776157, 5.295192726356818, 5.370755775880067, 5.599921740501124, 5.833182240915891, 5.932743358942635, 5.855967492872111, 5.523132039678214, 5.733365062100081, 5.395423761406354, 5.8004702874470055, 5.836918213300306, 5.715341726346497, 5.473547924952658, 5.488437540693905, 5.68130127295314, 5.687062423341202, 5.864167556651382, 5.937774637068468, 5.804691359110419, 5.576139651388792, 5.840190212633691, 5.31789542213322, 5.653449390284024, 5.928632949846567, 5.403878265764727, 5.738305838416658, 5.689194945032892, 5.4772932510522905, 5.641089531048507, 5.553053214223685, 5.833309926558695, 5.166841384953822, 5.567478555267976, 5.468848093907905, 5.733486260832557, 5.597089744206926, 5.740870882341168, 5.452157268725925, 5.756926315577469, 5.457044128647691, 5.7821099218263745, 5.787516161211929, 5.676948189049732, 5.762387381401335, 5.6240121574781, 5.744587819927913, 5.704139437235249, 5.832769357703131, 5.4688036261409705, 5.703913102783585, 5.635676760752595, 5.852392860307703, 5.7276585063593615, 5.551394458093262, 5.4493791695323734, 5.830736815971414, 5.716621728935644, 5.425721014101495, 5.7749016278832315, 5.6712424659685094, 5.566210012042549, 5.467635292938826, 5.544787288720611, 5.600490798701489, 5.656878543007212, 5.7865787356246345, 5.603460721531265, 5.430319498680259, 5.582178106586759, 5.459714614404191, 5.7296690061721955, 5.59934943525392, 5.520887183846216, 5.954185591595821, 5.813965871832373, 5.8715511137141565, 5.588002028155203, 5.5336272438165715, 5.577637178042829, 5.912795867041031, 5.5727560159725575, 5.5853610530128375, 5.429511163696387, 5.576142813056487, 5.438239433143235, 5.805432727579303, 5.602771374954568, 6.00419196940481, 5.407716289751018, 5.654198172272479, 5.6890729661817945, 5.602677793230947, 5.511694385576907, 5.633569288587838, 5.691758363532041, 5.568091742792242, 5.721255524267811, 5.289729072534784, 5.505062654507975, 5.579868327797311, 5.789585590649923, 5.7002629081668, 5.878442924379051, 5.662355890495128, 5.356926015771986, 5.654180189461793, 5.549379903605031, 5.530040280048652, 5.570843449727428, 5.5705117580921355, 5.5268145416209995, 5.528767512212425, 5.335017866018849, 5.174005255603787, 5.7258406810658355, 5.6169754515344374, 5.567148057395605, 5.591678957970499, 5.772304953472618, 5.714239598106436, 5.559996636825529, 5.506632194181485, 5.581980931460716, 5.908364610477531, 5.686185870367269, 5.65412361795023, 5.45884624834699, 5.742665550576894, 5.472022088608322, 5.610415247058154, 5.936989365601522, 5.664942634479105, 5.728976217373257, 5.561499949490077, 5.354166239510661, 5.4998266294523335, 5.5061534262169145, 5.800235407180272, 5.538113657951735, 5.537994615857957, 6.019259967803351, 5.591911700899337],