{"timestamp": 10000, "trip_avg_length": [11.566951566951566, 10.827586206896552, 11.216666666666667, 10.929411764705883, 11.239010989010989, 11.902298850574713, 11.41782729805014, 11.247340425531915, 10.631578947368421, 11.154518950437318, 11.283667621776504, 10.71508379888268, 11.87912087912088, 10.75072463768116, 10.620396600566572, 11.084033613445378, 11.688524590163935, 11.05121293800539, 11.056497175141242, 11.211267605633802, 11.173789173789174, 11.284552845528456, 11.303977272727273, 11.277310924369749, 11.154069767441861, 10.919402985074626, 11.011204481792717, 11.0], "trip_std_length": [6.392698969040021, 5.853983605943932, 6.419393360054446, 5.485892571044211, 5.847937093764475, 6.252052113892387, 5.840814493058215, 6.290400771241357, 5.7017273953477225, 6.106635137178286, 6.224758060325078, 5.729210302589858, 6.0339427542206945, 6.017501604640978, 6.036511464764871, 6.0236413304928735, 5.959446696379703, 6.10378057787119, 6.3350139139184245, 6.066104146809262, 6.008161320344087, 5.98261300807506, 5.6855264887281045, 5.987743367915889, 6.078659368319855, 5.919566311412937, 5.927657999711905, 5.78972290916435], "trip_avg_price": [472188, 434058, 467088, 426652, 472258, 480833, 475798, 489277, 443155, 440865, 455172, 440107, 502367, 426006, 431580, 456007, 497074, 474766, 451365, 459799, 452342, 480567, 459152, 464016, 442639, 420621, 454408, 456161], "trip_num_completed": [0, 0, 0, 0, 0, 0, 0, 0, 0, 0, 0, 0, 0, 0, 0, 0, 0, 0, 0, 0, 0, 0, 0, 0, 0, 0, 0, 0], "ratio_serving": [0.4071, 0.3768, 0.4042, 0.3719, 0.4091, 0.4149, 0.4107, 0.4229, 0.3847, 0.3826, 0.3945, 0.3836, 0.4329, 0.3709, 0.3749, 0.3957, 0.4282, 0.41, 0.3914, 0.398, 0.3922, 0.4164, 0.3979, 0.4026, 0.3837, 0.3658, 0.3931, 0.3949], "ratio_cruising": [0.139, 0.144, 0.1478, 0.1421, 0.1505, 0.1492, 0.1491, 0.1529, 0.1431, 0.15, 0.1493, 0.1559, 0.1491, 0.149, 0.1375, 0.143, 0.15, 0.1431, 0.1499, 0.1486, 0.1485, 0.1475, 0.1507, 0.1474, 0.1409, 0.1412, 0.1367, 0.144], "ratio_online": [0.6164, 0.5784, 0.6156, 0.5845, 0.6259, 0.6237, 0.6173, 0.6412, 0.5944, 0.5825, 0.6013, 0.5932, 0.652, 0.5718, 0.5835, 0.6141, 0.6412, 0.6237, 0.5966, 0.6041, 0.5991, 0.6436, 0.6059, 0.6224, 0.5898, 0.5661, 0.6047, 0.6033], "ratio_waiting": [0.2446, 0.2776, 0.2366, 0.2734, 0.2236, 0.2271, 0.2336, 0.2059, 0.2625, 0.2675, 0.2494, 0.2509, 0.1989, 0.2792, 0.279, 0.2429, 0.2088, 0.2332, 0.2535, 0.2473, 0.2524, 0.2089, 0.2434, 0.2302, 0.2693, 0.2927, 0.2586, 0.2527], "ratio_to_request": [0.2093, 0.2016, 0.2114, 0.2126, 0.2168, 0.2088, 0.2066, 0.2183, 0.2097, 0.1999, 0.2068, 0.2096, 0.2191, 0.2009, 0.2086, 0.2184, 0.213, 0.2137, 0.2052, 0.2061, 0.2069, 0.2272, 0.208, 0.2198, 0.2061, 0.2003, 0.2116, 0.2084]}