{"timestamp": 10000, "trip_avg_length": [7.479201331114808, 7.586690017513135, 7.045454545454546, 7.371753246753247, 7.342271293375394, 7.550173010380623, 7.3096539162112935, 7.280201342281879, 7.231729055258467, 7.310509554140127, 7.338283828382838, 7.298076923076923, 7.332755632582322, 7.491258741258742, 7.4310051107325386, 7.319078947368421, 7.620209059233449, 7.447457627118644, 7.382594417077176, 7.473773265651438, 7.563157894736842, 7.310789049919484, 7.538200339558574, 7.344103392568659, 7.251192368839428, 7.185737976782753, 7.262725779967159, 7.683788121990369, 7.198581560283688, 7.367278797996661, 7.408496732026144, 6.914100486223663, 7.228896103896104, 7.410958904109589, 7.377813504823151, 7.3230519480519485, 7.242700729927007, 7.240875912408759, 7.35108153078203, 7.348837209302325, 7.026132404181185, 7.561056105610561, 7.332794830371567, 7.350936967632027, 7.202360876897133, 7.584158415841584, 7.212317666126419, 7.373927958833619, 7.186046511627907, 7.338842975206612, 7.381533101045296, 7.809523809523809, 7.1763727121464225, 7.163025210084034, 7.411003236245954, 7.3951890034364265, 7.36144578313253, 7.345826235093697, 7.203957382039574, 7.375963020030817, 6.998307952622674, 7.6843853820598005, 7.359797297297297, 7.586666666666667, 7.206837606837607, 7.264559068219634, 7.395424836601308, 7.347107438016529, 7.205084745762712, 7.380560131795717, 7.474631751227496, 7.150501672240803, 7.009375, 7.390284757118928, 7.3814935064935066, 7.5993265993265995, 7.37948717948718, 7.310924369747899, 7.736486486486487, 7.496710526315789, 7.4054514480408855, 7.378289473684211, 7.267886855241264, 7.386980108499096, 7.3125, 7.556650246305419, 7.194620253164557, 7.478260869565218, 7.185737976782753, 7.329581993569132, 7.484297520661157, 7.074336283185841, 7.134206219312603, 7.3221690590111645, 7.375643224699829, 7.658105939004815, 7.47108843537415, 7.183168316831683, 7.446227929373997, 7.261666666666667, 7.60387323943662, 7.395659432387312, 7.437177280550775, 7.435351882160393, 7.520391517128874, 7.363636363636363, 7.379661016949153, 7.304347826086956, 7.488262910798122, 7.461157024793389, 7.652684563758389, 7.385786802030457, 7.5364238410596025, 7.448630136986301, 7.509274873524452, 7.306368330464716, 7.270034843205575, 7.571672354948806, 7.629984051036683, 7.2061688311688314, 7.30278232405892, 7.634974533106961, 7.6211072664359865, 7.41852487135506, 7.579734219269103, 7.6281833616298815, 7.444827586206896, 7.200692041522491, 7.252911813643927, 7.301184433164129, 7.848484848484849, 7.391233766233766, 7.412844036697248, 6.779742765273312, 7.3595317725752505, 7.546218487394958, 7.346483704974271, 7.316666666666666, 7.370429252782194, 7.345483359746434, 7.038961038961039, 7.448160535117057, 7.559859154929577, 7.642054574638844, 7.436988543371522, 7.303776683087028, 7.417618270799347, 7.456869009584665, 7.487644151565074, 7.45777027027027, 7.586505190311419, 7.712480252764613, 7.76140350877193, 7.525337837837838, 7.2462311557788945, 7.40650406504065, 7.426446280991735, 7.452762923351159, 7.218597063621534, 7.542429284525791, 7.592920353982301, 7.3941979522184305, 7.486486486486487, 7.151162790697675, 7.314194577352472, 7.409240924092409, 7.6068376068376065, 7.510135135135135, 7.33015873015873, 7.518341307814992, 7.534246575342466, 7.514376996805112, 7.215559157212318, 7.371681415929204, 7.338709677419355, 7.294915254237288, 7.170506912442396, 7.56507413509061, 7.504966887417218, 7.365609348914858, 7.518987341772152, 7.550955414012739, 7.016977928692699, 7.429519071310116, 7.405594405594406, 7.393548387096774, 7.364261168384879, 7.4614093959731544, 7.306188925081433, 7.138513513513513, 7.2479608482871125, 7.286449399656947, 7.238486842105263, 7.315359477124183, 7.636363636363637, 7.4206896551724135, 7.539898132427844, 7.426785714285714, 7.437392795883362, 7.455759599332221], "trip_std_length": [4.146243015368741, 3.825085153896426, 3.8861073052855377, 3.9038501862616566, 3.7908088932576343, 4.156340256755816, 3.866949027339753, 3.9697273873568553, 3.843153790406224, 4.0777574854055905, 3.8231645470427873, 3.814311295732102, 3.9314117217262434, 4.116943561636025, 3.850254025333795, 3.846584841276185, 4.018512382479482, 4.070953577218187, 3.901886937909015, 4.158318571590995, 4.040632727026595, 3.9788121843502746, 3.954407073269067, 4.184691305280391, 3.892904883910252, 3.9848796612645767, 3.986010816003387, 4.105492202888821, 3.8324294799154783, 3.905648207481343, 4.048697809090687, 3.7391544571911357, 4.074534004379147, 4.096726446036346, 4.130938447128634, 3.864740852171625, 3.87221074629495, 4.079994896671446, 3.9486980092676536, 3.8787144208122357, 3.9417819096931423, 4.061661880865507, 3.929393863023262, 4.046094502536306, 3.909541382205546, 4.067339104875119, 3.7215014105007267, 3.939178176772494, 3.9719035643815634, 3.8589891174245445, 3.8166708067127986, 3.9453465801103214, 4.044532574716254, 3.835523159482612, 4.062139738169615, 4.193987377057408, 4.012908685690957, 4.05137309768183, 3.7737920463563723, 3.9202891750341333, 3.774748746796623, 3.989611348066817, 4.131365517597383, 3.992804639459447, 3.96091430556401, 3.8574721896727007, 4.110067980756762, 3.8921636545855707, 3.9488648327581974, 3.690026321000849, 3.9456945381167596, 4.0171985716055385, 3.771592781488346, 3.8375871056283843, 3.9016623634048324, 4.044916111352414, 3.8749146880388508, 4.123203248433615, 4.1441288434891845, 4.13346289388841, 3.8355244706361655, 4.054114507820515, 3.772187874198012, 4.002979508937239, 3.976233391703022, 3.9200330848991, 3.950456973418431, 3.994955861801751, 3.9752963001889228, 4.0877504429443245, 4.078385036570576, 3.9422552900426644, 3.8090672874972227, 3.995795607386888, 4.144212963533561, 4.04036149015412, 4.16384431692403, 3.8004403767824098, 3.8760797979058164, 3.7536467453516305, 4.023669292509147, 4.015252371921852, 4.26428085046819, 3.9018641730735726, 3.8620154459965126, 3.9914585879117404, 4.121657543032856, 4.177049804774129, 4.035767699729889, 3.8501555598244788, 4.187129870389345, 3.8097836047853333, 4.005004872940766, 3.993671985991652, 3.978483230644405, 4.025620709278198, 3.8732407716847406, 4.002450137208439, 4.196177401449398, 4.129954041763716, 4.071574302353987, 3.9873568279043763, 4.0108034235899375, 3.9242134240172684, 4.028691278533601, 3.9210312207314377, 4.197132535672137, 3.872697378857088, 3.9890777261627686, 3.96737737044095, 4.017368977022433, 3.9593536839620675, 3.9788685155140326, 3.8347758791297117, 3.9303511269900526, 4.057875213258893, 3.9503805517435686, 3.869503269872705, 4.02233232930987, 4.010423152615607, 3.872368175186384, 4.152988402329177, 4.071535680436078, 4.233395127081517, 3.975440985517034, 3.911332806667542, 4.080569028122352, 3.9850630581072, 3.984661144125518, 3.810313231244542, 4.118524011759575, 3.935432956223188, 4.062570026860532, 3.9638612276177807, 3.879423021757602, 4.091707653080332, 3.739884839236448, 3.786409277706844, 4.022917219923877, 3.9187182641799634, 4.092810809344861, 4.0697712476988785, 3.9240879237857516, 3.964804500558888, 3.970204753750247, 3.9482017987440496, 3.953916731626629, 4.235854677229066, 3.883078263465927, 3.903243462742491, 4.196646383805461, 4.088941411204517, 3.944577681172615, 4.0286467353161175, 4.035501921003442, 4.076115786882457, 3.7301597493041183, 3.8125734004145375, 4.162467329652779, 3.9315791711403087, 4.150600870008853, 3.8831190732278085, 3.968430219278821, 4.134102512392456, 4.033058778175747, 3.862135084244078, 3.94218889959718, 4.09536331699237, 3.982542622031092, 3.9069934464186047, 3.969358565844363, 3.979614208151883, 3.9014208376511306, 3.9312173647377238, 3.9783620441881964, 4.015348081303901, 3.9702442466953545, 4.205225960950619, 3.9964531524089226, 3.9921830190678125],