{"timestamp": 10000, "trip_avg_length": [7.076458752515091, 7.536382536382536, 7.527272727272727, 7.506198347107438, 7.264646464646464, 7.6094069529652355, 7.767391304347826, 7.385892116182573, 7.5578512396694215, 7.390342052313883, 7.316666666666666, 7.074148296593187, 7.657446808510638, 7.3279678068410465, 7.396659707724426, 7.633333333333334, 7.335341365461847, 7.797872340425532, 7.154761904761905, 7.444915254237288, 7.527659574468085, 6.9468302658486705, 7.402862985685071, 7.3052631578947365, 7.524109014675052, 7.1835051546391755, 7.515274949083503, 7.295454545454546, 7.6976744186046515, 7.364583333333333, 7.534303534303534, 7.2710084033613445], "trip_std_length": [3.7714095928059987, 4.06128040848802, 4.061989813976908, 3.910407126443834, 4.104772121317096, 3.9770293216146055, 4.216456081872449, 3.8821391380418433, 4.1563901229195785, 3.9167066304070133, 3.75717831475815, 4.118061423269904, 4.094586185978347, 3.8840180318065216, 4.019948860675657, 4.169199230334552, 3.932410379079696, 3.8981168045610057, 4.1336617984476645, 4.092305666831872, 4.035254329175763, 3.8170368240802435, 4.076376150339832, 3.9258218964093197, 3.8751405591146852, 4.1064867069936675, 3.95510328971899, 3.9266913500653047, 3.9139171215519246, 3.908643711023329, 3.813665108888375, 3.9455431499133984], "trip_avg_price": [362908, 378041, 392337, 379555, 374033, 391582, 370761, 369032, 383527, 386135, 362182, 364936, 375674, 380792, 366600, 383618, 382000, 383719, 376644, 362618, 366017, 346186, 377497, 356367, 373167, 358418, 388072, 364998, 380242, 365649, 378207, 355237], "trip_num_completed": [0, 0, 0, 0, 0, 0, 0, 0, 0, 0, 0, 0, 0, 0, 0, 0, 0, 0, 0, 0, 0, 0, 0, 0, 0, 0, 0, 0, 0, 0, 0, 0], "ratio_serving": [0.3517, 0.3625, 0.3726, 0.3636, 0.3596, 0.3722, 0.3573, 0.356, 0.3664, 0.3683, 0.3512, 0.353, 0.3608, 0.3644, 0.3543, 0.3664, 0.3653, 0.3665, 0.3614, 0.3514, 0.3538, 0.3397, 0.362, 0.347, 0.359, 0.3484, 0.3696, 0.3531, 0.3641, 0.3535, 0.3626, 0.3461], "ratio_cruising": [0.0, 0.0, 0.0, 0.0, 0.0, 0.0001, 0.0, 0.0, 0.0, 0.0, 0.0, 0.0, 0.0, 0.0, 0.0, 0.0, 0.0, 0.0, 0.0, 0.0002, 0.0, 0.0, 0.0, 0.0, 0.0, 0.0, 0.0, 0.0, 0.0003, 0.0, 0.0, 0.0], "ratio_online": [0.9994, 0.9993, 0.9981, 0.9995, 0.9989, 0.9995, 0.9993, 0.9986, 0.9991, 0.9995, 0.9996, 0.9978, 0.9992, 0.9986, 0.999, 0.9984, 0.999, 0.9987, 0.9982, 0.9982, 0.9981, 0.9988, 0.9981, 0.9991, 0.9991, 0.9984, 0.9986, 0.9984, 0.9993, 0.9977, 0.9991, 0.9981], "ratio_waiting": [0.0006, 0.0007, 0.0019, 0.0005, 0.0011, 0.0004, 0.0007, 0.0014, 0.0009, 0.0005, 0.0004, 0.0022, 0.0008, 0.0014, 0.001, 0.0016, 0.001, 0.0013, 0.0018, 0.0016, 0.0019, 0.0012, 0.0019, 0.0009, 0.0009, 0.0016, 0.0014, 0.0016, 0.0004, 0.0023, 0.0009, 0.0019], "ratio_to_request": [0.6477, 0.6368, 0.6255, 0.6359, 0.6393, 0.6273, 0.642, 0.6426, 0.6327, 0.6312, 0.6484, 0.6448, 0.6384, 0.6342, 0.6447, 0.632, 0.6337, 0.6322, 0.6368, 0.6468, 0.6443, 0.6591, 0.6361, 0.6521, 0.6401, 0.65, 0.629, 0.6453, 0.6352, 0.6442, 0.6365, 0.652]}