{"timestamp": 10000, "trip_avg_length": [10.841584158415841, 11.461538461538462, 11.334975369458128, 11.080882352941176, 11.004807692307692, 11.007518796992482, 11.29656862745098, 11.516372795969774, 11.19047619047619, 11.118686868686869, 11.45873786407767, 11.620498614958448, 11.870324189526185, 11.063131313131313, 11.238805970149254, 11.281481481481482, 11.082568807339449, 10.840963855421688, 11.78117048346056, 10.970443349753694, 10.733850129198967, 11.334916864608076, 11.427160493827161, 11.542288557213931, 10.976253298153035, 11.410126582278481, 11.42065491183879, 11.668449197860962, 11.253041362530414, 11.692913385826772, 11.62135922330097, 11.51980198019802, 11.218045112781954, 11.617486338797814, 11.150395778364116, 11.11910669975186, 10.630379746835443, 10.21377672209026, 11.280092592592593, 11.268765133171913, 11.153246753246753, 11.8997668997669, 11.773869346733669, 11.359413202933986, 10.4325, 11.293963254593177, 11.336043360433605, 11.601648351648352, 11.43969849246231, 11.222784810126582, 11.035885167464114, 10.89119170984456, 11.188144329896907, 11.064837905236908, 11.167567567567568, 11.599483204134367, 11.266990291262136, 11.154450261780104, 11.660714285714286, 11.391959798994975, 10.660287081339712, 11.611793611793612, 10.554455445544555, 11.556354916067146, 11.082914572864322, 11.625615763546797, 10.95360824742268, 11.259803921568627, 11.33838383838384, 11.501291989664082, 10.8925, 10.893034825870647, 11.63132530120482, 11.370967741935484, 11.219321148825065, 10.671497584541063, 10.472361809045227, 12.314814814814815, 11.787564766839377, 12.038071065989847, 11.387654320987654, 10.646039603960396, 11.471882640586797, 11.397674418604652, 11.600985221674877, 11.340599455040872, 11.682266009852217, 11.28009828009828, 11.038369304556355, 11.621409921671018, 11.325842696629213, 11.450738916256158, 11.270731707317074, 11.026829268292683, 10.937655860349127, 11.444155844155844, 11.365535248041775, 10.919896640826874, 11.576555023923445, 10.990498812351545], "trip_std_length": [5.804117134264599, 6.241414221095243, 5.654773333440988, 5.904951993452842, 5.949303123503243, 6.086053213562822, 6.348752231135587, 5.941601522905498, 5.884758745057298, 6.114113024279642, 6.090398807164756, 6.263159732474146, 6.678819175624287, 6.00156160595137, 6.0097504991351265, 6.399056857804136, 5.849219253737465, 5.6847934157202635, 6.234432145515922, 5.756051713677926, 6.092649564561943, 6.048453743648082, 6.310700541138103, 6.165580332146977, 6.0970139063612505, 6.550980116769249, 6.132613117725185, 6.176739119564826, 6.355196677788525, 6.0961394061458805, 6.20267168376577, 6.4460521313126256, 5.953459867922798, 6.60196362729697, 5.999214425405, 6.254384641330983, 5.635339542079653, 5.905181125178833, 5.856918352172856, 5.803724084161798, 5.474844110111441, 6.3537317149507535, 6.014983017976678, 5.9480567924969785, 5.480460176846466, 6.073278703787015, 6.2444187813453915, 5.9344493923724, 6.115729116193836, 5.838847410257918, 6.067495507080354, 6.064299260659291, 6.026416389085042, 6.352550534268383, 6.138846359358817, 6.244981426279487, 6.04767287907778, 6.033911027634641, 5.607910547992516, 5.68849104157176, 5.818170013838441, 5.9882488099597, 5.412627786477248, 6.219202424724094, 6.452038713892418, 6.508254250512049, 5.99509355843301, 6.02496049623241, 6.32668242599032, 6.187164623856447, 5.8814066132176235, 5.783490075767279, 6.11153221004521, 6.055923620013098, 6.094464599607686, 5.649873597726238, 5.734756061522985, 6.61278564301123, 6.225590741447927, 6.622609507233909, 6.132717012432589, 5.768294972478491, 6.05555507871988, 5.800360388646795, 6.281052829351286, 5.885933230582648, 6.394658391887966, 6.026165061347588, 5.975847890659132, 6.2028597040562214, 6.042499819209206, 5.854246654139224, 6.344375035143779, 6.025293207732165, 6.029735418592283, 5.848531695109433, 6.347390052907142, 5.8093119571661385, 6.468926506129839, 5.990087218215405], "trip_avg_price": [517463, 566297, 546607, 536176, 542765, 519930, 547209, 543384, 556417, 521645, 560042, 496503, 567099, 516966, 534716, 541830, 574131, 532779, 550188, 526159, 491259, 566324, 551034, 550080, 492097, 533904, 538308, 518135, 549629, 528548, 569630, 551585, 531225, 503870, 501064, 530177, 495698, 506133, 581348, 553080, 509299, 609624, 556325, 550049, 491655, 510224, 497483, 501463, 542180, 525741, 547144, 498348, 514642, 525733, 489420, 534946, 551738, 503778, 542201, 538578, 529636, 562965, 505633, 573632, 522622, 562047, 502825, 543510, 532688, 527764, 515686, 518675, 573725, 499999, 509574, 521236, 492125, 553987, 540132, 564708, 547499, 511355, 556840, 584077, 559995, 494509, 563720, 545343, 544620, 528859, 476387, 554503, 552424, 536722, 519602, 521610, 516762, 499023, 574717, 546765], "trip_num_completed": [0, 0, 0, 0, 0, 0, 0, 0, 0, 0, 0, 0, 0, 0, 0, 0, 0, 0, 0, 0, 0, 0, 0, 0, 0, 0, 0, 0, 0, 0, 0, 0, 0, 0, 0, 0, 0, 0, 0, 0, 0, 0, 0, 0, 0, 0, 0, 0, 0, 0, 0, 0, 0, 0, 0, 0, 0, 0, 0, 0, 0, 0, 0, 0, 0, 0, 0, 0, 0, 0, 0, 0, 0, 0, 0, 0, 0, 0, 0, 0, 0, 0, 0, 0, 0, 0, 0, 0, 0, 0, 0, 0, 0, 0, 0, 0, 0, 0, 0, 0], "ratio_serving": [0.438, 0.4768, 0.4606, 0.4521, 0.4578, 0.4394, 0.4609, 0.4584, 0.4703, 0.4403, 0.4721, 0.4195, 0.4765, 0.4381, 0.4518, 0.4569, 0.4839, 0.4505, 0.463, 0.4454, 0.4162, 0.4772, 0.4634, 0.464, 0.416, 0.4507, 0.4534, 0.4364, 0.463, 0.4455, 0.4788, 0.4654, 0.4477, 0.4257, 0.4226, 0.4484, 0.4199, 0.43, 0.4899, 0.4654, 0.4302, 0.5111, 0.4686, 0.4646, 0.4173, 0.431, 0.4189, 0.4223, 0.4565, 0.4433, 0.4622, 0.4204, 0.4341, 0.444, 0.4138, 0.4489, 0.4642, 0.4266, 0.4571, 0.4535, 0.4478, 0.4739, 0.4276, 0.4819, 0.4411, 0.472, 0.425, 0.4594, 0.4492, 0.4452, 0.4357, 0.4379, 0.4827, 0.423, 0.4297, 0.4418, 0.4168, 0.4655, 0.455, 0.4743, 0.4612, 0.4323, 0.4692, 0.4908, 0.4715, 0.4162, 0.4743, 0.4594, 0.4614, 0.4451, 0.4032, 0.4665, 0.4643, 0.4521, 0.4395, 0.4406, 0.4358, 0.4226, 0.4843, 0.4627], "ratio_cruising": [0.1119, 0.1076, 0.1084, 0.1001, 0.1048, 0.1098, 0.1043, 0.1061, 0.1139, 0.1061, 0.1148, 0.1056, 0.0937, 0.1118, 0.1113, 0.1071, 0.1081, 0.1037, 0.1005, 0.1131, 0.1133, 0.1072, 0.1059, 0.1076, 0.1059, 0.105, 0.1019, 0.1082, 0.1028, 0.1033, 0.101, 0.1183, 0.1039, 0.1084, 0.1001, 0.1186, 0.1151, 0.1151, 0.1173, 0.1083, 0.1063, 0.1123, 0.1075, 0.1182, 0.1106, 0.1039, 0.105, 0.1003, 0.1059, 0.1054, 0.1097, 0.1026, 0.0953, 0.1086, 0.1045, 0.0922, 0.1014, 0.1103, 0.1081, 0.1023, 0.1083, 0.1108, 0.1017, 0.1002, 0.1108, 0.1053, 0.1035, 0.1168, 0.1122, 0.1113, 0.1011, 0.1016, 0.1116, 0.1054, 0.0996, 0.1144, 0.1073, 0.1023, 0.1049, 0.1008, 0.1107, 0.1061, 0.1108, 0.1025, 0.1039, 0.0931, 0.1107, 0.1011, 0.12, 0.1005, 0.1042, 0.099, 0.0972, 0.1012, 0.1062, 0.1045, 0.1027, 0.1149, 0.1024, 0.1175], "ratio_online": [0.628, 0.6745, 0.6507, 0.6477, 0.6537, 0.6262, 0.6534, 0.6541, 0.6742, 0.6264, 0.6648, 0.5963, 0.679, 0.633, 0.6445, 0.6489, 0.6902, 0.653, 0.6569, 0.6396, 0.5934, 0.679, 0.6493, 0.6614, 0.5922, 0.6452, 0.6435, 0.6093, 0.6589, 0.6321, 0.677, 0.6542, 0.6346, 0.6036, 0.6001, 0.6355, 0.5973, 0.6258, 0.6901, 0.6527, 0.6124, 0.7059, 0.663, 0.6575, 0.6049, 0.6163, 0.5829, 0.5936, 0.6431, 0.6279, 0.6625, 0.5948, 0.6243, 0.6323, 0.5905, 0.6306, 0.657, 0.6121, 0.6472, 0.6421, 0.6435, 0.6657, 0.6172, 0.6804, 0.6228, 0.6578, 0.609, 0.6532, 0.6312, 0.6269, 0.6277, 0.6279, 0.6769, 0.6073, 0.6116, 0.6374, 0.5992, 0.6528, 0.6437, 0.6666, 0.648, 0.6194, 0.6622, 0.6936, 0.6696, 0.5886, 0.6643, 0.6548, 0.663, 0.6282, 0.5769, 0.6629, 0.657, 0.6424, 0.6334, 0.6315, 0.6189, 0.601, 0.6957, 0.663],