{"timestamp": 10000, "avg_req_length": [7.46969696969697, 7.689774696707106, 7.777192982456141, 7.392678868552412, 7.2178861788617885, 7.176090468497577, 7.630584192439863, 7.2479608482871125, 7.364842454394693, 7.4638655462184875, 7.509306260575296, 7.33993399339934, 7.527118644067796, 7.315181518151816, 7.405, 7.460504201680672, 7.168012924071083, 7.655172413793103, 7.3344370860927155, 7.5699658703071675, 7.602058319039451, 7.544991511035653, 7.293924466338259, 7.35702479338843, 7.381031613976705, 7.403333333333333, 7.530612244897959, 7.584615384615384, 7.18284789644013, 7.130225080385852, 7.315789473684211, 7.593162393162393, 7.625429553264605, 7.8563829787234045, 7.176090468497577, 7.550255536626916, 7.288998357963875, 7.468013468013468, 7.723478260869565, 7.352649006622516, 7.582905982905983, 7.673010380622838, 7.231647634584013, 7.641996557659208, 7.335537190082644, 7.622641509433962, 7.457142857142857, 7.342148760330579, 7.166397415185783, 7.323432343234323, 7.19611021069692, 7.236541598694943, 7.434782608695652, 7.466442953020135, 7.476430976430977, 7.476430976430977, 7.770577933450087, 7.291118421052632, 7.384359400998336, 7.394342762063228, 7.397328881469115, 7.489864864864865, 7.191247974068071, 7.234146341463415, 7.664939550949914, 7.467226890756303, 7.314662273476112, 7.380398671096345, 7.446308724832215, 7.694974003466204, 7.538200339558574, 7.2988505747126435, 7.770577933450087, 7.605488850771869, 7.383333333333334, 7.5, 7.1088, 7.3349834983498345, 7.398333333333333, 7.143086816720257, 7.364842454394693, 7.246329526916803, 7.549319727891157, 7.41, 7.387687188019966, 7.258592471358429, 7.436241610738255, 7.601027397260274, 7.620926243567753, 7.394342762063228, 7.32013201320132, 7.370431893687708, 7.447986577181208, 7.460636515912898, 7.522033898305085, 7.174193548387096, 7.364842454394693, 7.419031719532554, 7.268412438625204, 7.473063973063973, 7.718260869565217, 7.176090468497577, 7.473861720067454, 7.296052631578948, 7.3487603305785125, 7.2993421052631575, 7.4890387858347385, 7.6689655172413795, 7.583617747440273, 7.406666666666666, 7.562180579216355, 7.457142857142857, 7.0651828298887125, 7.697916666666667, 7.813380281690141, 7.3737541528239205, 7.226384364820847, 7.447986577181208, 7.666666666666667, 7.444630872483222, 7.392678868552412, 6.9360374414976596, 7.219512195121951, 7.385382059800665, 7.1056, 7.281967213114754, 7.453020134228188, 7.417362270450751, 7.241042345276873, 7.293924466338259, 7.316309719934102, 7.186084142394822, 7.305921052631579, 7.344370860927152, 7.46218487394958, 7.533106960950764, 7.404006677796327, 7.260229132569558, 7.437185929648241, 7.346026490066225, 7.723478260869565, 7.563139931740614, 7.473861720067454, 7.440336134453782, 7.36318407960199, 7.440536013400335, 7.260655737704918, 7.391014975041597, 7.442211055276382, 7.282430213464696, 7.372093023255814, 7.272131147540984, 7.595890410958904, 7.342148760330579, 7.295566502463054, 7.139646869983949, 7.496621621621622, 7.3797678275290215, 7.591452991452991, 7.158064516129032, 7.421404682274248, 7.371475953565506, 7.267213114754099, 7.449664429530201, 7.424749163879599, 7.4397993311036785, 7.602739726027397, 7.424749163879599, 7.227642276422764, 7.426421404682274, 7.562180579216355, 7.65, 7.387687188019966, 7.655172413793103, 7.635111876075731, 7.410684474123539, 7.480607082630692, 7.164516129032258, 7.346026490066225, 7.437185929648241, 7.349337748344371, 7.275862068965517, 7.535714285714286, 7.3966666666666665, 7.5536626916524705, 7.582905982905983, 7.582905982905983, 7.281505728314239, 7.69844020797227, 7.5016891891891895, 7.340495867768595, 7.199675324675325, 7.313014827018122, 7.2061688311688314, 7.249592169657422, 7.230016313213703, 7.456375838926174, 7.45546218487395, 7.340495867768595, 7.240650406504065], "std_req_length": [4.103040374187541, 4.019766945034584, 4.035522859832596, 4.160532369265965, 3.9200969068892255, 3.7351334044671036, 4.027307048663843, 3.99394115989197, 3.8512418922763714, 3.8714583943998724, 4.01345006370064, 3.988840372889795, 4.003190698128757, 4.0014024624775155, 4.138152768244948, 3.889183848352359, 3.7996102716346, 4.2102163272209205, 3.803632741751142, 3.9583219889390557, 4.066698951266893, 3.8894000141688387, 3.942607041033756, 3.925522051848719, 4.117602278001025, 3.8648832093896734, 4.027636031980617, 4.065712695686438, 3.9199799772667143, 3.971451938014939, 3.9439678334728017, 4.0249590218379385, 3.9867356623685035, 4.20093011933211, 3.9401430435261, 3.9724921828164104, 3.984604256648219, 4.068829582099597, 4.062775458161631, 3.8853361957010675, 3.98935100859692, 4.032137112243799, 4.101308038647885, 3.947489950432568, 3.8464077800722545, 4.209965538105199, 4.09912004142909, 3.9459520437518463, 3.7640122841644192, 3.9486404187154918, 3.8646615448928014, 3.9640928040187373, 4.135852809814042, 3.7609635838386426, 3.9201134701655156, 4.114556984811692, 4.065778265710376, 3.82973821582702, 3.8736734573088643, 3.9681638157805734, 3.8157558707451127, 3.9749934534174356, 3.896437457564676, 4.036879364431692, 4.133146328340608, 4.200062209297139, 4.053777603616366, 3.980827954482284, 4.20316313438096, 4.074334306687626, 4.155384032267003, 4.000330280987113, 4.015064825181063, 4.101888958590469, 3.89183618474479, 4.026936331284146, 3.7056932630750756, 4.091567104345798, 4.040172919841702, 3.7746542767333766, 3.9854075991544815, 3.950716836979844, 3.9973566367597906, 3.9650851188845873, 3.958745008028167, 3.9657169113735855, 3.8648686957753147, 4.249504278817441, 4.147210660242158, 3.9204953941340093, 4.206684604544352, 4.004647152595357, 3.949213578984717, 4.017617183860792, 4.188607138603807, 4.109231757878639, 4.265200047224171, 4.186755298622844, 3.9514194677678103, 3.9114932571791496, 4.2155732522387215, 3.946288442322239, 3.948198482741827, 4.00137939339192, 3.9587567065389146, 4.113824522114848, 4.272777224984619, 3.9810848849126423, 4.096198756138112, 3.977179346667127, 3.9894410057161664, 4.077331707568249, 4.156387905342016, 4.049485028130806, 4.336671808716058, 3.8851675771258387, 3.915960112757366, 3.9547328675286146, 3.8911499307447444, 3.805500438651544, 3.927234950247478, 3.884522175925837, 3.976223205701435, 4.107887106766358, 3.8147147521145013, 3.865251171900196, 3.9433242721124087, 3.900614101813238, 3.945542517057344, 3.797498857228182, 4.077355098907975, 3.908666067416992, 4.044794145315413, 3.9526106011658837, 3.8649250505661676, 4.0737272459588745, 4.119709210602372, 3.9000657948878343, 3.9563985603633567, 3.822788167919028, 4.139530123194148, 3.912473232639268, 3.9822212095329883, 4.079592979527526, 3.896135493710639, 4.074091656831928, 3.778618825145739, 4.011860842851444, 3.8260449862570494, 3.7568595179016295, 3.7164112924972605, 4.0478341161639335, 4.017221092130571, 4.203142312625688, 4.198443301618765, 3.65372140866282, 3.884305140484894, 4.024805582790731, 3.9486787284839533, 3.944884330742087, 4.070820798482292, 3.9328504186225097, 3.850366016728646, 3.908236426820846, 4.122317453964681, 4.090803123329905, 4.159869353939676, 3.830897471709923, 3.817829392522383, 4.012993641022413, 3.9395951004037695, 3.9917911458046174, 3.8716231349595036, 3.9625476137155924, 4.08655149589721, 3.9901739953454705, 3.97165908079327, 4.048340829963098, 3.776601117314122, 3.8625666630799658, 3.8659855059588195, 3.733673858300161, 4.175212325042126, 4.063576694927211, 4.200076989886741, 3.9579475514742, 4.241477943477596, 3.8992174746289336, 4.080967490759557, 4.217883081260127, 3.992939605887361, 3.9923709582918154, 3.8898607655965582, 3.9478780586919386, 3.8611319537384525, 3.7920169644646515, 3.993254751421679, 3.9166890810752024, 3.8816921102030584, 3.9361538199166644],