{"timestamp": 10000, "trip_avg_length": [10.97324414715719, 10.95593220338983, 10.496644295302014, 10.685245901639345, 10.146875, 10.846938775510203, 10.80887372013652, 10.550819672131148, 11.221854304635762, 10.04635761589404, 10.783333333333333, 11.225165562913908, 10.723905723905723, 10.715719063545151, 10.01639344262295, 10.982142857142858, 10.561056105610561, 10.744827586206897, 10.949832775919733, 11.625441696113073, 10.614649681528663, 10.680645161290322, 10.823529411764707, 10.557046979865772, 11.023102310231023, 10.887043189368772, 11.226148409893993, 10.438775510204081, 10.37037037037037, 10.122866894197951, 11.003460207612457, 10.986301369863014, 10.940199335548172, 10.530944625407166, 10.44186046511628, 11.006734006734007, 10.517605633802816, 11.131756756756756, 10.855633802816902, 10.852112676056338, 10.624561403508771, 11.133333333333333, 10.662295081967214, 10.712837837837839, 10.50326797385621, 10.703333333333333, 10.816608996539792, 10.97682119205298, 10.645484949832776, 10.8125, 10.552980132450331, 10.512987012987013, 10.845637583892618, 10.86970684039088, 10.453924914675769, 10.185303514376997, 10.484536082474227, 11.044827586206896, 10.934426229508198, 10.433447098976108, 10.494949494949495, 10.677524429967427, 11.825454545454546, 10.685430463576159, 10.715686274509803, 9.99673202614379, 10.40983606557377, 10.36734693877551, 10.488448844884488, 10.765676567656765, 10.533762057877814, 11.120689655172415, 10.123376623376624, 11.177083333333334, 10.521311475409837, 10.711538461538462, 10.711475409836066, 10.616129032258064, 10.556291390728477, 10.615646258503402, 10.85483870967742, 10.310897435897436, 10.263665594855306, 10.245098039215685, 10.730897009966778, 10.570491803278689, 10.567944250871081, 10.325806451612904, 10.29235880398671, 11.155115511551156, 10.844594594594595, 11.486013986013987, 10.512903225806452, 10.602605863192183, 10.979591836734693, 10.811447811447811, 10.908163265306122, 10.657894736842104, 10.453376205787782, 10.735294117647058, 11.092105263157896, 10.598639455782314, 10.170886075949367, 10.78476821192053, 10.37012987012987, 11.023102310231023, 10.836120401337793, 10.535353535353535, 10.761290322580646, 11.207612456747405, 10.517605633802816, 11.093959731543624, 10.651006711409396, 10.6, 10.413333333333334, 10.140983606557377, 10.374172185430464, 10.250825082508252, 11.099644128113878, 10.921501706484642, 10.8, 10.875, 10.413333333333334, 11.167224080267559, 10.453287197231834, 11.131578947368421, 10.809836065573771, 10.603333333333333, 10.481848184818482, 10.190635451505017, 10.584158415841584, 10.852739726027398, 10.797202797202797, 10.686274509803921, 10.795221843003413, 11.013333333333334, 10.069078947368421, 10.474747474747474, 9.958199356913184, 10.536423841059603, 10.652173913043478, 11.241258741258742, 10.292763157894736, 10.445945945945946, 10.36896551724138, 10.537414965986395, 11.019867549668874, 10.688311688311689, 10.75503355704698, 10.799319727891156, 10.887096774193548, 10.13015873015873, 10.42258064516129, 10.609427609427609, 10.805825242718447, 10.669934640522875, 10.658783783783784, 10.486842105263158, 10.912052117263844, 10.298013245033113, 11.187279151943462, 10.583333333333334, 10.661129568106313, 10.577319587628866, 10.668831168831169, 10.199335548172758, 10.797202797202797, 10.212903225806452, 10.697916666666666, 10.24025974025974, 11.003355704697986, 10.855670103092784, 10.530405405405405, 10.254901960784315, 10.956810631229235, 10.39795918367347, 10.644295302013424, 10.290849673202615, 10.49, 10.528813559322034, 10.732441471571907, 10.848684210526315, 10.476973684210526, 10.506944444444445, 10.862876254180602, 10.454248366013072, 10.538461538461538, 10.672240802675585, 10.337662337662337, 10.534653465346535, 11.11986301369863, 10.080808080808081, 9.585526315789474, 10.627986348122867, 11.050675675675675, 10.986394557823129, 10.898245614035087, 10.285714285714286, 10.70446735395189, 10.577181208053691], "trip_std_length": [5.8731820508077766, 6.337519997934301, 5.336494791406533, 5.545573809260734, 5.128382077651294, 5.705383614931645, 5.9386214739918515, 5.074998924358108, 5.724391798454799, 5.3978628936951285, 5.345065221512477, 5.790117391700709, 5.583573873715045, 5.100605289151822, 5.53466513352749, 5.650193016388819, 5.651782178121461, 5.621730388099413, 5.861913658918166, 5.505633741612071, 5.47500766700012, 5.588405009616684, 5.070438103414106, 5.515545511224025, 5.471449534870529, 5.925943710941263, 5.82110407538121, 5.298696399553228, 5.789011784284375, 5.567328141412179, 5.87145948379701, 5.884721687032764, 5.584424110980042, 5.662165429296921, 5.521396784536574, 6.304823265088012, 5.324971722410862, 6.10434644842954, 5.885970723581402, 5.601744173926635, 5.72247893473714, 5.875534423514575, 5.6592348418221565, 5.600612664427587, 5.696144990405302, 5.612663261668999, 5.695041331503356, 5.90791302007705, 5.5181128943983495, 6.062805201216244, 5.340291778954919, 5.688604481582745, 5.6178345349380985, 5.979549369579877, 5.624977204761736, 5.115675463808276, 5.36588447450327, 5.699490975873774, 5.738192016794758, 5.553325793311194, 5.520772656191791, 5.550207590262348, 5.895336159181431, 5.475144285509875, 5.8332674242445615, 5.456002490519595, 5.740214907670292, 5.7535338240656495, 5.892801888369231, 5.614797468730592, 5.847855434098062, 5.805697517293403, 5.4953674966365895, 5.536485281370604, 5.739169836411865, 5.852360487372744, 5.636127561432547, 5.403499270884327, 5.862820063237434, 5.557237123454021, 5.445468000840606, 5.6593588668993595, 5.460286148827729, 5.89633143037207, 5.335645398633406, 5.913234510915355, 5.509707962915393, 5.714185390081113, 5.283419946372942, 5.777419791057477, 5.694013971348922, 5.958317937401548, 5.984239619980506, 5.616842377253455, 5.519870583806669, 5.954779388620679, 5.658814209625434, 5.262960522614993, 5.5324456471958765, 6.086940596763491, 5.87014666628156, 5.590516586142987, 5.518315921300128, 5.470271835374984, 5.383297037701037, 5.755421689547702, 6.059617386859967, 5.540143912569642, 5.523070523946529, 5.178322948184342, 5.9549103811301975, 5.674436118252053, 5.286967863329076, 6.007772743149772, 5.536770017096811, 5.518653228709669, 5.312336804831568, 5.097380837101224, 6.071697941069703, 6.024748317077385, 5.673410456409491, 5.989398009275516, 5.415024366416913, 5.9393925558987615, 5.548658423583199, 5.732162504727986, 5.582458031910633, 5.540095265927794, 5.596336073030164, 5.384895815211562, 5.531668193647137, 5.682425384228636, 5.786479829655778, 5.909414874582635, 5.419505068702634, 5.849771125627242, 5.0057694812117015, 5.694838056677868, 5.513636002375174, 5.660101834243014, 5.669205109929425, 5.44018753110703, 5.053966680446529, 5.848057870946818, 5.553352727501857, 5.316220985107477, 5.704036213202871, 5.425432510761185, 5.625062997309999, 5.605864235150914, 5.875330707808593, 5.174928415136664, 5.193557403318161, 5.5676717179838935, 5.831048886357492, 5.8671744986011225, 5.5429944714032775, 5.311961232253488, 5.785139168809643, 5.5752465000436, 5.784429631855716, 5.594913364436982, 5.669594610112153, 5.981360023395922, 5.5186286584800515, 5.534560658692758, 5.269730743190437, 5.309136491083775, 5.4869538294384155, 5.333738722856964, 5.53906100281783, 5.498496559379191, 5.232346881629745, 5.734917031344166, 6.028844987866873, 5.504617349244117, 5.576284666146214, 5.596192210057805, 5.808892608176995, 5.84474415056629, 5.4731314881618, 5.527752789359977, 5.399755969080758, 5.378063116569242, 5.551033507200699, 5.731423381458572, 5.650438078233002, 5.880038108385088, 5.316869476378114, 5.630945303581535, 5.655886978669334, 5.285792088249789, 5.492152390537468, 5.640677019838527, 5.779811048786854, 5.4028040018512025, 6.12101617604406, 5.71627872221039, 5.7492220278843105, 5.47622219272341],