{"timestamp": 20000, "trip_avg_length": [34.93434343434343, 34.66504854368932, 32.803108808290155, 33.68539325842696, 29.715736040609137, 32.85201793721973, 30.18713450292398, 34.40588235294118, 34.03765690376569, 34.047970479704794, 33.883495145631066, 32.083743842364534, 32.035, 33.745341614906835, 33.13181818181818, 33.61722488038278, 34.27564102564103, 32.45544554455446, 33.45294117647059, 34.29661016949152, 34.08743169398907, 32.142131979695435, 34.49777777777778, 32.748717948717946, 33.78064516129032, 34.985074626865675, 34.472477064220186, 35.42857142857143, 32.76521739130435, 36.31372549019608, 33.06572769953052, 35.101010101010104, 34.61352657004831, 35.865979381443296, 38.48031496062992, 33.72608695652174, 33.175141242937855, 34.53586497890296, 32.59760956175299, 33.87179487179487, 33.56617647058823, 34.04661016949152, 30.232258064516127, 35.15151515151515, 33.20496894409938, 34.61497326203209, 33.38818565400844, 34.1, 34.391891891891895, 34.247368421052634, 33.59055118110236, 32.72352941176471, 35.18009478672986, 31.9163179916318, 32.58064516129032, 35.48677248677249, 31.366071428571427, 32.82266009852217, 33.13145539906103, 31.2, 34.026737967914436, 33.48430493273543, 34.82101167315175, 34.49302325581395, 34.417391304347824, 32.733082706766915, 33.99078341013825, 31.526066350710902, 34.78971962616822, 31.671232876712327, 34.42056074766355, 32.60071942446043, 30.8743961352657, 33.69072164948454, 34.95238095238095, 32.04864864864865, 33.675105485232066, 34.127450980392155, 32.45263157894737, 32.63529411764706, 35.32663316582914, 33.44444444444444, 37.066265060240966, 36.12149532710281, 33.87845303867403, 36.573170731707314, 33.335260115606935, 34.01570680628272, 33.098684210526315, 32.06435643564357, 33.271186440677965, 31.209016393442624, 29.760330578512395, 34.595628415300546, 34.42857142857143, 33.527363184079604, 33.19090909090909, 33.12173913043478, 33.82432432432432, 32.52450980392157], "trip_std_length": [17.64609243159162, 18.235233199825345, 17.280753637901917, 17.392427323870994, 17.11710653508271, 17.819488071231298, 16.236197322182093, 17.614999310021034, 17.28504094687093, 17.77310630388412, 17.717470381405917, 16.949297957572767, 17.418489458044288, 16.569926924988184, 17.704285212231333, 17.520374740703804, 16.646618859722867, 18.282992558131667, 18.150048376116338, 19.870474358225913, 16.025355778578948, 16.96428321796511, 18.12331204570988, 18.06578962477425, 17.49074260868079, 18.552729107404637, 18.138905278153942, 18.55725955215823, 16.621793151204738, 17.79750683436912, 17.131784124467444, 18.362508438430005, 18.151680047022843, 19.743263951623916, 21.563256292778323, 18.554003842867292, 17.879946571140255, 18.256603353963833, 17.212332112643086, 17.52533621928401, 17.652154595153846, 18.64368017701836, 16.997464461705786, 19.1059584742422, 16.271805441567572, 17.76800556592464, 17.995579264904386, 18.608868853318302, 19.318677118527923, 17.434595626332708, 17.06280862809158, 17.202941930747322, 18.235317589062, 17.600675904650792, 18.1847286637171, 18.243099286956163, 21.577102420205563, 16.421722932045856, 17.201146272649424, 16.939893742287758, 18.534959930534686, 17.322021944560145, 18.04854743036589, 18.354106002172756, 18.039802663866052, 17.69521077811399, 17.31305433880291, 16.960870304711012, 17.220605102850083, 16.224217870577874, 19.537664264676238, 17.95645010022451, 17.19688971703009, 19.164970636012516, 17.984056935376827, 15.352183076060438, 16.12163458778674, 17.163385314770608, 18.16344995113604, 16.73637372030308, 19.2403168681558, 17.99379971296117, 18.146039277812438, 19.360191491471017, 17.015970068906334, 20.83561121792469, 18.967656516250685, 19.464419530049856, 18.091419843475762, 17.070929978428218, 16.263887251695436, 16.349204142150114, 16.321675895046724, 18.853486944336993, 18.873609933646442, 19.07905776724856, 17.461123287070652, 16.503568955828104, 17.552257708613684, 17.701622481716132], "trip_avg_price": [851466, 877223, 780430, 738464, 715333, 897481, 631181, 718378, 1004750, 1133578, 856828, 798000, 783667, 667418, 900729, 863411, 654910, 806074, 703457, 497302, 766299, 774675, 954725, 784575, 641775, 862470, 926417, 831009, 930396, 682389, 865042, 853980, 879829, 855919, 601157, 955436, 720907, 1005664, 1003411, 1136859, 560914, 988863, 573799, 853950, 655043, 794909, 968936, 760994, 624208, 804967, 1047757, 679846, 914156, 939883, 741834, 827033, 428999, 818545, 867920, 611809, 783721, 916796, 1102185, 917178, 974333, 1068786, 907112, 816017, 915987, 849550, 906495, 1115225, 791734, 802126, 902509, 729869, 980874, 854542, 755881, 1021516, 864049, 965697, 758572, 474990, 755924, 1112163, 709561, 798802, 620672, 794793, 723159, 932338, 437055, 778084, 540414, 826026, 895993, 934864, 922987, 814677], "trip_num_completed": [0, 0, 0, 0, 0, 0, 0, 0, 0, 0, 0, 0, 0, 0, 0, 0, 0, 0, 0, 0, 0, 0, 0, 0, 0, 0, 0, 0, 0, 0, 0, 0, 0, 0, 0, 0, 0, 0, 0, 0, 0, 0, 0, 0, 0, 0, 0, 0, 0, 0, 0, 0, 0, 0, 0, 0, 0, 0, 0, 0, 0, 0, 0, 0, 0, 0, 0, 0, 0, 0, 0, 0, 0, 0, 0, 0, 0, 0, 0, 0, 0, 0, 0, 0, 0, 0, 0, 0, 0, 0, 0, 0, 0, 0, 0, 0, 0, 0, 0, 0], "ratio_serving": [0.34585, 0.35705, 0.3184, 0.30175, 0.29315, 0.3663, 0.2581, 0.29245, 0.4091, 0.46135, 0.349, 0.32565, 0.32035, 0.27165, 0.36655, 0.3513, 0.26735, 0.3278, 0.28655, 0.2025, 0.3119, 0.3166, 0.3881, 0.3193, 0.2618, 0.3516, 0.37695, 0.33775, 0.3778, 0.2778, 0.3525, 0.3475, 0.35825, 0.3479, 0.24435, 0.3886, 0.29385, 0.40925, 0.4091, 0.46235, 0.22845, 0.40175, 0.2347, 0.348, 0.2673, 0.32365, 0.39565, 0.30975, 0.2545, 0.3274, 0.4266, 0.27815, 0.372, 0.3837, 0.303, 0.3362, 0.17565, 0.33315, 0.35285, 0.25055, 0.31815, 0.3735, 0.44745, 0.3732, 0.3967, 0.43535, 0.36915, 0.3326, 0.37225, 0.3468, 0.3686, 0.45415, 0.32305, 0.3273, 0.367, 0.2981, 0.39905, 0.3481, 0.3083, 0.4161, 0.3515, 0.3933, 0.30765, 0.19325, 0.3078, 0.45145, 0.28925, 0.32485, 0.2532, 0.32385, 0.29445, 0.38075, 0.18005, 0.31655, 0.21955, 0.33695, 0.3651, 0.3809, 0.3767, 0.33175], "ratio_cruising": [0.0271, 0.0325, 0.0319, 0.0359, 0.03295, 0.0392, 0.02735, 0.0273, 0.03615, 0.0386, 0.03035, 0.03295, 0.0344, 0.0251, 0.029, 0.02985, 0.0293, 0.0229, 0.0255, 0.0194, 0.02785, 0.03495, 0.02935, 0.0255, 0.0251, 0.03325, 0.03515, 0.0291, 0.0208, 0.0287, 0.03245, 0.03185, 0.0315, 0.02885, 0.0221, 0.02705, 0.02795, 0.0345, 0.0372, 0.03055, 0.0191, 0.02805, 0.0235, 0.0345, 0.02785, 0.0284, 0.0414, 0.02635, 0.028, 0.0276, 0.03585, 0.03565, 0.0292, 0.0346, 0.03565, 0.02505, 0.021, 0.0262, 0.0238, 0.0293, 0.0202, 0.0367, 0.02725, 0.0289, 0.03565, 0.03635, 0.0281, 0.02635, 0.02405, 0.0341, 0.029, 0.03305, 0.02665, 0.0334, 0.0262, 0.0315, 0.0272, 0.03365, 0.02895, 0.03365, 0.0306, 0.034, 0.01995, 0.01975, 0.0288, 0.03305, 0.027, 0.0263, 0.02395, 0.02715, 0.022, 0.03745, 0.03095, 0.0283, 0.0187, 0.03165, 0.02985, 0.03175, 0.0366, 0.0264], "ratio_online": [0.4243, 0.44045, 0.3971, 0.3752, 0.3745, 0.45545, 0.3263, 0.3609, 0.50685, 0.5716, 0.43435, 0.40655, 0.40315, 0.3351, 0.45585, 0.4343, 0.3327, 0.4087, 0.35655, 0.2504, 0.3855, 0.3968, 0.4799, 0.39725, 0.32765, 0.43775, 0.4629, 0.41375, 0.4711, 0.34015, 0.43835, 0.42765, 0.44435, 0.4275, 0.29895, 0.48485, 0.3656, 0.5066, 0.51095, 0.5778, 0.2855, 0.4969, 0.29885, 0.4305, 0.3331, 0.40145, 0.4945, 0.38425, 0.3137, 0.40395, 0.5302, 0.34675, 0.4627, 0.48435, 0.37595, 0.4164, 0.22235, 0.41505, 0.4397, 0.31755, 0.39345, 0.4612, 0.554, 0.4643, 0.4908, 0.54305, 0.4602, 0.4187, 0.4635, 0.4349, 0.45575, 0.5702, 0.40895, 0.408, 0.45665, 0.37335, 0.4994, 0.43015, 0.3857, 0.52025, 0.43325, 0.48905, 0.37735, 0.23625, 0.3803, 0.5529, 0.36065, 0.4015, 0.31735, 0.4053, 0.36935, 0.47875, 0.2288, 0.3898, 0.2689, 0.42175, 0.4576, 0.47635, 0.47195, 0.41465],