{"timestamp": 10000, "trip_avg_length": [11.516587677725118, 11.634844868735083, 11.187066974595844, 11.887254901960784, 11.389671361502348, 11.546762589928058, 11.053613053613054, 11.036951501154734, 11.370283018867925, 10.557777777777778, 11.681055155875299, 11.23444976076555, 11.066666666666666, 11.61352657004831, 11.00462962962963, 10.857142857142858, 11.323741007194245, 11.510739856801909, 10.990762124711317, 11.423357664233576, 10.574660633484163, 11.348557692307692, 11.336538461538462, 11.145539906103286, 11.124413145539906, 11.562200956937799, 11.129930394431554, 11.458937198067632, 11.676328502415458, 11.39667458432304, 11.07981220657277, 11.202797202797203, 11.515738498789347, 10.96796338672769, 11.127659574468085, 11.121212121212121, 11.494089834515366, 11.156177156177156, 11.212765957446809, 11.362997658079625, 11.289156626506024, 11.201405152224824, 11.824691358024692, 11.480952380952381, 11.164677804295943, 11.782816229116944, 11.485781990521327, 11.230588235294118, 11.25943396226415, 11.20863309352518, 11.646778042959427, 10.986238532110091, 11.321513002364066, 11.938875305623473, 11.210401891252955, 11.680487804878048, 11.188995215311005, 11.66747572815534, 11.199063231850117, 11.093240093240093, 11.363636363636363, 11.39277108433735, 11.57869249394673, 11.507246376811594], "trip_std_length": [6.193442466696867, 6.35225539502461, 6.02340461663111, 6.263967476198142, 6.695123751777943, 6.232378156113983, 5.760925952624671, 5.8832774278678945, 5.817764265761874, 6.206626884544503, 5.901383883494032, 5.831161940610084, 5.765347666574419, 6.130261567582186, 5.77029244170742, 5.887411951486347, 6.300488155125344, 5.907945717672929, 5.953236364087587, 6.1093713197980675, 6.161116612798736, 6.204150893100835, 6.1006944385976345, 6.247436380485976, 6.227382758198198, 6.253971518090724, 5.723060345368795, 5.691081660339707, 5.804094011389921, 6.2957127033242415, 6.2628808834304674, 6.026622491565487, 6.047260941157979, 5.649477302610375, 6.069944244192798, 6.085960949207965, 6.315154055421199, 6.293989460952652, 5.589768402107167, 6.199783814882788, 5.965624661506468, 5.75142364147933, 6.480084035124158, 6.3667378989497365, 5.680775525963058, 5.980724063740955, 6.06509215691758, 6.273267720197612, 6.205114723855237, 5.970520891371247, 6.078979618237349, 6.244248258203298, 6.117114353856111, 6.3472212279839155, 5.983482827046194, 6.5976980284218465, 6.286628434744026, 6.129160796932448, 5.860613508119442, 5.5997565706894745, 5.842577443113046, 6.368025987046065, 6.120005003627291, 6.364810842062825], "trip_avg_price": [552103, 553412, 550713, 549580, 549951, 546575, 534834, 539666, 545650, 535941, 553360, 528007, 544657, 545305, 537032, 530364, 531569, 545696, 536954, 527932, 525874, 531676, 531100, 535534, 534027, 547542, 542056, 534909, 548242, 542482, 532493, 543524, 536693, 541782, 530195, 539910, 551569, 540737, 536612, 550889, 526838, 540265, 542824, 546832, 525630, 562206, 549300, 538813, 541001, 525438, 555092, 541167, 541079, 554213, 534525, 542007, 526581, 543469, 540249, 536827, 536420, 533874, 540307, 537540], "trip_num_completed": [0, 0, 0, 0, 0, 0, 0, 0, 0, 0, 0, 0, 0, 0, 0, 0, 0, 0, 0, 0, 0, 0, 0, 0, 0, 0, 0, 0, 0, 0, 0, 0, 0, 0, 0, 0, 0, 0, 0, 0, 0, 0, 0, 0, 0, 0, 0, 0, 0, 0, 0, 0, 0, 0, 0, 0, 0, 0, 0, 0, 0, 0, 0, 0], "ratio_serving": [0.4867, 0.4877, 0.4858, 0.485, 0.4852, 0.4829, 0.4743, 0.4779, 0.4821, 0.4751, 0.4877, 0.4696, 0.4814, 0.4819, 0.476, 0.4712, 0.4722, 0.4823, 0.476, 0.4695, 0.4679, 0.4721, 0.4718, 0.4748, 0.4739, 0.4836, 0.4797, 0.4744, 0.4841, 0.4798, 0.4726, 0.4806, 0.4756, 0.4793, 0.4712, 0.478, 0.4863, 0.4786, 0.4757, 0.486, 0.4687, 0.4783, 0.4801, 0.483, 0.4678, 0.494, 0.4848, 0.4773, 0.4789, 0.4677, 0.4889, 0.479, 0.4789, 0.4883, 0.4742, 0.4796, 0.4686, 0.4807, 0.4784, 0.4759, 0.4756, 0.4738, 0.4782, 0.4764], "ratio_cruising": [0.0001, 0.0, 0.0009, 0.0001, 0.0007, 0.0004, 0.0, 0.0, 0.0, 0.0, 0.0, 0.0005, 0.0005, 0.0005, 0.0, 0.0003, 0.0004, 0.0004, 0.0004, 0.0005, 0.0, 0.0002, 0.0005, 0.0, 0.0003, 0.0004, 0.0, 0.0001, 0.0001, 0.0, 0.0001, 0.0001, 0.0005, 0.0, 0.0016, 0.0, 0.0001, 0.0001, 0.0001, 0.0003, 0.001, 0.0, 0.0001, 0.0, 0.0001, 0.0, 0.0008, 0.0004, 0.0002, 0.0, 0.0001, 0.0001, 0.0008, 0.0, 0.0002, 0.0002, 0.0001, 0.0002, 0.0, 0.0, 0.0003, 0.0004, 0.0, 0.0005], "ratio_online": [0.9978, 0.9986, 0.998, 0.9989, 0.9976, 0.9991, 0.9972, 0.9988, 0.998, 0.9973, 0.999, 0.9986, 0.9976, 0.998, 0.9986, 0.9979, 0.9993, 0.9994, 0.9988, 0.9981, 0.9972, 0.9976, 0.9985, 0.9972, 0.9988, 0.9992, 0.9998, 0.9976, 0.9995, 0.9976, 0.9968, 0.9981, 0.9964, 0.9976, 0.9979, 0.998, 0.9976, 0.998, 0.9985, 0.9994, 0.9974, 0.9985, 0.9981, 0.9986, 0.9979, 0.9988, 0.9982, 0.9985, 0.9991, 0.9984, 0.9985, 0.999, 0.9979, 0.9989, 0.9983, 0.9989, 0.9992, 0.9995, 0.9997, 0.9991, 0.9987, 0.9988, 0.9971, 0.9985], "ratio_waiting": [0.0021, 0.0014, 0.0011, 0.001, 0.0017, 0.0005, 0.0028, 0.0012, 0.002, 0.0027, 0.001, 0.0009, 0.0019, 0.0015, 0.0014, 0.0018, 0.0003, 0.0002, 0.0008, 0.0014, 0.0028, 0.0022, 0.001, 0.0028, 0.0009, 0.0004, 0.0002, 0.0023, 0.0004, 0.0024, 0.0031, 0.0018, 0.0031, 0.0024, 0.0005, 0.002, 0.0023, 0.0019, 0.0014, 0.0003, 0.0016, 0.0015, 0.0018, 0.0014, 0.002, 0.0012, 0.001, 0.0011, 0.0007, 0.0016, 0.0014, 0.0009, 0.0013, 0.0011, 0.0015, 0.0009, 0.0007, 0.0003, 0.0003, 0.0009, 0.001, 0.0008, 0.0029, 0.001], "ratio_to_request": [0.5111, 0.5109, 0.5122, 0.5139, 0.5124, 0.5162, 0.5229, 0.5209, 0.5159, 0.5222, 0.5113, 0.529, 0.5162, 0.5161, 0.5226, 0.5267, 0.5271, 0.5171, 0.5228, 0.5286, 0.5293, 0.5255, 0.5267, 0.5224, 0.5249, 0.5156, 0.5201, 0.5232, 0.5154, 0.5178, 0.5242, 0.5175, 0.5208, 0.5183, 0.5267, 0.52, 0.5113, 0.5194, 0.5228, 0.5134, 0.5287, 0.5202, 0.518, 0.5156, 0.5301, 0.5048, 0.5134, 0.5212, 0.5202, 0.5307, 0.5096, 0.52, 0.519, 0.5106, 0.5241, 0.5193, 0.5306, 0.5188, 0.5213, 0.5232, 0.5231, 0.525, 0.5189, 0.5221]}