{"timestamp": 9168, "trip_avg_length": [11.686375321336762, 13.106017191977077, 13.310144927536232, 13.561194029850746, 13.49702380952381, 13.901840490797547, 12.788571428571428, 13.54954954954955, 12.815126050420169, 12.644444444444444, 12.939655172413794, 12.740223463687151, 12.518005540166206, 13.07514450867052, 12.348773841961853, 12.929378531073446, 12.6353591160221, 12.751381215469614, 13.510385756676557, 12.945714285714285, 12.934285714285714, 11.96042216358839, 13.29325513196481, 11.150851581508515, 12.632311977715878, 12.814606741573034, 13.91131498470948, 13.239884393063583, 13.03768115942029, 11.994666666666667, 12.43013698630137, 12.665730337078651, 13.745454545454546, 13.03768115942029, 13.287390029325513, 12.190860215053764, 12.292682926829269, 12.397790055248619, 12.579831932773109, 12.922857142857143, 12.914040114613181, 13.095100864553315, 13.714714714714715, 12.62674094707521, 13.7629179331307, 12.77247191011236, 13.48358208955224, 12.294906166219839, 13.573573573573574, 13.104651162790697, 12.959654178674352, 13.173913043478262, 12.761363636363637, 13.03768115942029, 12.016042780748663, 14.0, 13.131964809384165, 12.435616438356165, 13.429411764705883, 12.883522727272727, 12.476454293628809, 12.501362397820163, 12.128342245989305, 12.779329608938548, 12.774373259052926, 14.04, 12.866666666666667, 12.479338842975206, 14.165109034267912, 12.858757062146893, 12.916905444126074, 12.636871508379889, 13.477611940298507, 12.71191135734072, 13.676646706586826, 12.919770773638968, 13.145299145299145, 13.212827988338192, 12.954022988505747, 12.887931034482758, 14.18125, 14.01547987616099, 12.73611111111111, 13.470238095238095, 13.589820359281438, 13.31764705882353, 13.089855072463768, 13.856269113149848, 12.645251396648044, 12.344173441734418, 13.308605341246292, 12.896253602305476, 13.696969696969697, 11.847769028871392, 13.795107033639145, 12.86685552407932, 12.830985915492958, 12.19836956521739, 13.60960960960961, 12.94], "trip_std_length": [10.421667387182184, 11.170606815660326, 11.518581647381843, 11.47697181996986, 11.266521865767361, 11.470803013127192, 11.683242490937214, 11.669682034060456, 10.848046245156429, 10.937764458883938, 11.329664647751901, 11.65625455886776, 11.142259771196935, 11.300167046027886, 11.065738289496633, 11.182516931554847, 11.41699172326744, 11.3937106220341, 11.58406426756384, 11.220640237835752, 11.137772099793512, 10.538083509035872, 11.59743556530951, 10.269915339246744, 11.217458684319936, 11.419941661058388, 11.412267145054098, 11.362025993136784, 11.30429059814574, 10.944220920447263, 11.107626467191782, 11.389580038586665, 11.593182189469676, 11.411475300592025, 11.514345989646339, 11.079071732001095, 10.879282198232891, 11.069434077980315, 10.736071660791342, 11.402370322857957, 11.28320266919085, 11.351834859300212, 11.712253009744025, 11.211064879374705, 11.626077437900076, 11.114896652579617, 11.518921448978586, 11.082140345739615, 12.186174345853166, 11.351446040214173, 11.017857545585569, 11.372680871075962, 11.39302449885038, 11.4307632398789, 11.198489172271646, 11.580949013889375, 11.524939371546525, 11.286764825956201, 11.456735224614402, 11.23587805968945, 11.160383270344516, 11.318734839276685, 10.997306375619047, 10.925799388969486, 11.402331315399378, 11.387237120160853, 11.348480925818729, 10.993185347331215, 11.53732250818592, 11.136408687503593, 11.482213760011646, 10.977986263031628, 11.246436528771161, 11.218311946969155, 11.471792775062935, 11.48435507152114, 11.102679246423975, 11.160303395780236, 11.277235788700805, 11.463915063927546, 11.569827070336876, 11.57489043346885, 11.353160420922883, 11.342569203394213, 11.621630332466081, 11.286599826348873, 11.323467294658421, 11.793618324131256, 10.984746525146402, 10.892837204584577, 11.72533145621867, 11.174315074160388, 11.545915842212144, 10.810363769968188, 11.685123736258126, 11.116781868902969, 11.338064911146834, 10.837550338599698, 11.546127524350156, 11.642010135711102], "trip_avg_price": [518816, 521795, 524237, 520685, 517758, 516091, 507984, 513076, 521844, 521437, 515023, 520027, 514349, 515342, 516856, 522202, 521743, 527675, 521349, 515697, 515785, 515977, 518051, 523029, 518738, 520024, 518204, 522684, 511077, 515062, 520151, 512682, 517110, 512412, 515775, 516374, 516628, 510328, 511816, 514603, 514437, 517504, 520698, 516029, 515277, 519604, 516755, 523462, 514183, 513076, 511243, 517709, 510289, 511038, 512962, 512363, 508365, 516882, 520545, 519210, 511891, 523664, 518090, 521870, 523524, 520203, 502856, 518611, 517989, 518956, 515964, 514756, 513470, 524224, 522215, 513470, 527265, 517696, 512630, 512591, 519096, 515059, 523361, 515124, 516830, 515264, 513649, 516843, 515098, 519070, 510136, 508736, 514541, 513382, 512845, 517315, 519044, 509791, 515811, 515352], "trip_num_completed": [0, 0, 0, 0, 0, 0, 0, 0, 0, 0, 0, 0, 0, 0, 0, 0, 0, 0, 0, 0, 0, 0, 0, 0, 0, 0, 0, 0, 0, 0, 0, 0, 0, 0, 0, 0, 0, 0, 0, 0, 0, 0, 0, 0, 0, 0, 0, 0, 0, 0, 0, 0, 0, 0, 0, 0, 0, 0, 0, 0, 0, 0, 0, 0, 0, 0, 0, 0, 0, 0, 0, 0, 0, 0, 0, 0, 0, 0, 0, 0, 0, 0, 0, 0, 0, 0, 0, 0, 0, 0, 0, 0, 0, 0, 0, 0, 0, 0, 0, 0], "ratio_serving": [0.4966186736474695, 0.4989092495636998, 0.5008726003490401, 0.4981457242582897, 0.49585514834205935, 0.49454624781849915, 0.4882198952879581, 0.49214659685863876, 0.49901832460732987, 0.4986910994764398, 0.49367364746945896, 0.4974912739965096, 0.4931282722513089, 0.493891797556719, 0.4950916230366492, 0.49923647469458987, 0.4989092495636998, 0.5034904013961605, 0.4985820244328098, 0.4942190226876091, 0.4943280977312391, 0.4944371727748691, 0.49607329842931935, 0.49989092495637, 0.4966186736474695, 0.4976003490401396, 0.4961823734729494, 0.49967277486910994, 0.4906195462478185, 0.49367364746945896, 0.4977094240837696, 0.4918193717277487, 0.4953097731239092, 0.4917102966841187, 0.4942190226876091, 0.49465532286212915, 0.49487347294938916, 0.4899650959860384, 0.4911649214659686, 0.49334642233856896, 0.4932373472949389, 0.4956369982547993, 0.4981457242582897, 0.4944371727748691, 0.493891797556719, 0.49727312390924955, 0.4949825479930192, 0.50021815008726, 0.4930191972076789, 0.49214659685863876, 0.4907286212914485, 0.49574607329842935, 0.4899650959860384, 0.4906195462478185, 0.4920375218150087, 0.49160122164048864, 0.4885471204188482, 0.4950916230366492, 0.4980366492146597, 0.4969458987783595, 0.4912739965095986, 0.5004363001745201, 0.49607329842931935, 0.49901832460732987, 0.50032722513089, 0.4977094240837696, 0.48418411867364747, 0.4965095986038394, 0.49596422338568935, 0.4967277486910995, 0.4944371727748691, 0.49345549738219896, 0.49247382198952877, 0.5008726003490401, 0.49923647469458987, 0.49247382198952877, 0.5032722513089005, 0.49574607329842935, 0.4918193717277487, 0.4918193717277487, 0.4968368237347295, 0.493782722513089, 0.50010907504363, 0.493782722513089, 0.4950916230366492, 0.493891797556719, 0.49258289703315883, 0.4950916230366492, 0.493782722513089, 0.4968368237347295, 0.4898560209424084, 0.4887652705061082, 0.4932373472949389, 0.49236474694589877, 0.4920375218150087, 0.4954188481675393, 0.4968368237347295, 0.4896378708551483, 0.4943280977312391, 0.49400087260034903], "ratio_cruising": [0.0, 0.0, 0.0, 0.0, 0.0, 0.0, 0.0, 0.0, 0.0, 0.0, 0.0, 0.0, 0.0, 0.0, 0.0, 0.0, 0.0, 0.0, 0.0, 0.0, 0.0, 0.0, 0.0, 0.0, 0.0002181500872600349, 0.0, 0.0, 0.0, 0.0, 0.0, 0.0, 0.0, 0.0, 0.0, 0.0, 0.0, 0.0, 0.0, 0.0, 0.0, 0.0, 0.0, 0.0, 0.0, 0.0, 0.0, 0.0, 0.0, 0.0, 0.0, 0.0, 0.0, 0.0, 0.0, 0.0, 0.0, 0.0, 0.0, 0.0, 0.0, 0.0, 0.0, 0.0, 0.0, 0.0, 0.0, 0.0, 0.0, 0.0, 0.0, 0.0, 0.0, 0.0, 0.0, 0.0, 0.0, 0.0, 0.0, 0.0, 0.0, 0.0, 0.0, 0.0, 0.0, 0.0, 0.0, 0.0, 0.0, 0.0, 0.0, 0.0, 0.0, 0.0, 0.0, 0.0, 0.0, 0.0, 0.0, 0.0, 0.00010907504363001745],