{"timestamp": 10000, "trip_avg_length": [10.606227106227106, 10.840445269016698, 10.710332103321033, 10.67219152854512, 10.458715596330276, 10.366606170598912, 11.500963391136802, 10.43327239488117, 10.65, 10.932584269662922, 10.288566243194193, 11.011173184357542, 11.055970149253731, 10.764378478664193, 11.163809523809524, 10.244642857142857, 11.045283018867925, 9.992857142857142, 10.390287769784173, 10.342391304347826, 10.358558558558558, 10.398563734290844, 10.658671586715867, 10.308108108108108, 10.688191881918819, 10.683918669131238, 10.799625468164795, 10.66604823747681, 10.352087114337568, 10.447653429602887, 11.10586011342155, 10.839252336448599], "trip_std_length": [5.275615830906304, 5.7483204440858255, 5.371017299076289, 5.1499879475767765, 5.445193335447232, 5.6088382344618575, 5.777130768786675, 5.903909782287625, 5.521146217548993, 5.638878722462821, 5.674011497546244, 5.985384582883249, 5.6799465416081905, 5.539046096919938, 5.92362700683456, 5.508351440016758, 5.772562494255822, 5.5987835777979855, 5.283731573580265, 5.408040183790206, 5.259336930571533, 5.483043692569606, 5.561108732855273, 5.581551580194049, 5.567814802537747, 5.325443772336086, 5.5750850122158475, 5.5715765352889335, 5.374486866118549, 5.303935932009708, 5.8838910253827095, 6.006877009196713], "trip_avg_price": [681242, 688496, 684182, 683788, 670488, 671774, 706647, 670299, 675733, 687965, 666519, 698465, 700298, 685152, 691452, 674411, 690511, 654850, 679503, 669957, 677250, 681642, 680102, 672666, 681587, 679741, 677947, 675541, 669062, 680809, 693796, 682609], "trip_num_completed": [0, 0, 0, 0, 0, 0, 0, 0, 0, 0, 0, 0, 0, 0, 0, 0, 0, 0, 0, 0, 0, 0, 0, 0, 0, 0, 0, 0, 0, 0, 0, 0], "ratio_serving": [0.5791, 0.5843, 0.5812, 0.5809, 0.5714, 0.5723, 0.5972, 0.5712, 0.5751, 0.5838, 0.5685, 0.5913, 0.5926, 0.5818, 0.5863, 0.5741, 0.5856, 0.5601, 0.5777, 0.5709, 0.5761, 0.5792, 0.5781, 0.5729, 0.5793, 0.578, 0.5767, 0.575, 0.5704, 0.5788, 0.5879, 0.5799], "ratio_cruising": [0.0, 0.0002, 0.0, 0.0, 0.0, 0.0, 0.0, 0.0, 0.0, 0.0, 0.0, 0.0003, 0.0, 0.0, 0.0, 0.0, 0.0001, 0.0, 0.0002, 0.0, 0.0, 0.0, 0.0, 0.0, 0.0, 0.0, 0.0, 0.0, 0.0, 0.0, 0.0, 0.0], "ratio_online": [0.9996, 0.9996, 0.9996, 0.9994, 0.9994, 0.9992, 0.9991, 0.9987, 0.9989, 0.9985, 0.9987, 0.9982, 0.9984, 0.9986, 0.9986, 0.9983, 0.9982, 0.998, 0.9977, 0.9981, 0.998, 0.9976, 0.9976, 0.9988, 0.9991, 0.9993, 0.9991, 0.9993, 0.9996, 0.9997, 0.9978, 0.9977], "ratio_waiting": [0.0004, 0.0002, 0.0004, 0.0006, 0.0006, 0.0008, 0.0009, 0.0013, 0.0011, 0.0015, 0.0013, 0.0015, 0.0016, 0.0014, 0.0014, 0.0017, 0.0017, 0.002, 0.0021, 0.0019, 0.002, 0.0024, 0.0024, 0.0012, 0.0009, 0.0007, 0.0009, 0.0007, 0.0004, 0.0003, 0.0022, 0.0023], "ratio_to_request": [0.4205, 0.4153, 0.4184, 0.4185, 0.428, 0.4269, 0.4019, 0.4275, 0.4238, 0.4147, 0.4302, 0.4069, 0.4058, 0.4168, 0.4123, 0.4242, 0.4126, 0.4379, 0.42, 0.4272, 0.4219, 0.4184, 0.4195, 0.4259, 0.4198, 0.4213, 0.4224, 0.4243, 0.4292, 0.4209, 0.4099, 0.4178]}