{"timestamp": 10000, "trip_avg_length": [7.333333333333333, 7.54468085106383, 7.558441558441558, 7.014028056112225, 7.548728813559322, 7.419287211740042, 7.2592592592592595, 7.488659793814433, 7.285416666666666, 7.274793388429752, 7.412825651302605, 7.300202839756592, 7.7155172413793105, 7.237704918032787, 7.532631578947369, 7.391025641025641, 6.959349593495935, 7.373195876288659, 7.372708757637475, 7.480412371134021, 7.459677419354839, 7.152577319587629, 7.391752577319588, 7.2907949790794975, 7.112266112266112, 7.428571428571429, 7.231083844580777, 7.59704641350211, 7.588983050847458, 7.421052631578948, 7.435051546391753, 7.386831275720165, 7.402366863905326, 7.363636363636363, 7.319915254237288, 7.135416666666667, 7.395789473684211, 7.525316455696203, 7.084848484848485, 7.292887029288703, 7.05189620758483, 6.923232323232323, 7.425263157894737, 7.175732217573222, 7.640918580375783, 7.682773109243698, 7.3892339544513455, 7.589743589743589, 7.528925619834711, 7.594142259414226, 7.421267893660532, 7.569327731092437, 7.285420944558521, 7.547770700636943, 7.2946058091286305, 7.32563025210084, 7.179591836734694, 7.372188139059305, 7.3736951983298535, 7.358921161825726, 7.702991452991453, 7.074446680080483, 7.3640081799591, 7.5, 7.683083511777302, 7.143434343434343, 7.561290322580645, 7.59660297239915, 7.446502057613169, 7.375510204081633, 7.473794549266247, 7.2329896907216495, 7.510460251046025, 7.043737574552684, 7.485477178423237, 7.466666666666667, 7.446764091858038, 7.313278008298755, 7.569672131147541, 7.25, 7.2592592592592595, 7.066265060240964, 7.070281124497992, 7.3543788187372705, 7.24847250509165, 7.777537796976242, 7.155419222903886, 7.284810126582278, 7.7092050209205025, 7.132505175983437, 7.738947368421052, 7.658064516129032, 7.43035343035343, 7.3347107438016526, 7.455670103092784, 7.261758691206544, 7.254166666666666, 7.585623678646934, 7.75599128540305, 7.790697674418604, 7.323828920570265, 7.549473684210526, 7.251509054325956, 7.150905432595573, 7.174442190669371, 7.379166666666666, 6.874501992031872, 7.125514403292181, 7.428282828282828, 7.245360824742268, 7.75107296137339, 7.3, 7.345188284518828, 7.358415841584159, 7.229083665338646, 7.575692963752665, 7.361963190184049, 7.353061224489796, 7.707889125799573, 7.305668016194332, 7.6750524109014675, 7.3319755600814664, 7.435789473684211, 7.38477366255144, 7.598712446351931, 7.484725050916497, 7.41875, 7.474332648870637, 7.217922606924644, 7.422360248447205, 7.429460580912863, 7.49079754601227, 7.510683760683761, 7.637362637362638, 7.483402489626556, 7.21285140562249, 7.239754098360656, 7.6405919661733614, 7.5473251028806585, 7.387878787878788, 7.439175257731959, 7.288659793814433, 7.465553235908142, 7.654008438818566, 7.481953290870488, 7.165656565656565, 7.636363636363637, 7.190573770491803, 7.537313432835821, 7.180894308943089, 7.349896480331263, 7.617768595041323, 7.526639344262295, 7.180497925311204, 7.523908523908524, 7.527083333333334, 7.190184049079755, 7.181632653061224, 7.543524416135881, 7.557734204793029, 7.16359918200409, 7.785714285714286, 7.507276507276507, 7.779874213836478, 7.421276595744681, 7.572649572649572, 7.226694915254237, 7.372427983539095, 7.770212765957447, 7.07429718875502, 7.1387755102040815, 7.472049689440993, 7.58985200845666, 7.461052631578947, 7.41875, 7.565126050420168, 7.296523517382413, 7.480331262939958, 7.550724637681159, 7.267932489451477, 7.409937888198757, 7.321138211382114, 7.175196850393701, 7.376569037656904, 7.316973415132924, 7.175619834710743, 7.291322314049586, 7.533333333333333, 7.535269709543568, 7.390946502057613, 7.104294478527607, 7.434968017057569, 7.395445134575569, 7.468817204301075, 7.637316561844863, 7.283333333333333, 7.094302554027505, 7.651515151515151, 7.332657200811359, 7.632352941176471], "trip_std_length": [4.033807746815856, 4.149996591161804, 4.211898749703442, 3.7563311428205415, 4.085132001396135, 3.9700510264114057, 4.038226124574521, 4.087493530084978, 4.05994096751692, 4.006825911233416, 4.0776427224570995, 3.877843124941392, 4.005504907005803, 4.060108370290183, 3.903640462986561, 3.773343953191403, 3.725103532110062, 3.921248366967707, 3.963374659446833, 4.048434575284923, 3.949579792978364, 3.8257697233341745, 3.8362264024620556, 3.663280276004085, 4.058290872074737, 4.0497358116373, 3.9503274502679178, 3.9570574310481925, 4.166111951967073, 3.929855889599438, 4.07891336947642, 3.93498493263847, 4.078112347044281, 4.230448464982883, 4.1135093672984455, 4.000051540466559, 4.214159485141134, 4.186626337485734, 3.7520193522245324, 3.9934558957651856, 3.8883239667836653, 3.578579038658348, 4.226257979548254, 3.881950102429015, 4.306192558924874, 4.152831053058054, 3.8643735659310368, 4.058659300664342, 3.883264325398655, 4.082123390743082, 4.087293596573765, 3.9975602288581764, 4.241993663803641, 3.9397466048566026, 3.9357300342763404, 3.952057040945023, 3.996476999162052, 3.9356432574719302, 3.653039046972186, 3.8024087798465662, 3.937469525581654, 3.684282094654533, 3.8348329628151765, 4.1391841210901115, 4.1246883886565655, 3.879710538410157, 4.109392134052398, 4.228945491211075, 4.039951985387258, 3.8430711895908494, 4.041431765686493, 3.658818513867488, 3.886853633586183, 3.888873298722725, 4.1035351473955615, 4.033496114922005, 4.03647060646717, 3.904379661478715, 3.8120901143654775, 3.8403744101006736, 4.008564219970055, 4.038671809638408, 3.882444309523492, 3.8437766999161327, 4.03843206108177, 4.089201497060348, 3.8775184807591097, 3.9400975145120074, 4.003810814917262, 3.7729339207115764, 3.995689644363289, 3.9894032372506616, 3.840888681361772, 3.939568519894333, 3.832120596001912, 3.876544454408493, 3.9224226321950004, 4.135849110743632, 4.045673614831702, 4.220727838641154, 3.796104553260592, 4.255420659129904, 3.760314150637874, 4.027991119636423, 4.018970726821425, 4.131432274513148, 3.771114164650113, 3.9496167500169896, 4.03399795185418, 3.894432203722789, 4.191531535965611, 3.9756550822893746, 4.053007544137249, 4.018306311028814, 3.890087356142332, 3.766240709606998, 4.098214613346883, 4.043619415306465, 4.0421502042132476, 4.007797089327246, 4.225963754144272, 4.068378877119697, 4.15154798750066, 4.000269364670787, 4.117365930405816, 3.9751354068527536, 3.9735666309794446, 4.028499386394705, 4.04195972942525, 4.155327471584035, 4.017622400191539, 4.075516349525493, 3.9981156301813465, 4.232050612289231, 3.899773166059251, 4.128808999825032, 4.168320407730144, 3.975320438438299, 3.9337129767176715, 4.184031035076023, 4.0065553681109085, 3.959482322943626, 4.308844530337935, 4.086939521172025, 4.027927085894583, 3.99858969118069, 3.975467726934209, 3.944096189592064, 3.944875225346285, 3.8789876954786706, 3.983887708373263, 4.034020406575383, 3.9290984889031746, 4.053914833615953, 4.020212717651447, 4.099707285452083, 3.8369937756034473, 3.835078344163591, 3.9462572634752595, 3.8583921051927716, 4.0027884108767005, 4.281124993793687, 3.932439988935504, 3.9120002423475806, 3.908688421812865, 4.141856884279108, 3.873733703447926, 3.950201988631274, 4.470989937201876, 4.010090436544942, 3.6652152163627982, 3.91323408126279, 3.934568241983582, 3.955550257465474, 3.902144509219685, 4.055026213127765, 3.8732484239642324, 4.105887089650222, 4.0732189127690095, 4.031252533794294, 4.03730848840049, 3.8220743534122192, 3.789596066479473, 3.8865225696712926, 3.9738071664363965, 3.6736925807405827, 3.941704217186149, 3.9962134855663334, 4.217111067677999, 3.8350023646740645, 3.8926497201460015, 4.135566913778259, 3.9341026318858687, 3.9940272207014327, 4.075353070889582, 3.877678285893363, 3.8527599571782196, 4.095952478806961, 3.9411091351478604, 4.162321428452139],