{"timestamp": 9168, "trip_avg_length": [9.968680089485458, 10.785087719298245, 10.324731182795698, 10.32563025210084, 9.828693790149893, 9.88888888888889, 9.915555555555555, 9.814220183486238, 10.081196581196581, 10.136752136752136, 10.16043956043956, 9.853862212943632, 10.247863247863247, 9.849894291754756, 10.147982062780269, 9.78125, 10.359649122807017, 10.052401746724891, 9.876923076923077, 9.877155172413794, 9.972103004291846, 9.78310502283105, 10.503370786516854, 10.069767441860465, 10.30921052631579, 10.184090909090909, 10.4627539503386, 10.101479915433403, 9.808102345415778, 9.977225672877847, 9.934782608695652, 9.978354978354979, 10.00639658848614, 9.98286937901499, 10.449781659388647, 10.386877828054299, 10.88425925925926, 10.023640661938535, 10.2, 10.276231263383298, 10.02153110047847, 10.096997690531177, 10.202298850574712, 10.594036697247706, 9.978494623655914, 10.054585152838428, 10.299107142857142, 10.54109589041096, 10.224358974358974, 10.292307692307693, 10.255411255411255, 9.777027027027026, 10.276404494382023, 9.839912280701755, 10.356984478935699, 10.444690265486726, 9.917021276595746, 9.957805907172995, 9.792207792207792, 9.828054298642535, 9.9875, 9.717724288840262, 9.722814498933902, 10.244493392070485, 9.886993603411513, 10.205949656750573, 10.269736842105264, 10.24090909090909, 9.787418655097614, 10.266519823788546, 10.006493506493506, 10.008492569002124, 10.191666666666666, 10.147843942505133, 9.91891891891892, 9.891257995735607, 10.450765864332604, 9.848684210526315, 10.479545454545455, 10.43095238095238, 9.833333333333334, 10.058165548098435, 10.42361111111111, 9.551422319474836, 10.110874200426439, 10.399141630901287, 9.624434389140271, 10.361746361746361, 10.120253164556962, 10.63169164882227, 10.287305122494432, 10.538990825688073, 10.042283298097251, 9.930735930735931, 9.432017543859649, 10.06423982869379, 10.025806451612903, 9.937365010799136, 10.354508196721312, 9.775051124744376], "trip_std_length": [5.632194433922282, 5.341606507411851, 5.5073685911426935, 5.537975715272716, 5.301669468228558, 5.463504053554813, 5.333914783119453, 5.548772869309841, 5.281582766265372, 5.206268383115237, 5.434785783274565, 5.36356111154694, 5.290946925259621, 5.374425087443143, 5.576261582578997, 5.573753831201494, 5.196789145303554, 5.290830487240458, 5.173709467434705, 5.492156995086734, 5.380109077793956, 5.085657821067838, 5.431337481693202, 5.30201957501325, 5.528911514450746, 5.349615244525797, 5.416331678282462, 5.471650744432335, 5.250389205004173, 5.559903309256826, 5.418575835325718, 5.418779185081668, 5.171469379606739, 5.218125007845173, 5.544450189146407, 5.768702397950057, 5.79715227083981, 5.4255684831145565, 5.3770041764019005, 5.376084356936599, 5.6252179585833515, 5.525487051149392, 5.416491993890856, 5.436696686503546, 5.513187503025766, 5.652536504323109, 5.777094480045965, 5.645695874207806, 5.216968187340096, 5.577057217030209, 5.68963922650977, 5.2810484037275005, 5.211698648490378, 5.237205293909238, 5.2737742765018885, 5.20627966141986, 5.259593833882959, 5.480913587291584, 5.235586677052181, 5.378213997881304, 4.8135929494851695, 5.47334628427763, 4.943166523281407, 5.396168740703923, 5.423043831135368, 5.481290109146154, 5.115727034219345, 5.376815472758869, 5.630172633139933, 5.618713050737092, 5.275316309320015, 5.562225880976639, 5.636999546646149, 5.229311487838244, 5.1521220297297186, 5.560187092805329, 5.508128513369814, 5.101289656884316, 5.308187481508446, 5.502163561261632, 5.295853272577468, 5.595317572550686, 5.570150100765843, 5.38923507104375, 5.363589349212798, 5.585035119760087, 5.344184497002598, 5.342151087268306, 4.986510404266402, 4.98920697281175, 5.582732214043175, 5.794717848598839, 5.402832694896679, 5.810459212053962, 4.996466414504471, 5.033522060792669, 5.533804291898444, 5.097575671047825, 5.348446626405333, 5.042408216428748], "trip_avg_price": [526257, 586777, 570124, 584099, 543496, 526974, 529424, 505200, 558309, 562638, 548766, 558773, 569736, 552155, 536735, 555947, 561385, 544411, 531785, 542854, 551203, 506006, 556167, 511737, 557172, 531122, 550420, 566225, 545813, 570980, 542860, 546297, 558119, 552144, 569506, 544466, 558409, 500944, 557557, 571812, 494482, 518930, 526142, 549826, 551202, 545752, 548390, 548639, 567361, 555710, 564647, 513810, 541909, 531248, 556006, 560328, 551776, 558433, 534191, 513542, 569266, 524651, 539843, 552270, 549049, 528468, 555333, 536170, 535547, 553615, 547466, 557522, 583850, 586365, 566301, 551219, 567547, 530052, 546947, 518526, 551720, 531935, 532135, 514778, 563932, 577271, 502969, 592442, 570487, 590393, 547517, 544833, 564128, 543736, 509081, 556894, 552052, 544906, 604746, 567100], "trip_num_completed": [0, 0, 0, 0, 0, 0, 0, 0, 0, 0, 0, 0, 0, 0, 0, 0, 0, 0, 0, 0, 0, 0, 0, 0, 0, 0, 0, 0, 0, 0, 0, 0, 0, 0, 0, 0, 0, 0, 0, 0, 0, 0, 0, 0, 0, 0, 0, 0, 0, 0, 0, 0, 0, 0, 0, 0, 0, 0, 0, 0, 0, 0, 0, 0, 0, 0, 0, 0, 0, 0, 0, 0, 0, 0, 0, 0, 0, 0, 0, 0, 0, 0, 0, 0, 0, 0, 0, 0, 0, 0, 0, 0, 0, 0, 0, 0, 0, 0, 0, 0], "ratio_serving": [0.4860383944153578, 0.5364310645724258, 0.5236692844677138, 0.5364310645724258, 0.5006544502617801, 0.48549301919720766, 0.48669284467713786, 0.4674956369982548, 0.5146160558464223, 0.5174520069808028, 0.5042539267015707, 0.5157068062827225, 0.5231239092495636, 0.5081806282722513, 0.49454624781849915, 0.512107329842932, 0.5152705061082025, 0.5028359511343804, 0.49018324607329844, 0.49989092495637, 0.506871727748691, 0.4674956369982548, 0.5102530541012217, 0.4722949389179756, 0.5134162303664922, 0.4887652705061082, 0.5055628272251309, 0.5212696335078534, 0.5033813263525305, 0.5256326352530541, 0.49967277486910994, 0.5032722513089005, 0.512543630017452, 0.5090532286212914, 0.5220331588132635, 0.5013089005235603, 0.5128708551483421, 0.462478184991274, 0.5126527050610821, 0.5242146596858639, 0.45778795811518325, 0.47829406631762655, 0.48407504363001747, 0.5044720767888308, 0.5078534031413613, 0.5022905759162304, 0.5032722513089005, 0.5041448516579407, 0.5220331588132635, 0.5107984293193717, 0.5190881326352531, 0.4734947643979058, 0.4988001745200698, 0.4898560209424084, 0.5094895287958116, 0.5149432809773123, 0.5087260034904014, 0.5148342059336823, 0.49345549738219896, 0.4742582897033159, 0.5236692844677138, 0.48440226876090753, 0.49781849912739967, 0.5073080279232112, 0.5057809773123909, 0.48647469458987785, 0.5107984293193717, 0.49334642233856896, 0.493782722513089, 0.5085078534031413, 0.5042539267015707, 0.5143979057591623, 0.5341404886561955, 0.5395942408376964, 0.5203970331588132, 0.506762652705061, 0.5209424083769634, 0.4898560209424084, 0.5032722513089005, 0.47785776614310643, 0.5083987783595113, 0.49040139616055844, 0.4911649214659686, 0.47611256544502617, 0.5176701570680629, 0.5294502617801047, 0.4640052356020942, 0.543630017452007, 0.5232329842931938, 0.5415575916230366, 0.5038176265270506, 0.5011998254799301, 0.5181064572425829, 0.5004363001745201, 0.46913176265270506, 0.5126527050610821, 0.5086169284467714, 0.5018542757417103, 0.5533376963350786, 0.5215968586387435],