{"timestamp": 10000, "trip_avg_length": [7.439890710382514, 7.310013717421125, 7.435326842837274, 7.465924895688456, 7.341095890410959, 7.475728155339806, 7.264383561643836, 7.31043956043956, 7.260273972602739, 7.661087866108787, 7.467496542185339, 7.502777777777778, 7.297407912687586, 7.413698630136986, 7.080321285140562, 7.334257975034674, 7.138114209827357, 7.473177441540578, 7.556485355648536, 7.438186813186813, 7.181326116373477, 6.96070460704607, 7.59915611814346, 7.419667590027701, 7.048517520215634, 7.422437673130194, 7.513176144244105, 7.434301521438451, 7.5694249649368865, 7.034437086092716, 7.300275482093664, 7.206199460916442, 7.286107290233837, 7.495118549511855, 7.577247191011236, 7.190217391304348, 7.162634408602151, 7.4319444444444445, 7.215447154471545, 7.144192256341789, 7.4484181568088035, 7.149456521739131, 7.178474114441417, 7.39207650273224, 7.488950276243094, 7.123809523809523, 7.028074866310161, 7.416666666666667, 7.533980582524272, 7.2636612021857925, 7.351902173913044, 7.200797872340425, 7.355371900826446, 7.117962466487936, 7.224489795918367, 7.520949720670391, 7.39448275862069, 7.359781121751026, 7.228260869565218, 7.357336956521739, 7.344827586206897, 7.2262382864792505, 7.471167369901547, 7.208731241473397, 7.226902173913044, 7.146143437077131, 7.415637860082304, 7.489041095890411, 7.465924895688456, 7.302452316076295, 7.3087621696801115, 7.081225033288948, 7.3517520215633425, 7.149394347240915, 7.410714285714286, 7.509641873278237, 7.295640326975477, 7.267123287671233, 7.565034965034965, 7.435684647302905, 7.508940852819808, 7.4559228650137745, 7.5869262865090406, 7.347527472527473, 7.5366197183098596, 7.277628032345014, 7.292817679558011, 7.23046357615894, 7.347107438016529, 7.25103448275862, 7.706047819971871, 7.294520547945205, 7.553546592489569, 7.322010869565218, 7.607192254495159, 7.497260273972603, 7.188524590163935, 7.382191780821918, 7.359504132231405, 7.471724137931035, 7.165535956580733, 7.563559322033898, 7.1880108991825615, 7.0252324037184595, 7.551675977653631, 7.4502762430939224, 7.230040595399188, 7.120054570259208, 7.398630136986301, 7.554469273743017, 7.422283356258597, 7.184281842818428, 7.366255144032922, 7.4316939890710385, 7.116154873164219, 7.261103633916554, 7.648951048951049, 7.419889502762431, 7.479889042995839, 7.396358543417367, 7.268392370572207, 7.369209809264305, 7.319407008086253, 7.363511659807956, 7.354794520547945, 7.448611111111111, 7.121293800539084, 7.472878998609179, 7.35506241331484, 7.387448840381992, 7.30949105914718, 7.409090909090909, 7.500695410292073, 7.273469387755102, 7.393980848153215, 7.463788300835654, 7.54016620498615, 7.312925170068027, 7.5260989010989015, 7.370013755158184, 7.495185694635488, 7.497919556171984, 7.320163487738419, 7.376693766937669, 7.350543478260869, 7.511173184357542, 7.472954230235784, 7.4937062937062935, 7.4370677731673585, 7.560224089635854, 7.417344173441735, 7.510431154381084, 7.517241379310345, 7.46978021978022, 7.480959097320169, 7.2210242587601075, 7.542253521126761, 7.388579387186629, 7.352702702702703, 7.641958041958042, 7.275067750677507, 7.2455418381344305, 7.226832641770401, 7.390476190476191, 7.426592797783933, 7.279229711141678, 7.291553133514986, 7.366255144032922, 7.4673157162726005, 7.4430555555555555, 7.304761904761905, 7.419310344827586, 7.3, 7.508310249307479, 7.262585034013606, 7.350205198358413, 7.3273972602739725, 7.621318373071529, 7.188602442333786, 7.06864064602961, 7.095046854082999, 7.381471389645776, 7.6573426573426575, 7.426430517711172, 7.642061281337047, 7.5048951048951045, 7.5055555555555555, 7.286675639300134, 7.440165061898212, 7.434119278779473, 7.291497975708502, 7.5986206896551725, 7.271117166212534, 7.291891891891892, 7.299168975069252, 7.549931600547196, 7.5759668508287294, 7.448753462603878, 7.435506241331484, 7.205369127516779], "trip_std_length": [3.789249098597924, 3.902082891411227, 4.217775270346105, 3.991457352156124, 3.949001455767564, 3.777410270712588, 3.8832224248458487, 3.9243954982349623, 4.037927710956651, 3.970365178842799, 3.9750233641007826, 3.7308761341533523, 3.887076758066718, 3.9401451565115826, 3.9924930767286657, 4.016340380586245, 3.816445180310252, 3.961511347921548, 4.051785140109554, 4.0844818908582745, 3.647844433734524, 4.143735343015985, 3.9641075128782854, 3.8654375749371894, 4.0456048110794125, 4.16889891427853, 4.040043123770764, 3.904749266698075, 4.090287724174135, 3.6880161460769068, 3.735124756805722, 3.878104179222803, 3.893437797975028, 3.8999397261235336, 4.019571397524303, 3.936204853458874, 3.88499339832806, 3.9687433775583907, 3.729096009675183, 3.8524916488283925, 4.051901192642604, 4.021943847609888, 3.870101261622943, 3.920743845261797, 3.8930650202213672, 3.9534249911940575, 3.926192456178274, 4.046431898736356, 3.99677704340799, 3.9695069596490673, 3.9290337443629957, 3.7453303410246375, 3.8577163289844054, 3.8108106599502816, 3.938983463545684, 4.032113713360772, 4.110403609855075, 4.125324273616442, 3.9945023656693928, 3.838984166408942, 3.980953464625637, 3.854232488023213, 4.033118683670542, 4.0496684586400296, 3.9046215887457807, 3.997667877118502, 4.050277595254612, 4.046715618829793, 4.181706494620934, 4.033385131750158, 3.8834649653062145, 3.7480656836294592, 3.9332696497910757, 3.623687812341723, 3.957569674883079, 3.7400800854124725, 3.9905962433510243, 3.931068898331634, 4.079237189442224, 4.005487131323381, 3.968876835438271, 3.939992296925886, 3.931668985463574, 3.7841985573926658, 3.97997591600823, 3.848689458280076, 4.119070768314568, 3.9600487216462854, 4.084595957983142, 3.873216915520355, 4.0644532944548235, 3.8552007360617693, 4.016947487296938, 3.7872575657653744, 3.9052474893860865, 4.0419875960692915, 3.9639743135753216, 3.9201566388103877, 3.879587291228077, 4.063406137853009, 3.979561864925186, 3.9652693909148335, 3.8514752642400376, 3.8612249197522113, 4.245123391621652, 4.093049280167245, 3.884129099512635, 3.953245717425453, 3.9605933259220567, 3.821593253822187, 4.048767198997272, 3.8766442738164253, 3.8726663182189833, 3.85806668568158, 3.7084852953230274, 3.874433209973646, 4.031499523774151, 4.024502575755854, 4.033486460264436, 4.05992067994795, 3.957906360201954, 3.878070839417984, 3.9380821845874983, 3.8498337680163863, 3.9998472948896104, 4.030801307692896, 3.80683941852361, 3.8096614498234675, 4.063829152619506, 3.962299229394801, 3.8373686593695697, 4.1810770094172724, 3.8935326091398186, 3.8541492180040358, 3.9331857431248376, 3.849638860141579, 4.134734828902562, 3.822601459682993, 3.9404049759934523, 3.94729135968137, 3.880209928865313, 4.041780220395236, 3.8595508732621995, 3.8662039134348896, 3.9282906073680097, 3.947793141829694, 4.178692833506139, 4.026958400045207, 3.879920751725069, 4.121731429605165, 4.002278821498257, 3.850775578246861, 3.9936215493793426, 3.927805773387337, 4.0537629783505755, 4.094199437222926, 3.966449505818259, 3.9640772654953955, 4.046844715930864, 3.964235436958573, 3.7277181288268526, 3.808705646040526, 3.7606096013347323, 4.036050695348053, 4.270722563742326, 3.9935154399308312, 3.854578584215235, 3.8216784490715177, 4.099421906958966, 4.123386094680253, 3.893782473394396, 3.9713681574008124, 3.866841831963735, 4.044155548152319, 4.025821602617602, 4.047317172113271, 4.013120955202869, 4.259755894593936, 4.082724012257675, 4.000588672539824, 4.04033407391793, 3.948439489440101, 4.117343320085547, 4.118398813213911, 4.066475781015011, 3.9632459796599457, 3.9482727900553374, 3.848045437124724, 4.106415817576181, 4.100864335966265, 3.9345242434029717, 3.9244940145089746, 4.101413274717911, 3.8577670602325562, 4.014064522505587, 4.040311154157275, 3.946958725553331, 4.013240530316836, 4.138257460945107, 3.931558518008272],