{"timestamp": 20000, "trip_avg_length": [33.46, 32.57216494845361, 33.318627450980394, 32.07981220657277, 35.6, 33.23039215686274, 30.44878048780488, 34.17857142857143, 32.707317073170735, 35.652849740932645, 33.66822429906542, 33.794117647058826, 34.041666666666664, 34.67857142857143, 34.87309644670051, 33.285, 32.41463414634146, 32.48571428571429, 38.247252747252745, 34.46560846560847, 32.990243902439026, 32.15577889447236, 34.736040609137056, 32.35858585858586, 33.73300970873787, 34.90860215053763, 35.92307692307692, 33.96078431372549, 35.47540983606557, 33.66831683168317, 33.840796019900495, 33.588235294117645, 35.42424242424242, 33.78350515463917, 32.675, 34.676767676767675, 33.803030303030305, 34.915, 35.82383419689119, 34.03448275862069, 32.228155339805824, 34.23529411764706, 32.02843601895734, 34.911764705882355, 33.88324873096447, 33.81773399014779, 33.85436893203884, 32.63942307692308, 35.95897435897436, 32.92574257425743, 33.95918367346939, 33.10679611650485, 34.84183673469388, 33.65196078431372, 32.954081632653065, 33.45273631840796, 32.88944723618091, 30.308755760368662, 32.896907216494846, 32.80402010050251, 34.036458333333336, 33.34146341463415, 32.16831683168317, 32.01449275362319, 32.38834951456311, 33.472361809045225, 33.397905759162306, 33.16831683168317, 35.95477386934673, 34.73684210526316, 32.65989847715736, 31.66826923076923, 33.175, 32.700980392156865, 33.99476439790576, 31.146341463414632, 34.58163265306123, 31.39512195121951, 31.292079207920793, 34.98453608247423, 33.447916666666664, 33.41326530612245, 35.13744075829384, 35.1871921182266, 34.50761421319797, 37.0, 31.607655502392344, 32.72192513368984, 35.345549738219894, 33.05612244897959, 35.54871794871795, 36.114427860696516, 35.89784946236559, 34.58974358974359, 32.688442211055275, 34.53846153846154, 34.47979797979798, 33.90196078431372, 33.5130890052356, 34.35643564356435], "trip_std_length": [18.21560869144921, 15.5137932792382, 16.817691609055196, 17.60063528416086, 17.999829059017372, 17.239968889101668, 16.756027265802064, 17.44857604856193, 18.34100284839492, 18.548038865739606, 16.358633138355337, 17.959288511221605, 17.084298753208717, 18.107495065608063, 18.380058081574948, 17.138954898126084, 18.14813786020429, 17.705589263180784, 17.849165589259968, 18.47592834835298, 16.903741898893692, 17.983824509578415, 18.923070831763397, 16.783761452822624, 17.301483680412932, 18.71079359542903, 19.12842510356775, 17.064997755770726, 18.81948173015392, 16.63033986717161, 17.401736270757553, 19.352687882006524, 17.843931095790847, 16.017855246036003, 16.788370230609043, 18.32083777076784, 16.935307416221, 19.184831899185355, 19.306098577748763, 17.741543273835777, 17.81298161658954, 17.300219011754482, 17.01293477583056, 18.13787227354144, 16.86409015197289, 17.639277734735355, 18.795737880323586, 17.276033411532595, 16.81142343534358, 18.947280446802164, 18.03336950378774, 19.694961467615485, 18.648206257611097, 17.413130218270986, 17.674001824236978, 16.89148877423402, 17.45828737840326, 17.244021653421367, 17.76100474082934, 16.724693142871534, 18.43326148903834, 17.856350590056273, 16.937607875177683, 16.56475458037089, 17.921746301066236, 18.37898050960966, 17.792839191770593, 17.349391125179846, 18.93716042730186, 18.3068641290153, 19.9390203871666, 17.21946999777978, 19.0610696184658, 18.559226842722072, 18.465901044473355, 17.15746438656032, 19.453987298860866, 17.358626887635793, 16.784859886798838, 17.471177089952807, 16.170555669479086, 18.92217216764126, 18.104883242974836, 18.923086051483757, 18.3719658676206, 18.630112213324995, 16.73917957311059, 15.93092376865627, 18.05013287898726, 18.11561265039888, 17.920377625869953, 18.95246320372571, 17.869156935030155, 18.046262413966524, 17.33626683644867, 18.871557969527547, 17.616197091290385, 17.948734077334098, 16.976996644441456, 19.311456692144972], "trip_avg_price": [732944, 691787, 748372, 750084, 763628, 746064, 678862, 744054, 732073, 758140, 792895, 761458, 718046, 749581, 755017, 731385, 725220, 746643, 776722, 714490, 743691, 702599, 753694, 699856, 767725, 713833, 773319, 762448, 712536, 752327, 748002, 751795, 772004, 723825, 717659, 757369, 734267, 768120, 766895, 756785, 727129, 773369, 738362, 786527, 731370, 753030, 770643, 747447, 774039, 727516, 727930, 747029, 749901, 756843, 708722, 737008, 730577, 716311, 691090, 712493, 718530, 751989, 711693, 724416, 730989, 732139, 699693, 730827, 793513, 732331, 701699, 718244, 726394, 730667, 714275, 698414, 742735, 700471, 688183, 747583, 701800, 719278, 826887, 787634, 747641, 756771, 719500, 667993, 747984, 713872, 768538, 801963, 734874, 743354, 713004, 743056, 756138, 759169, 702552, 766793], "trip_num_completed": [0, 0, 0, 0, 0, 0, 0, 0, 0, 0, 0, 0, 0, 0, 0, 0, 0, 0, 0, 0, 0, 0, 0, 0, 0, 0, 0, 0, 0, 0, 0, 0, 0, 0, 0, 0, 0, 0, 0, 0, 0, 0, 0, 0, 0, 0, 0, 0, 0, 0, 0, 0, 0, 0, 0, 0, 0, 0, 0, 0, 0, 0, 0, 0, 0, 0, 0, 0, 0, 0, 0, 0, 0, 0, 0, 0, 0, 0, 0, 0, 0, 0, 0, 0, 0, 0, 0, 0, 0, 0, 0, 0, 0, 0, 0, 0, 0, 0, 0, 0], "ratio_serving": [0.3346, 0.31595, 0.33985, 0.34165, 0.3471, 0.3391, 0.3121, 0.33685, 0.33525, 0.3441, 0.36025, 0.3447, 0.3268, 0.33985, 0.3435, 0.33285, 0.33225, 0.34115, 0.3503, 0.32605, 0.33965, 0.32035, 0.34215, 0.32165, 0.3488, 0.32465, 0.35025, 0.3464, 0.3246, 0.34045, 0.3406, 0.3426, 0.35115, 0.32885, 0.32675, 0.3433, 0.33465, 0.34915, 0.3479, 0.3461, 0.33315, 0.3492, 0.3379, 0.3561, 0.33375, 0.34325, 0.3487, 0.33945, 0.3506, 0.33255, 0.3328, 0.341, 0.34145, 0.3434, 0.3236, 0.3362, 0.3305, 0.32885, 0.31955, 0.3264, 0.32675, 0.34175, 0.32565, 0.33135, 0.3336, 0.3335, 0.31895, 0.335, 0.35775, 0.3316, 0.3217, 0.32935, 0.33175, 0.33355, 0.32465, 0.31925, 0.3389, 0.3218, 0.3173, 0.33935, 0.3211, 0.3288, 0.3707, 0.35715, 0.3399, 0.34265, 0.3303, 0.3067, 0.33895, 0.3253, 0.34825, 0.36295, 0.33385, 0.33725, 0.32525, 0.3368, 0.3415, 0.3458, 0.32005, 0.347], "ratio_cruising": [0.1836, 0.16925, 0.17115, 0.1822, 0.18325, 0.16575, 0.17225, 0.15555, 0.1673, 0.1595, 0.1876, 0.1777, 0.16545, 0.1597, 0.179, 0.1613, 0.1766, 0.1772, 0.16115, 0.16985, 0.1763, 0.1573, 0.1715, 0.17015, 0.1859, 0.16155, 0.16835, 0.16615, 0.1611, 0.1599, 0.179, 0.1748, 0.181, 0.16555, 0.1783, 0.16795, 0.16355, 0.18715, 0.16655, 0.1894, 0.1801, 0.1727, 0.1729, 0.18125, 0.17015, 0.17255, 0.16895, 0.16965, 0.1789, 0.19675, 0.1706, 0.17615, 0.16795, 0.179, 0.1885, 0.16735, 0.1655, 0.17345, 0.18115, 0.164, 0.1642, 0.17895, 0.1702, 0.183, 0.1662, 0.15375, 0.16945, 0.1793, 0.1632, 0.15895, 0.1729, 0.17315, 0.1724, 0.16325, 0.16905, 0.15935, 0.17255, 0.16575, 0.1796, 0.1753, 0.168, 0.1709, 0.1721, 0.17695, 0.16825, 0.16785, 0.17245, 0.17385, 0.1669, 0.16245, 0.15505, 0.16395, 0.15655, 0.162, 0.16545, 0.1775, 0.16185, 0.1822, 0.15445, 0.1667], "ratio_online": [0.6025, 0.5743, 0.61215, 0.6139, 0.61945, 0.61835, 0.57955, 0.61205, 0.62915, 0.632, 0.64415, 0.6075, 0.59395, 0.61895, 0.61805, 0.61195, 0.6139, 0.62675, 0.62565, 0.59515, 0.62285, 0.59205, 0.6161, 0.60375, 0.61935, 0.5909, 0.631, 0.63355, 0.5958, 0.61465, 0.6138, 0.62495, 0.6331, 0.5937, 0.58205, 0.6179, 0.618, 0.62035, 0.6322, 0.62885, 0.61275, 0.61515, 0.6279, 0.6303, 0.61285, 0.62945, 0.624, 0.6129, 0.62145, 0.58815, 0.6154, 0.6247, 0.6267, 0.60995, 0.5723, 0.62035, 0.58555, 0.6147, 0.60385, 0.61245, 0.5928, 0.6109, 0.60125, 0.6009, 0.61665, 0.6236, 0.576, 0.61925, 0.63925, 0.5972, 0.59445, 0.61295, 0.6082, 0.6203, 0.5817, 0.59425, 0.6222, 0.6074, 0.59235, 0.60565, 0.5925, 0.6053, 0.64145, 0.64165, 0.6184, 0.6133, 0.61905, 0.5616, 0.6082, 0.59685, 0.64115, 0.662, 0.61405, 0.6126, 0.59665, 0.5934, 0.60935, 0.62365, 0.59185, 0.62275],