{"timestamp": 10000, "trip_avg_length": [7.717622080679406, 7.2809917355371905, 7.29938900203666, 7.33264887063655, 7.354639175257732, 7.401673640167364, 7.101593625498008, 7.22360248447205, 7.303462321792261, 7.365702479338843, 7.306382978723405, 7.548523206751055, 7.446088794926005, 7.4989690721649485, 7.583157894736842, 7.702991452991453, 7.584199584199585, 7.205588822355289, 7.628755364806867, 7.521649484536082, 7.810126582278481, 7.31875, 7.420502092050209, 7.118367346938776, 7.404210526315789, 7.1075050709939145, 7.136734693877551, 7.2677824267782425, 7.222680412371134, 7.542268041237113, 7.357723577235772, 7.221052631578948, 7.445360824742268, 7.602459016393443, 7.306748466257669, 7.546413502109704, 7.756701030927835, 7.259713701431493, 7.26844262295082, 7.5, 7.272540983606557, 7.1875, 7.390041493775934, 7.402414486921529, 7.0350515463917525, 7.095435684647303, 7.343621399176954, 7.448770491803279, 7.644957983193278, 7.424116424116424, 7.280487804878049, 7.140206185567011, 7.373195876288659, 7.453416149068323, 7.638253638253638, 7.380081300813008, 7.232323232323233, 7.3625, 7.49895178197065, 7.525, 7.294845360824742, 7.713684210526316, 7.128712871287129, 7.51340206185567, 7.338877338877339, 7.319838056680162, 7.594142259414226, 7.240480961923848, 7.547520661157025, 7.364948453608247, 7.322916666666667, 7.517894736842106, 7.1086519114688125, 7.295833333333333, 7.604301075268817, 7.321576763485477, 7.435684647302905, 7.361963190184049, 7.617954070981211, 7.283057851239669, 7.190775681341719, 7.5850622406639, 7.424430641821946, 7.541666666666667, 7.390086206896552, 7.472505091649695, 7.664570230607967, 7.22920892494929, 7.177551020408163, 7.697286012526096, 7.58494623655914, 7.1882591093117405, 7.320247933884297, 7.416149068322981, 7.351351351351352, 7.216768916155419, 7.763102725366877, 7.45625, 7.757510729613734, 7.2407407407407405, 7.48125, 7.433609958506224, 7.395537525354969, 7.274428274428274, 7.571129707112971, 7.396659707724426, 7.370833333333334, 7.3768115942028984, 7.61344537815126, 7.078947368421052, 7.526639344262295, 7.542268041237113, 7.427974947807933, 7.299376299376299, 7.25360824742268, 7.516806722689076, 7.570247933884297, 7.403726708074534, 7.550209205020921, 7.496828752642706, 7.009940357852883, 7.1067761806981515, 7.111340206185567, 7.2092050209205025, 7.387368421052631, 7.424116424116424, 7.337579617834395, 7.448851774530271, 7.812765957446809, 7.419624217118998, 7.288617886178862, 7.343373493975903, 7.429718875502008, 7.3097713097713095, 7.740976645435244, 7.221343873517786, 7.267893660531698, 7.29375, 7.376016260162602, 7.173469387755102, 7.557575757575758, 7.1546184738955825, 7.3312629399585925, 7.319755600814664, 7.349794238683128, 7.379098360655738, 7.566945606694561, 7.064646464646465, 7.252566735112937, 7.347368421052631, 7.540041067761807, 7.274949083503055, 7.3347107438016526, 7.328542094455853, 7.433198380566802, 7.525562372188139, 7.251497005988024, 7.553014553014553, 7.222903885480573, 7.338056680161944, 7.533333333333333, 7.178926441351889, 7.278787878787878, 7.123173277661795, 7.576131687242798, 7.60167714884696, 7.144897959183673, 7.545073375262055, 7.546436285097192, 7.440082644628099, 7.304703476482618, 7.3806584362139915, 7.779443254817987, 7.3518123667377395, 7.254736842105263, 7.70276008492569, 7.2594142259414225, 7.329243353783231, 7.226611226611227, 7.18595041322314, 7.461052631578947, 7.451882845188284, 7.337552742616034, 7.41407867494824, 7.45, 7.4258872651356995, 7.128309572301426, 7.496842105263158, 7.10351966873706, 7.365503080082136, 7.56900212314225, 7.425619834710743, 7.30607966457023, 7.2, 7.2053941908713695, 7.4041237113402065, 6.98, 7.592356687898089, 7.661733615221987, 7.604210526315789], "trip_std_length": [4.345836218114033, 3.848307861466636, 3.930918181920657, 3.8960072445522282, 4.189580118679727, 3.94387366155951, 3.744802167951044, 3.9315707173786816, 3.768716797735472, 3.9107477094564214, 3.917196362539029, 4.131637727165001, 4.165923186055578, 4.044915220789352, 4.121181553404543, 4.0450760961765075, 4.041582180470503, 4.017880284259044, 4.064072324480527, 4.060628837698822, 4.166095672033215, 4.054378099145827, 3.916620276750739, 3.813278276233588, 3.8477311370529894, 3.792086943878491, 3.850215677900052, 3.7716526485899875, 3.7968925209162188, 3.960210216526609, 4.129273014818411, 3.9825380623771256, 3.9176581637966073, 4.297081798852013, 4.002552286460657, 3.9242508228958974, 3.9796624012776847, 3.613204696635913, 3.8628734145969212, 3.8988741339257316, 3.9527828050701252, 4.1774071918804125, 3.942710117269298, 4.189071991519384, 3.7345983716248483, 3.635809098086801, 4.187875706709873, 3.9878707655098298, 3.9420694505369176, 4.0520214532437135, 3.889033121977109, 3.8337798578849864, 4.051587838512066, 4.103652330547552, 3.936886739506345, 3.939049036311093, 3.8717528795323872, 4.109674814791717, 3.9342738124890704, 4.152735042515154, 3.893117668690775, 4.031732304352711, 3.7449989526274723, 4.062694978438672, 4.2465010652070445, 3.88328338552788, 4.131029534803542, 4.156059459343366, 3.909594847219828, 3.9062213459465576, 3.9714994850461984, 4.01329314698746, 3.9238559436298788, 4.035775345443411, 4.119502892509811, 4.030782900606929, 4.0588273310209075, 3.9404910044965527, 4.091103845965668, 3.9647780555424648, 3.85905763281825, 4.123360342584468, 3.990151363751121, 3.994570968479872, 3.9774131681043334, 3.9498843260118743, 3.932430137452942, 4.007371349756514, 4.166815713008247, 3.822553243884308, 4.065298894870631, 3.8697131631751507, 4.004997283933401, 3.8559341047830085, 4.100002946508151, 3.7902637337722465, 4.270279182141459, 4.083269025854162, 4.322214976304051, 3.768734637537589, 3.8761641396488873, 3.9808607251984838, 3.9612397363189022, 3.8710438104580245, 4.057402344668735, 4.028767808313538, 4.019222475250102, 3.8795050723417286, 4.2935543711210595, 3.930036172488489, 4.099593564552174, 3.8802655624802784, 4.076324313338471, 3.8454795160955717, 4.08310731319494, 3.9169062420311223, 3.8102221064541975, 3.914794704914451, 4.1053834895659405, 4.07234919894629, 3.739784043001911, 3.98107629380445, 4.053759265574218, 3.987186458314172, 3.979612308683325, 3.965411852905143, 3.982798693992322, 4.067411314151607, 3.8958579762044714, 4.1027144973902585, 3.9834556892191944, 3.6383397766538748, 4.115315737066615, 3.9715317705723363, 3.9353585642452655, 3.790775543562551, 3.9100065456538466, 4.019116105667182, 3.802929174817577, 3.9785791490155447, 3.966554388762149, 3.8483017632279743, 3.748014775996797, 3.724963502786551, 3.9148695586655227, 3.878499689671793, 4.138137186417387, 3.7893874436701607, 3.6963643527523047, 4.138569346125178, 4.372062040618798, 4.114422963337195, 3.8013092730081994, 3.82401180075779, 4.0770155459925075, 4.0824654902691515, 3.742807174221537, 4.174195088143803, 4.018032837903085, 4.112916489970045, 3.9537605165490515, 4.069939409838691, 3.984699847441023, 3.9181960765106183, 4.0766026986824935, 4.051119538376493, 3.9909878693452754, 3.916925837118185, 3.8773729221288358, 4.219509586456068, 4.041097459212656, 3.8363053935570077, 4.0801086014554535, 4.044251747242121, 3.9836975265925374, 4.035507585048012, 3.850184105792936, 4.186840768862069, 3.969818404257878, 4.001875712797894, 4.082318606840508, 3.990677762886306, 4.035703411774573, 3.8703588421888244, 3.81411850890871, 3.9366377666571286, 3.86980490647069, 4.010183159790741, 3.7929934360785387, 3.8077356828275235, 4.019989181201939, 4.010915456304597, 3.8709021394383614, 4.10018858002319, 3.8116076195541733, 3.9252793590458213, 3.848584155244627, 3.9733006179481194, 4.046734746787505, 4.169460795366677],