{"timestamp": 9168, "trip_avg_length": [13.23546511627907, 12.49862258953168, 13.313782991202347, 12.619047619047619, 12.883008356545961, 13.334319526627219, 12.72905027932961, 12.331521739130435, 13.540298507462687, 13.468842729970326, 12.12, 12.985754985754985, 12.542699724517906, 13.274052478134111, 12.741666666666667, 12.911931818181818, 13.180515759312321, 12.980169971671389, 13.142028985507247, 13.932515337423313, 12.905982905982906, 13.02865329512894, 12.560773480662984, 12.443835616438356, 13.52818991097923, 13.17579250720461, 12.87605633802817, 12.48360655737705, 12.625, 12.603351955307263, 12.825352112676056, 13.505882352941176, 13.243401759530792, 12.870786516853933, 12.985549132947977, 14.77450980392157, 13.711711711711711, 13.884146341463415, 12.889830508474576, 12.71111111111111, 12.732954545454545, 13.220930232558139, 13.289855072463768, 12.41304347826087, 12.704735376044567, 13.33527696793003, 12.43013698630137, 13.213256484149856, 12.946022727272727, 12.680672268907562, 12.814084507042253, 13.225146198830409, 11.70843989769821, 13.320588235294117, 12.860335195530727, 11.817480719794345, 12.306666666666667, 13.453216374269006, 13.72644376899696, 12.501369863013698, 13.201729106628243, 13.50887573964497, 13.89090909090909, 12.005305039787798, 13.807339449541285, 13.048991354466859, 12.868347338935575, 12.714285714285714, 12.813559322033898, 12.602209944751381, 11.916666666666666, 12.833333333333334, 13.55457227138643, 13.165697674418604, 12.467391304347826, 12.390835579514825, 11.965879265091864, 12.513966480446927, 13.105413105413106, 13.66966966966967, 11.459798994974875, 13.606606606606606, 12.783098591549296, 12.957983193277311, 13.284883720930232, 13.131964809384165, 11.928759894459104, 13.479166666666666, 12.774647887323944, 13.51951951951952, 13.0945558739255, 12.765714285714285, 13.226361031518625, 11.895287958115183, 13.488095238095237, 13.060344827586206, 14.051987767584098, 12.617728531855956, 13.110795454545455, 12.830508474576272, 13.324561403508772, 11.921671018276763, 12.467032967032967, 12.091152815013405, 12.767955801104973, 12.968838526912181, 12.158176943699733, 13.573573573573574, 13.025280898876405, 13.781818181818181, 13.375366568914956, 14.058823529411764, 13.042857142857143, 11.421052631578947, 13.236994219653178, 13.263768115942028, 13.43108504398827, 13.31764705882353, 13.086206896551724, 13.844036697247706, 12.618384401114206, 12.712676056338028, 12.753462603878116, 13.716417910447761, 13.26086956521739, 12.892655367231638, 13.163742690058479, 12.850282485875706, 12.356756756756758, 13.149122807017545, 13.375358166189113], "trip_std_length": [11.129513367929555, 10.961835787529749, 11.75899546100888, 11.207514295507588, 11.02050334666515, 11.509093638131349, 11.413350738310124, 10.815341653207927, 11.81009004100159, 11.163197648827127, 10.797728156113829, 11.33043310992508, 11.238472901255708, 11.319149524946278, 11.17772773072516, 11.188756263438039, 11.073294173825007, 11.21674956449681, 11.481054410461239, 11.56768761423658, 11.426701552258208, 11.257816573519259, 11.416906502983208, 11.264697994375387, 11.295068932216324, 11.512714016517174, 11.19866019135026, 11.112858898338592, 10.955259391421698, 10.804209294764055, 10.97387060902498, 11.365193023294738, 11.293056758470058, 10.639925891513382, 11.476657353289388, 12.291854093150045, 11.60826105399386, 11.454522693020676, 11.17638543969813, 10.86814350337152, 11.447620054274372, 11.3338874083798, 11.357818540898666, 10.852671654555293, 11.350174792791082, 11.431943781610924, 10.962884893435405, 11.415927371556796, 11.303908016877566, 11.249599636655043, 11.044816460256182, 11.25328590643978, 10.710890572215192, 11.36093097396317, 10.877301562111754, 10.55674361783075, 11.011476841106385, 11.666760834455589, 11.591499340382343, 11.045763994992122, 11.338628342415308, 11.272114801971266, 11.795488701999941, 11.230404612999132, 11.76955882519901, 11.162432769011057, 11.000485388441568, 11.487035335207988, 11.227701682505625, 10.662154663925588, 10.671873729054749, 11.130348224595368, 11.456438003136187, 11.634396081777043, 10.91762743671357, 11.238930323986057, 11.027352824505606, 11.43666432885671, 11.446033378424124, 11.818911864831705, 10.661872235099562, 11.469958864475023, 11.214213640814455, 11.309296855784913, 11.276142931210291, 11.322655458771932, 10.833237786661444, 11.64145074705175, 11.09370736885897, 11.455505138025853, 10.93689631570662, 11.303449356145174, 11.222051240118509, 10.714990663415444, 11.612794716767658, 11.330425517597721, 11.569510205067951, 11.060554370576405, 11.446352011328853, 11.54086702140963, 11.480847728879386, 11.196284600375543, 10.962298577297295, 11.094149945542519, 11.25869931146097, 11.07873664878506, 11.079007945290085, 11.558630727150554, 11.16132624614034, 11.64087507242435, 11.589755952885522, 11.727541919890545, 11.341750575746627, 10.548285344263155, 11.244339163313235, 11.551898909270195, 11.398362605377871, 11.531248353119226, 11.11789147724165, 11.632371507371293, 11.232007420964582, 11.190374757125863, 11.203859912103594, 11.17754407936942, 11.093871103246627, 11.335649593476635, 11.43131412906746, 11.248988023756617, 11.132726057950643, 11.140174746501028, 11.194020620451198], "trip_avg_price": [520089, 516944, 516983, 515023, 528805, 512389, 519428, 516755, 516817, 516856, 519809, 519568, 518777, 518699, 523537, 518051, 525370, 522915, 516423, 520177, 519555, 518028, 519718, 517263, 519796, 521743, 521323, 521004, 517631, 513763, 518891, 524224, 513636, 522837, 511129, 514375, 523957, 522671, 523104, 522202, 510009, 518611, 523244, 520851, 524149, 522824, 520776, 523830, 520268, 517110, 522544, 518318, 523309, 515443, 526210, 525028, 527392, 525445, 513662, 523104, 522762, 520636, 523208, 514997, 516078, 519656, 525471, 517224, 517517, 520444, 521997, 517338, 524735, 515430, 523996, 527522, 523371, 508661, 525396, 518624, 520929, 516524, 516612, 528971, 521144, 510045, 515697, 515391, 516423, 511777, 521196, 509996, 527649, 518484, 516205, 518142, 524683, 519018, 529215, 519809, 519363, 521375, 517748, 514424, 528424, 525445, 516322, 515062, 530472, 518077, 519871, 518015, 520916, 523091, 522622, 521958, 523931, 515329, 518904, 515085, 515557, 515863, 530410, 524683, 521935, 520369, 511585, 518256, 521463, 511334, 534929], "trip_num_completed": [0, 0, 0, 0, 0, 0, 0, 0, 0, 0, 0, 0, 0, 0, 0, 0, 0, 0, 0, 0, 0, 0, 0, 0, 0, 0, 0, 0, 0, 0, 0, 0, 0, 0, 0, 0, 0, 0, 0, 0, 0, 0, 0, 0, 0, 0, 0, 0, 0, 0, 0, 0, 0, 0, 0, 0, 0, 0, 0, 0, 0, 0, 0, 0, 0, 0, 0, 0, 0, 0, 0, 0, 0, 0, 0, 0, 0, 0, 0, 0, 0, 0, 0, 0, 0, 0, 0, 0, 0, 0, 0, 0, 0, 0, 0, 0, 0, 0, 0, 0, 0, 0, 0, 0, 0, 0, 0, 0, 0, 0, 0, 0, 0, 0, 0, 0, 0, 0, 0, 0, 0, 0, 0, 0, 0, 0, 0, 0, 0, 0, 0],