{"timestamp": 10000, "trip_avg_length": [7.174537987679671, 7.275933609958506, 7.6888412017167385, 7.696098562628337, 7.422131147540983, 7.383022774327122, 7.5485961123110155, 7.3924050632911396, 7.1629327902240325, 7.204453441295547, 7.272916666666666, 7.334754797441365, 7.771551724137931, 7.292089249492901, 7.366876310272537, 7.595338983050848, 7.275449101796407, 7.641791044776119, 7.49163179916318, 7.298136645962733, 7.351464435146443, 7.258333333333334, 7.473029045643154, 7.510504201680672, 7.307070707070707, 7.477894736842106, 7.505307855626327, 7.162650602409639, 7.328482328482329, 7.389690721649485, 7.304526748971194, 7.360824742268041, 7.527950310559007, 7.4, 7.554639175257732, 7.63655462184874, 7.394789579158316, 7.096707818930041, 7.424489795918367, 7.221544715447155, 7.238683127572016, 7.296610169491525, 7.244813278008299, 7.468619246861925, 7.484472049689441, 7.202020202020202, 7.326488706365503, 7.261316872427984, 7.187122736418511, 7.7309322033898304, 7.39344262295082, 7.189690721649485, 7.133874239350913, 7.3272357723577235, 7.126, 7.394849785407725, 7.640756302521009, 7.299595141700405, 7.572631578947369, 7.360887096774194, 7.6582809224318655, 7.253086419753086, 7.040899795501023, 7.146586345381526, 7.564681724845996, 7.313929313929314, 7.658333333333333, 7.311608961303462, 7.310782241014799, 7.036363636363636, 7.520491803278689, 7.327800829875518, 7.867368421052632, 7.352697095435684, 7.635245901639344, 7.616016427104722, 7.37, 7.492723492723493, 7.366315789473684, 7.396, 7.26530612244898, 7.439425051334703, 7.299586776859504, 7.845010615711253, 7.3428571428571425, 7.38135593220339, 7.180914512922465, 7.4789029535864975, 7.601239669421488, 7.6072961373390555, 7.675381263616558, 7.454166666666667, 7.331236897274633, 7.257425742574258, 7.336776859504132, 7.3373253493013975, 7.3496932515337425, 7.701863354037267, 7.229038854805726, 7.274028629856851, 7.416837782340862, 7.661637931034483, 7.346473029045643, 6.971544715447155, 7.765822784810126, 7.4154488517745305, 7.319587628865979, 7.373673036093418, 7.34560327198364, 7.490759753593429, 7.47489539748954, 7.2648870636550305, 7.491489361702127, 7.439516129032258, 7.231083844580777, 7.251546391752577, 7.395789473684211, 7.419624217118998, 7.450939457202505, 7.447422680412371, 7.606924643584521, 7.48326359832636, 7.211812627291242, 7.022177419354839, 7.710359408033827, 7.197530864197531, 7.534188034188034, 7.147704590818363, 7.614406779661017, 7.923566878980892, 7.44206008583691, 7.421161825726141, 7.672995780590718, 7.336713995943205, 7.225152129817444, 7.239669421487603, 7.534979423868313, 7.165322580645161, 7.450526315789474, 7.409663865546219, 7.461065573770492, 7.756929637526652, 7.36734693877551, 7.222916666666666, 7.248, 7.595918367346939, 7.534591194968553, 7.4041237113402065, 7.187122736418511, 7.61954261954262, 7.22964509394572, 7.026530612244898, 7.735169491525424, 7.233739837398374, 7.166320166320166, 7.300411522633745, 7.545454545454546, 7.291836734693877, 7.341614906832298, 7.537987679671458, 7.5965665236051505, 7.2698744769874475, 7.414432989690722, 7.190775681341719, 7.285106382978723, 7.372141372141372, 7.653846153846154, 7.1416837782340865, 7.271047227926078, 7.363265306122449, 7.355371900826446, 7.345911949685535, 7.366255144032922, 7.4288659793814436, 7.085539714867617, 7.199170124481328, 7.346808510638298, 7.396186440677966, 7.719148936170213, 7.247950819672131, 7.60125260960334, 7.423076923076923, 7.50709939148073, 7.316770186335404, 7.444897959183673, 7.392857142857143, 7.383505154639176, 7.490605427974947, 7.332613390928726, 7.485537190082645, 7.2691511387163565, 7.334736842105263, 7.3040816326530615, 7.123142250530786, 7.496815286624204, 7.392197125256674, 7.0528455284552845, 7.388655462184874, 7.7238493723849375, 7.515463917525773], "trip_std_length": [3.8701098231468998, 3.8526546406114224, 4.085429457268793, 3.8554536395171586, 4.011520546819425, 3.9342791402642745, 4.0586032632059315, 3.998156921961992, 3.7391977141334762, 4.061358890483082, 3.896913286143563, 3.912814085242906, 4.088931780965974, 3.691978901768192, 4.037766326724363, 3.9744175955822185, 3.823967911310283, 3.961386356666751, 3.975728276537934, 3.786504400569314, 3.851575229259204, 3.904048824262092, 3.944150923776852, 3.976545595341651, 4.234377168498518, 4.169189721791044, 3.987703160665498, 3.8765657029135543, 3.9556007273930693, 3.7541313197865853, 4.004352066891964, 3.873743406524754, 4.204003975017341, 3.9605344757157885, 4.027176254045222, 3.9242094824489815, 3.986758255599253, 3.851795245090719, 3.9059625071214823, 3.663390524388492, 3.9021764416664184, 4.157511727378098, 3.792083923623935, 3.96085164986844, 3.8298796775430004, 3.9847684697065695, 3.943931552360941, 3.835027204179067, 4.195810305021007, 4.110968273770304, 4.116256012225586, 3.8845579704769997, 3.9322777001582616, 3.837214818367298, 3.9051407144941654, 4.11981176897323, 4.27066634433611, 3.9730009662967642, 4.048194974118275, 4.014188849105772, 4.159629224313872, 3.9230956876457435, 4.157724229071739, 3.9117522436931575, 3.9819181982186205, 3.756518014842346, 4.086045017971399, 3.854619739730985, 3.595661883093038, 3.9063133190460384, 3.818579225197919, 4.1055087647687065, 3.943987885784298, 3.98494092007204, 4.112922899301415, 3.9041901020458654, 3.9569053564622947, 3.8759948175701457, 4.072051352336619, 3.9556521586206235, 4.019216647222374, 3.949881873578574, 3.744295914502797, 4.138700826684143, 4.079915965521139, 3.9572278679317914, 3.7300927611265196, 3.9603224705509485, 3.793763710527963, 4.04246111060547, 4.114015528083655, 4.001820332326556, 3.9413053659802664, 3.8881731446659726, 3.909118755688562, 4.08492482309228, 3.802701239345701, 4.0842748286247605, 4.087075656231262, 3.949911381988297, 4.08492544277976, 4.151723041549574, 3.9417804084818897, 3.912560975398583, 4.319274417772149, 4.013111516886408, 3.8704441572356973, 3.767171173862362, 3.66896926595314, 4.048907480317472, 4.061555328149425, 3.788242257568776, 3.8985720128334846, 3.9154845320480574, 3.947220172100818, 4.263320263659326, 3.9766665699188626, 3.848014300263111, 3.8739527043877966, 4.175507692657788, 3.9685978317186823, 4.189887733985596, 3.993878076652363, 3.827625613809443, 4.156382605260507, 3.798157728928732, 4.279860657392297, 3.9384156060004263, 4.272949511689268, 3.8472005449694167, 3.9733380800701585, 4.0723498750638765, 4.149707514981967, 3.8842547604350477, 3.9989877303291452, 3.913369314906284, 3.894415477726647, 3.8090627150139533, 4.104320539554963, 3.941567839054755, 4.086979586839291, 4.051978373484436, 3.8623978887553854, 3.8213075632635953, 3.825505979605835, 4.186467956705244, 4.109272443033622, 3.982640618229801, 3.8700203508667617, 4.197161772265904, 3.8831414008734466, 3.7744184852933462, 4.023736823168245, 3.766055040285758, 3.788233886741104, 3.836724189402496, 4.045009121023103, 3.646431676769008, 3.9887610067916572, 4.280956164646684, 4.003795009404736, 3.8703319007419608, 3.896522099554132, 4.151643208061072, 3.996220486931624, 3.9203044915436407, 3.87075465734487, 4.006981540552468, 3.8653469594418084, 4.122941979007917, 3.9555578727696896, 3.986855901017198, 3.9526015250161453, 3.8376313238656423, 3.7984902489054324, 3.890321981589089, 3.8917452773476016, 3.9720722976956537, 4.167484995843893, 3.8758917405503657, 3.8831683382627786, 4.046268400445256, 3.9420819943993535, 3.8957784024844577, 3.8721960875720223, 4.053615388648463, 3.9800191786402945, 3.9495005694745142, 4.01798804669775, 3.7972637931453486, 3.9774234384889353, 4.007828350696005, 3.9748422730187576, 4.0972409932581275, 3.9216707580931742, 4.305120953609474, 4.047137404544166, 3.9633559806296548, 4.1643908165191235, 4.142098183541781],