{"timestamp": 10000, "trip_avg_length": [10.375555555555556, 10.498886414253898, 10.970521541950113, 10.935926773455378, 10.882758620689655, 10.732142857142858, 10.818385650224215, 10.478841870824054, 10.35344827586207, 10.221006564551422, 10.348888888888888, 10.598669623059868, 11.09111617312073, 10.787946428571429, 10.77212389380531, 11.51529411764706, 10.592342342342342, 11.22863741339492, 10.38177874186551, 10.620842572062084, 9.989293361884368, 10.79642058165548, 10.61503416856492, 10.329741379310345, 10.668161434977579, 10.81941309255079, 10.808219178082192, 10.535242290748899, 10.391304347826088, 10.70917225950783, 10.70945945945946, 10.481236203090507, 10.533769063180827, 10.972850678733032, 10.647577092511014, 10.264444444444445, 10.725225225225225, 10.658590308370044, 10.723112128146454, 10.813636363636364, 10.61504424778761, 10.846330275229358, 10.834467120181406, 10.574324324324325, 10.73568281938326, 10.690423162583519, 10.945205479452055, 10.526431718061675, 10.97228637413395, 10.754545454545454, 10.605321507760532, 10.342047930283224, 10.303296703296704, 10.6570796460177, 10.950782997762863, 10.449781659388647, 10.442222222222222, 10.881548974943053, 10.778761061946902, 10.224944320712694, 10.95045045045045, 9.913865546218487, 10.62280701754386, 10.89795918367347, 10.535398230088495, 11.309468822170901, 10.62076749435666, 10.852534562211982, 10.885393258426966, 10.57488986784141, 11.323325635103926, 10.7579185520362, 10.469026548672566, 10.947963800904978, 10.580135440180587, 10.4304932735426, 11.020642201834862, 11.059633027522937, 10.691441441441441, 10.11111111111111, 10.488789237668161, 10.396017699115044, 10.664383561643836, 10.454945054945055, 10.468546637744035, 10.99771167048055, 10.691780821917808, 10.856492027334852, 10.532150776053214, 10.565315315315315, 10.87015945330296, 10.858426966292134, 10.448198198198199, 10.467991169977925, 10.717488789237668, 10.838636363636363, 10.671981776765376, 10.702460850111857, 10.700440528634362, 10.733924611973393, 10.774553571428571, 10.548532731376975, 10.4, 10.747747747747749, 10.589403973509933, 10.721973094170403, 10.714601769911505, 10.981524249422632, 10.686936936936936, 10.804494382022472, 10.72645739910314, 10.651006711409396, 10.9816091954023, 10.31304347826087, 10.519274376417233, 10.641552511415526, 10.445414847161572, 11.483333333333333, 10.267391304347827, 11.148491879350349, 10.390455531453362, 10.9337899543379, 10.410596026490067, 10.88116591928251, 10.438444924406047, 10.75609756097561, 11.039170506912443, 10.439024390243903, 10.653333333333334, 10.111587982832617, 10.992890995260664, 10.230603448275861, 10.651006711409396, 10.636160714285714, 10.153347732181425, 10.839729119638827, 10.095860566448803, 10.936794582392777, 11.159550561797753, 10.409691629955947, 10.904328018223234, 10.952054794520548, 10.4004329004329, 10.214285714285714, 10.894736842105264, 10.798206278026905, 10.508888888888889, 10.954441913439636, 10.616780045351474, 10.517777777777777, 11.39344262295082, 10.975169300225733, 10.342342342342342, 10.476923076923077, 10.933179723502304, 10.88963963963964, 10.817567567567568, 10.58675799086758, 10.595132743362832, 10.582056892778994, 10.815909090909091, 11.006696428571429, 11.211267605633802, 10.775280898876405, 10.343544857768052, 10.787472035794183, 10.686534216335541, 10.861047835990888, 10.407894736842104, 10.895691609977325, 10.339246119733925, 10.275109170305678, 10.941043083900226, 10.604910714285714, 10.539301310043669, 10.879545454545454, 10.766968325791856, 10.45054945054945, 10.808988764044944, 10.30921052631579, 10.133047210300429, 10.611607142857142, 10.747152619589977, 10.431670281995661, 10.67117117117117, 10.488938053097344, 10.629464285714286, 10.63882618510158, 10.816554809843401, 10.803131991051455, 10.37807606263982, 10.562913907284768, 10.832957110609481, 10.568232662192393, 10.515486725663717, 10.63676148796499, 10.247826086956522, 10.720982142857142, 10.343544857768052, 10.320175438596491], "trip_std_length": [5.376808452586205, 5.763383657847506, 5.476111134010181, 5.7805414040295275, 5.565290770079235, 5.8163595371422945, 5.613143056465793, 5.490232062667656, 5.71409978782797, 5.142324129719862, 5.619059716604321, 5.388737372480222, 5.580709402304787, 5.44265045700439, 5.39696915129673, 5.806315139719002, 5.524966667374068, 5.77170867309665, 5.477781376620192, 5.737449250498492, 5.46292672945666, 5.952923871847004, 5.366295892396827, 5.611055429824554, 5.599665247116862, 5.67628488003261, 5.744938294425405, 5.437862069235158, 5.8702576081151046, 5.19425607597995, 5.279042422353235, 5.563419333008471, 5.554292649826293, 5.892643279107198, 5.525195061998412, 5.718105962857731, 5.639803339304515, 5.821137523339656, 5.746254688598248, 5.573622573788193, 5.532889933456227, 5.858950677969697, 5.689014775436259, 5.634223628399368, 5.673239201369913, 5.583137358224299, 5.721202441608715, 5.694340419927913, 6.209146839321999, 5.89905441365026, 5.381611795500985, 5.8034807516096745, 5.579819417879308, 6.038931098850637, 6.011718092232166, 5.296316792644479, 5.408429177944323, 5.469284817612479, 5.486079750733139, 5.338910540001408, 5.490965124210186, 5.594765802541114, 5.9170291723056145, 5.605392642275025, 5.816978815547452, 6.297206238905448, 5.584218519758622, 5.751890535125658, 5.56537349588674, 5.660543113155179, 5.933179576503089, 5.5071112573295675, 5.608654495249532, 5.807586543888346, 5.862207303887784, 5.682035511977358, 5.921275243138761, 6.260120162783392, 5.454299791039621, 5.143457938204394, 5.7060749521160945, 5.5864312606327875, 5.60529437912272, 5.487813947288844, 5.620846295009314, 6.0013342741580535, 5.690132131856726, 5.8488865435150466, 5.3183120485735635, 5.7054395287209525, 5.472981698870295, 5.530727424143382, 5.919849142556538, 5.56732541712291, 5.6913126283600715, 5.901760750714797, 5.944076007297814, 5.722405294616053, 5.377236224070758, 5.561203700008323, 5.411675108436662, 5.720287161151901, 5.268025048544085, 5.72644956819577, 5.589652443134493, 5.604195390274169, 5.667830278215089, 5.660089234967531, 5.693659393071502, 5.677471943189044, 5.406072777533415, 5.775353993620894, 5.660480641133849, 5.586653688290715, 5.639206407516664, 5.4094293929056505, 5.201430641957877, 5.774097194600937, 5.4477978936776985, 5.787516872880663, 5.418238262225445, 5.532609825479741, 5.327596764275757, 5.62320261143435, 5.5415173009228, 5.836495533678611, 5.868044780193482, 5.664506751889251, 5.5709404751601665, 5.707497784029826, 5.997032969590457, 5.43145481063666, 5.611102179306809, 5.768931218409728, 5.654202418678814, 6.002185600329258, 5.528650300976987, 5.984221210404045, 5.37653493319749, 5.369968161422157, 5.522367393855913, 5.794422044349876, 5.509323053265065, 5.782078917742997, 6.165371275339753, 5.6675139409930635, 5.831802550468793, 5.4919881256578, 5.663311497250108, 5.425118079160997, 5.930491533973376, 5.728375149744758, 5.585930678092898, 5.6804093050768545, 5.705737716084587, 5.920568883661135, 5.774326327263027, 5.875458438607664, 5.912509105314959, 5.865966982153316, 5.434337091872308, 5.643616002742906, 5.923016677520843, 5.535894736993592, 5.49379268923759, 5.703488049958455, 5.6485532850022, 5.389292496914757, 5.643295117074186, 5.71928388831548, 5.624837094202895, 5.756965828956034, 5.754317539078584, 5.763777979691004, 5.807274570724201, 5.867207774241143, 5.75813368016363, 5.408304026712703, 5.689881427832666, 5.499083120503361, 5.323393806191398, 5.73531113765097, 5.642527653110351, 5.204098504531329, 5.999622921895564, 5.478224126506087, 6.049367416646276, 5.694679349052436, 5.597809873422546, 5.75500475031, 5.104962086950625, 5.298060154317716, 5.815375981118697, 5.532832428704428, 5.774695255515358, 5.4225605405746595, 5.615922206603633, 5.53481730564108, 5.3263441420697, 5.948104221419664],