{"timestamp": 10000, "trip_avg_length": [12.093833780160859, 10.968369829683699, 11.301507537688442, 10.953771289537713, 11.393939393939394, 11.275, 11.572164948453608, 11.56701030927835, 11.199004975124378, 11.591259640102828, 11.143564356435643, 11.199004975124378, 10.870192307692308, 11.290726817042607, 11.100985221674877, 11.803149606299213, 11.733681462140993, 11.007317073170732, 11.703125, 11.404580152671755, 11.31578947368421, 11.04390243902439, 11.635658914728682, 11.014705882352942, 10.841726618705035, 11.191542288557214, 10.995121951219513, 11.482142857142858, 11.135467980295566, 11.288220551378446, 11.626943005181348, 11.716145833333334, 11.546153846153846, 10.770334928229666, 11.7279792746114, 11.076167076167076, 11.523076923076923, 11.600515463917526, 10.611764705882353, 11.936170212765957, 11.073529411764707, 10.898550724637682, 10.434180138568129, 10.997560975609757, 10.673758865248226, 11.384810126582279, 11.076167076167076, 11.133995037220844, 11.675324675324676, 10.912832929782082, 10.793764988009592, 11.410126582278481, 11.14074074074074, 11.608247422680412, 11.178660049627792, 11.153465346534654, 11.532133676092545, 11.21091811414392, 11.836842105263157, 11.293969849246231, 11.516624040920716, 11.216957605985037, 11.505102040816327, 11.61340206185567, 11.056372549019608, 11.155940594059405, 11.582474226804123, 10.929611650485437, 10.69833729216152, 11.293969849246231, 11.577319587628866, 11.231920199501246, 11.738903394255875, 11.343434343434344, 11.160493827160494, 11.2525, 12.132432432432433, 11.744125326370757, 11.2575, 11.813648293963254, 11.196517412935323, 11.4529262086514, 12.16260162601626, 11.017114914425427, 11.678756476683938, 12.078167115902964, 10.778042959427207, 11.382278481012658, 11.026894865525673, 10.850961538461538, 11.182716049382716, 11.565552699228792, 12.02139037433155, 11.068796068796068, 11.213930348258707, 10.493023255813954, 11.160891089108912, 11.407594936708861, 10.435185185185185, 11.193548387096774], "trip_std_length": [5.90354004255355, 5.994845476050028, 5.942314637829968, 5.9809351722006, 5.820667082839922, 6.135908653166212, 6.120141536467949, 6.484966304381688, 5.859482174069135, 6.600617382274825, 5.915593018515535, 5.998772594603524, 5.80761071962559, 6.1754375793378715, 6.012888375443631, 6.094667911922731, 5.974015865321086, 5.776524832749102, 6.345141729520968, 6.330320380631469, 5.866136309684507, 5.638112847246561, 5.739303702956653, 6.1052676879024546, 5.790000881540199, 5.824175735198959, 5.890461542209562, 6.405489315216046, 5.791863934449913, 5.750853622284352, 6.016014851729794, 6.0372239187725425, 6.051206540163373, 5.5557100573995095, 6.196781260397027, 6.085516462537933, 5.99215134255065, 6.229518998349054, 5.672003728628698, 6.815280875931389, 6.040264026020461, 5.748711078060996, 5.720667553778373, 5.77145996682997, 5.7305491184996615, 6.372311318997728, 5.981264528328015, 5.906375465245314, 6.113730679107794, 5.585969535800948, 5.802972815611511, 5.621288535033895, 5.981654624257049, 5.8641083748141565, 6.220740239123247, 6.185355818805801, 6.147469713573458, 6.0018756291459745, 6.1387218390455285, 6.4283068895649045, 5.897166935165759, 6.138900266293589, 5.896208959291426, 5.956026643193324, 6.209911320325377, 6.050770293523445, 6.173263106603862, 5.777206369986939, 5.943256790128405, 5.945439857114721, 6.318986365840503, 5.659373400421857, 6.3187504010171205, 6.074306904240297, 5.827259886157996, 6.050515990392886, 6.376161433324364, 5.669515449841409, 6.357373180017043, 6.010875757522015, 6.306333214940041, 6.201735605149847, 6.774382621184659, 5.918947280433833, 5.9740730421310655, 6.347258498050553, 6.112774291199318, 6.056960834887388, 5.822287537337095, 6.056774579445153, 6.073313211404175, 6.381927086081108, 6.16350933030203, 6.1875030012796355, 5.708857129626902, 5.692810453539121, 5.8526760569625225, 6.2515572166774644, 5.9621074265486405, 6.200316814487467], "trip_avg_price": [512884, 511846, 512236, 511596, 511383, 511483, 511786, 511601, 512027, 511311, 511717, 511987, 512396, 511446, 512207, 511665, 513572, 511760, 511843, 512556, 512105, 512885, 511699, 512862, 511944, 511542, 512001, 512186, 512269, 512528, 512368, 511477, 511504, 511351, 513577, 512217, 511772, 511863, 510846, 511458, 511433, 511595, 511287, 511845, 511533, 511912, 510888, 511863, 510969, 512445, 511091, 511229, 511737, 511553, 511622, 512509, 513079, 512785, 511494, 511503, 511959, 511428, 511652, 512327, 512182, 512176, 511984, 511384, 512058, 511554, 511594, 511813, 511681, 511160, 511749, 513220, 511884, 512018, 511738, 512003, 511757, 511614, 511900, 511963, 512295, 511923, 511478, 510719, 510820, 511692, 513389, 511438, 512864, 511641, 511814, 510788, 511620, 511833, 512523, 512156], "trip_num_completed": [0, 0, 0, 0, 0, 0, 0, 0, 0, 0, 0, 0, 0, 0, 0, 0, 0, 0, 0, 0, 0, 0, 0, 0, 0, 0, 0, 0, 0, 0, 0, 0, 0, 0, 0, 0, 0, 0, 0, 0, 0, 0, 0, 0, 0, 0, 0, 0, 0, 0, 0, 0, 0, 0, 0, 0, 0, 0, 0, 0, 0, 0, 0, 0, 0, 0, 0, 0, 0, 0, 0, 0, 0, 0, 0, 0, 0, 0, 0, 0, 0, 0, 0, 0, 0, 0, 0, 0, 0, 0, 0, 0, 0, 0, 0, 0, 0, 0, 0, 0], "ratio_serving": [0.4511, 0.4519, 0.4506, 0.4507, 0.4513, 0.451, 0.45, 0.4488, 0.4502, 0.4511, 0.451, 0.4511, 0.4522, 0.4505, 0.4507, 0.4497, 0.4507, 0.4513, 0.4494, 0.4499, 0.4515, 0.4528, 0.4503, 0.4514, 0.4521, 0.4499, 0.4515, 0.4501, 0.4521, 0.4504, 0.4501, 0.4499, 0.4503, 0.4502, 0.4527, 0.4521, 0.4496, 0.4509, 0.451, 0.4488, 0.4518, 0.4516, 0.4519, 0.4515, 0.4515, 0.4497, 0.4509, 0.4496, 0.4495, 0.4523, 0.4502, 0.4508, 0.4512, 0.4504, 0.4507, 0.4506, 0.4511, 0.4518, 0.4502, 0.4499, 0.4503, 0.4498, 0.451, 0.4506, 0.4511, 0.4513, 0.4499, 0.4504, 0.4509, 0.4495, 0.4499, 0.4504, 0.4496, 0.4492, 0.4521, 0.4516, 0.4489, 0.4505, 0.4503, 0.451, 0.4501, 0.4501, 0.4488, 0.4506, 0.4508, 0.4489, 0.4516, 0.4496, 0.451, 0.4514, 0.4529, 0.4499, 0.4496, 0.4505, 0.4508, 0.4512, 0.4512, 0.4506, 0.4523, 0.4511], "ratio_cruising": [0.1759, 0.1588, 0.1624, 0.1588, 0.1745, 0.1615, 0.1661, 0.1483, 0.1562, 0.1732, 0.1746, 0.1562, 0.1637, 0.1641, 0.1583, 0.171, 0.155, 0.1555, 0.1597, 0.1515, 0.1633, 0.1627, 0.1693, 0.1548, 0.1625, 0.1469, 0.1604, 0.1566, 0.1673, 0.1569, 0.1586, 0.1655, 0.1787, 0.15, 0.1727, 0.1664, 0.1515, 0.1678, 0.1516, 0.1568, 0.167, 0.1581, 0.1501, 0.1531, 0.1552, 0.1551, 0.1482, 0.1411, 0.163, 0.1664, 0.1418, 0.1663, 0.163, 0.1661, 0.1489, 0.149, 0.1581, 0.1602, 0.169, 0.1582, 0.1634, 0.1623, 0.1761, 0.1765, 0.1565, 0.1635, 0.1591, 0.1508, 0.1516, 0.1492, 0.16, 0.1503, 0.1676, 0.1623, 0.1629, 0.1542, 0.1598, 0.1666, 0.1625, 0.1739, 0.1607, 0.1652, 0.1677, 0.1471, 0.1696, 0.1717, 0.1592, 0.1628, 0.1633, 0.157, 0.1672, 0.1631, 0.1647, 0.1496, 0.1635, 0.1529, 0.1683, 0.1654, 0.153, 0.1623], "ratio_online": [0.7403, 0.774, 0.7534, 0.763, 0.7554, 0.7644, 0.7467, 0.753, 0.7569, 0.7551, 0.7495, 0.7669, 0.7681, 0.7567, 0.7588, 0.7395, 0.7516, 0.7715, 0.7462, 0.7543, 0.7632, 0.7718, 0.7474, 0.7648, 0.7717, 0.7667, 0.7669, 0.7542, 0.7644, 0.7545, 0.7508, 0.7486, 0.7395, 0.7683, 0.7554, 0.7657, 0.7571, 0.7541, 0.7792, 0.7456, 0.7679, 0.7734, 0.787, 0.7754, 0.7757, 0.7535, 0.7812, 0.7668, 0.7507, 0.7661, 0.7785, 0.7594, 0.7631, 0.7528, 0.7727, 0.7647, 0.7566, 0.7643, 0.7482, 0.7557, 0.7513, 0.7511, 0.7485, 0.7386, 0.7651, 0.7603, 0.7511, 0.7694, 0.7688, 0.76, 0.7532, 0.7666, 0.7417, 0.7467, 0.7728, 0.7648, 0.7404, 0.7498, 0.7539, 0.748, 0.7534, 0.75, 0.7313, 0.7708, 0.7479, 0.7282, 0.7732, 0.7539, 0.7677, 0.7716, 0.7645, 0.7513, 0.7355, 0.7697, 0.7577, 0.7805, 0.7587, 0.7535, 0.7789, 0.7595],