{"timestamp": 10000, "trip_avg_length": [7.558974358974359, 7.319536423841059, 7.102893890675241, 7.4393939393939394, 7.5426621160409555, 7.469594594594595, 7.125603864734299, 7.426890756302521, 7.32890365448505, 7.396984924623116, 7.319536423841059, 7.337209302325581, 7.650519031141869, 7.538461538461538, 7.279338842975206, 7.0528, 7.289735099337748, 7.336106489184692, 7.375626043405676, 7.344425956738768, 7.51877133105802, 7.561643835616438, 7.362270450751252, 7.624137931034483, 7.293729372937293, 7.434343434343434, 7.265238879736408, 7.25615763546798, 7.301980198019802, 7.328333333333333, 7.243822075782537, 7.142394822006472, 7.3785594639865995, 7.318407960199005, 7.345, 7.546232876712328, 7.417785234899329, 7.409395973154362, 7.249589490968801, 7.585910652920962, 7.295379537953796, 7.533219761499148, 7.117741935483871, 7.451013513513513, 7.461928934010152, 7.348333333333334, 7.461148648648648, 7.305785123966942, 7.335548172757475, 7.251231527093596, 7.362270450751252, 7.403685092127303, 7.29042904290429, 7.145631067961165, 7.348837209302325, 7.215686274509804, 7.445945945945946, 7.4393939393939394, 7.346089850249584, 7.165584415584416, 7.2582236842105265, 7.312913907284768, 7.684668989547038, 7.04140127388535, 7.337770382695507, 7.361666666666666, 7.312913907284768, 7.6355785837651124, 7.5893470790378, 7.6017241379310345, 7.316225165562914, 7.342762063227953, 7.598275862068966, 7.266886326194399, 7.48135593220339, 7.343333333333334, 7.129032258064516, 7.427609427609427, 7.068910256410256, 7.347753743760399, 7.271828665568369, 7.373956594323873, 7.3875838926174495, 7.445193929173693, 7.212071778140293, 7.2026143790849675, 7.423529411764706, 7.479661016949152, 7.4393939393939394, 7.633851468048359, 7.45346869712352, 7.308457711442786, 7.158833063209076, 7.713286713286713, 7.390284757118928, 7.560891938250429, 7.2805280528052805, 7.1477272727272725, 7.357737104825291, 7.440134907251265, 7.365, 7.456998313659359, 7.425210084033614, 7.301980198019802, 7.434121621621622, 7.266886326194399, 7.553082191780822, 7.273476112026359, 7.180487804878049, 7.4425675675675675, 7.157723577235773, 7.07223113964687, 7.171799027552674, 7.422558922558922, 7.1537216828478964, 7.488135593220339, 7.162074554294976, 6.966876971608833, 7.351666666666667, 7.613793103448276, 7.374789915966386, 7.289950576606261, 7.403685092127303, 7.340531561461794, 7.537542662116041, 7.394295302013423, 7.249589490968801, 7.311258278145695, 7.465313028764806, 7.363333333333333, 6.970031545741325, 7.377926421404682, 7.3090909090909095, 7.172357723577235, 7.185365853658537, 7.428571428571429, 7.607573149741825, 7.421848739495799, 7.596219931271477, 7.358931552587646, 7.268976897689769, 7.5, 7.703315881326352, 7.262725779967159, 7.59552495697074, 7.175609756097561, 7.35, 7.349417637271214, 7.462837837837838, 7.2052117263843645, 7.641247833622184, 7.287128712871287, 7.559931506849315, 7.1769480519480515, 7.2344262295081965, 7.543589743589743, 7.3879598662207355, 7.489830508474577, 7.32890365448505, 7.468697123519458, 7.460236886632826, 7.205546492659054, 7.245901639344262, 7.430016863406408, 7.381270903010034, 7.565068493150685, 7.377926421404682, 7.58147512864494, 7.394295302013423, 7.311774461028192, 7.320066334991708, 7.384615384615385, 7.566780821917808, 7.429292929292929, 7.312292358803987, 7.35108153078203, 7.316749585406302, 7.404362416107382, 7.688153310104529, 7.539249146757679, 7.593803786574871, 7.434343434343434, 7.466216216216216, 7.296357615894039, 7.3090909090909095, 7.570205479452055, 7.605172413793103, 7.357859531772576, 7.2619439868204285, 7.068690095846645, 7.23404255319149, 7.478849407783418, 7.398659966499163, 7.344425956738768, 7.5, 7.28500823723229, 7.333887043189368, 7.375626043405676, 7.443507588532884, 7.5893470790378], "trip_std_length": [3.959240060168541, 3.897556007481452, 3.7100313288986686, 4.014350977942098, 3.983205666812592, 4.174701134856983, 3.7408402137638275, 3.9089575536366525, 3.829609479412218, 4.03105918407326, 4.0891006536838965, 3.8042960746985273, 3.9097528759086395, 3.9387152696045997, 4.007388163561137, 3.8310849847008095, 3.919786865239038, 4.033162549215421, 4.104739745833417, 3.902237897742034, 4.0217610959501595, 4.185301420774372, 3.8887679772579054, 4.12646255554977, 3.662700263533772, 4.155224571017577, 4.073520499426287, 4.017621164011808, 3.8162708855052565, 3.940456473839322, 3.8539896384250465, 3.840987698214779, 4.022642272956828, 3.9572478316037594, 3.9292885276260043, 4.013835599490971, 3.8926387843664356, 3.7024632156632546, 3.705953670315292, 4.096181372197952, 3.951882006159142, 4.175066375677525, 3.7593764150689806, 4.056313770558534, 3.944816771250575, 4.132432361481821, 3.988392452640783, 3.8518922584045905, 4.197812131677894, 3.9737565985711165, 3.873282335055982, 3.892119748329809, 4.0162385914164656, 3.945193545295825, 4.0130071296558425, 3.9206861752227575, 4.140331922625358, 3.7686278486535083, 4.110781512580448, 3.8323449108347853, 3.7997703535133613, 3.997900788469162, 4.132375169560483, 3.627329817277508, 3.9884259782794427, 3.848488520041198, 4.040330471272289, 4.0425429934011134, 4.020748154870803, 4.058409378379762, 3.867978790377528, 3.8983316997859236, 3.7438221009952004, 4.109450757393341, 4.047869269019811, 4.141914479507702, 3.8537115371888753, 3.9190863373377063, 3.820079552420065, 4.031968645792735, 3.991372134485745, 3.960622900637497, 4.111995082487121, 3.9513203127127308, 3.833064416403214, 4.031914313859243, 3.9622738968941684, 4.067076560565005, 3.98995333040607, 4.013013483837498, 3.8346691682243974, 3.9609676995906025, 3.9757030223049665, 4.228809579096348, 3.9123700339305167, 4.110311748430186, 3.8875086049426915, 3.900040962609934, 3.893782432893893, 4.263283929526181, 4.020171016262866, 4.082032661874594, 3.9555135116364664, 3.8434157026835236, 3.872859204469046, 3.7860326883897906, 3.7845111635017235, 4.009174603003723, 4.128222486768099, 3.9327212093281525, 3.7761986333762168, 3.831471769554394, 4.0036023695764476, 3.942545647064605, 3.9208174879318536, 3.978206935579451, 3.876077263249732, 3.6950611628878773, 3.86410798963429, 4.041911816159231, 4.030435022236402, 3.8891071421716377, 3.9873568809184747, 4.000247299228379, 4.072230535994043, 3.9904122938880424, 3.9132762946891355, 3.9410984962486615, 3.810893397768223, 3.90572087527457, 3.742591124753087, 4.26516351158304, 3.78277959807379, 3.7951038378846134, 3.912637081456923, 4.108551092152894, 4.090315727504811, 4.0257816123786, 4.308568878387455, 3.8615068196910247, 3.96917927307101, 4.16435309918526, 4.1632405529784355, 3.983538350737752, 3.74072539029405, 3.9671484601184597, 3.9231152587367775, 3.927509169922082, 3.8880409227458856, 3.74342927543559, 4.116740626059975, 3.860615984802537, 3.743007727032334, 3.8333195454541924, 4.160997092276678, 4.095262733614377, 4.022926211445731, 4.017638859475914, 3.9693336671892, 3.8965408097706753, 4.068536275214236, 4.084766819601065, 4.017811726834944, 3.962162035173506, 4.344502202571662, 3.9220852097537304, 3.8929205595388803, 3.936868859573236, 4.060023763449739, 4.104236051655164, 3.816093006345487, 4.014925844190058, 4.290279620949382, 3.755025880785761, 3.869827280852379, 4.099616839570438, 4.082584626087559, 3.9181107319192425, 3.9950272754012386, 3.9570210788511058, 4.128765989359411, 3.9572503875200513, 3.9825048829147387, 4.032145663733867, 4.067854227541705, 4.085792619265105, 3.815708114957084, 4.190173658050046, 4.101141181259832, 3.837773900035446, 3.9326431758341265, 4.047828608357203, 4.184825208226228, 3.860225055933186, 3.893785385181153, 3.9610320936656294, 3.8367623533405775, 3.9955075231651094, 4.057004748356677, 4.004476436746395],