{"timestamp": 10000, "trip_avg_length": [7.341049382716049, 7.550231839258115, 7.258358662613982, 7.423076923076923, 7.538461538461538, 7.394171779141105, 7.378461538461538, 7.118618618618618, 7.359327217125382, 7.049034175334324, 7.290322580645161, 7.508527131782945, 7.35548686244204, 7.0104790419161676, 6.964549483013294, 7.500782472613459, 7.449386503067485, 7.37984496124031, 7.190332326283988, 7.5378670788253475, 7.63849765258216, 7.221212121212122, 7.121621621621622, 7.516329704510109, 7.471494607087828, 7.318042813455658, 7.327743902439025, 7.407692307692308, 7.03125, 7.272865853658536, 7.5271317829457365, 7.443932411674347, 7.45679012345679, 7.3942161339421615, 7.443251533742331, 7.352850539291217, 7.343605546995377, 7.253822629969419, 7.281345565749236, 7.683464566929134, 7.466562986003111, 7.401538461538461, 7.216012084592145, 7.616719242902208, 7.512269938650307, 7.461180124223603, 7.517774343122102, 7.436728395061729, 7.178082191780822, 7.637795275590551, 7.282245827010622, 7.357142857142857, 7.231354642313547, 7.372519083969466, 7.296636085626911, 7.666666666666667, 7.280674846625767, 7.518575851393189, 7.437694704049845, 7.625585023400936, 7.232876712328767, 7.464396284829721, 7.2343987823439875, 7.431221020092735, 7.339449541284404, 7.316030534351145, 7.118003025718608, 7.342105263157895, 7.348765432098766, 7.418461538461538, 7.563380281690141, 7.295281582952816, 7.385448916408668, 7.426356589147287, 7.001490312965723, 7.264750378214826, 7.448382126348228, 7.41820987654321, 7.299694189602446, 7.370597243491577, 7.309559939301972, 7.042042042042042, 7.4921875, 7.413740458015267, 7.413846153846154, 7.260935143288084, 7.362095531587057, 7.4107692307692306, 7.070149253731343, 7.314503816793893, 7.230421686746988, 7.381172839506172, 7.343511450381679, 7.6472440944881885, 7.385208012326657, 7.3064024390243905, 7.368663594470046, 7.2277526395173455, 7.383792048929664, 7.1797583081570995, 7.335901386748844, 7.375384615384616, 7.258805513016846, 7.345565749235474, 7.36, 7.619344773790951, 7.289634146341464, 7.385335413416537, 7.180851063829787, 7.24886191198786, 7.393568147013783, 7.378834355828221, 7.837320574162679, 7.319571865443425, 7.286363636363636, 7.182094081942337, 7.202723146747353, 7.517996870109546, 7.590979782270606, 7.367534456355283, 7.196946564885496, 7.499224806201551, 7.365296803652968, 7.333333333333333, 7.258409785932722, 7.330815709969788, 7.266263237518911, 7.389830508474576, 7.149162861491629, 7.297709923664122, 7.534992223950233, 7.22052067381317, 7.2057057057057055, 7.437596302003081, 7.4576271186440675, 7.293233082706767, 7.361280487804878, 7.35375191424196, 7.258258258258258, 7.449922958397535, 7.324031007751938, 7.499231950844854, 7.335384615384616, 7.406779661016949, 7.100751879699248, 7.281345565749236, 7.206060606060606, 7.492979719188767, 7.426356589147287, 7.343076923076923, 7.784375, 7.517940717628705, 7.472307692307692, 7.338983050847458, 7.289433384379786, 7.3379416282642085, 7.593406593406593, 7.434049079754601, 7.433641975308642, 7.315068493150685, 7.1057401812688825, 7.35375191424196, 7.9427662957074725, 7.450920245398773, 7.168693009118541, 7.161631419939577, 7.630094043887147, 7.469230769230769, 7.476923076923077, 7.186259541984733, 7.264525993883792, 7.411764705882353, 7.403374233128834, 7.569659442724459, 7.3379416282642085, 7.33587786259542, 7.2701062215478, 7.7075471698113205, 7.55625, 7.37904468412943, 7.586583463338534, 7.147590361445783, 7.387692307692308, 7.522411128284389, 7.323664122137404, 7.526315789473684, 7.174698795180723, 7.232628398791541, 7.788309636650869, 7.39969372128637, 7.466562986003111, 7.365443425076452, 7.314024390243903, 7.489859594383775, 7.256797583081571, 7.18960244648318, 7.177710843373494, 7.4079754601226995, 7.190839694656488, 7.472222222222222], "trip_std_length": [4.256735419269104, 4.032732660723459, 3.892569303975813, 4.152229029950029, 4.037560638094679, 4.02021308777351, 4.152644840532071, 3.853088369565039, 4.032088057562499, 3.8100090814737286, 3.771941245056288, 4.220511578671237, 4.0864381617147085, 3.623965193350324, 3.6113126840809997, 4.256588303873841, 3.957467460810779, 3.993005121264385, 4.096276794280368, 4.000545221066011, 4.056620577883183, 4.010158130015806, 3.7458983872631513, 4.085131888641239, 3.9370475062681045, 4.0022637124326375, 3.884093394267142, 3.7859988090659145, 3.762349457121175, 3.8489302069669074, 4.116289288882043, 4.040635288871605, 3.9442077635284076, 4.0142247112529414, 3.860866329469513, 3.853679175039483, 4.05933950676162, 3.871772196820862, 3.94073690618452, 3.9837023056157346, 4.0000060466904275, 3.923930223942172, 3.981093966745749, 4.052467950786702, 4.014334331299792, 3.933458465741917, 3.732464533198251, 3.9879072345549793, 4.076917312075414, 4.076182580617417, 3.969057535236958, 4.09630855922971, 4.202056844759246, 3.77923319972188, 4.011156574266951, 3.9805080636075147, 3.9509330464106913, 4.082977782124704, 4.056456679360645, 4.0538767111762155, 3.9796609737230475, 4.07299516952916, 3.8491143474235603, 4.014403999023873, 4.042708201843423, 3.948829506619664, 3.9230101605924848, 3.8584463131898006, 3.9006130834087327, 4.004647004810298, 3.995925761260042, 3.949975506716954, 3.8305888003005477, 4.02506717898283, 3.844014936769737, 3.9353067810703504, 4.077167965040254, 4.005333081249836, 4.1084793236626105, 4.08116644495377, 3.901839917021366, 3.9449711065184623, 4.160070788441436, 4.0494795322678545, 4.102846176200386, 4.037131244844698, 3.794795631258088, 4.150500361936844, 3.8497340449087254, 3.9063878423904956, 3.9916602597677575, 4.0454307231194315, 3.860488819988759, 3.9234772214640183, 4.2229284628854025, 4.112261022368548, 3.8563930875448738, 3.738150580278155, 3.9748190957081944, 4.104306330572832, 3.9006880783885447, 3.8623241615630977, 3.9887402526248668, 3.9079434005399603, 3.8594060922135918, 4.157042053508862, 3.8375887834718756, 4.013204055461667, 3.72363655376098, 3.7601025569654767, 3.9969078757145047, 3.992982324494769, 4.145943367822809, 4.051316371587719, 3.842915022189353, 3.976819920116612, 3.7896337422842574, 3.9999106085460876, 4.07271154009958, 4.057736401259359, 4.021240151486021, 3.949143683532305, 4.061612393070305, 3.86060226803951, 4.04170323691845, 3.8621549327215425, 3.8096020237975847, 3.8942834484433226, 3.881694548988837, 3.9168741558156985, 4.2183710408031505, 3.7441623828861186, 3.946872848567615, 3.83916293405925, 4.007905274954586, 3.9006110084069565, 4.004071198821149, 3.9155095283344616, 3.931389728144989, 4.059765850563177, 3.945221330657601, 3.995917581858614, 4.058587506063987, 3.9924061525270433, 3.6546910063602027, 3.887609191147171, 3.936229498262718, 4.010170068237475, 4.024296739175331, 4.034561046785225, 4.0493525234752035, 3.9828108987035695, 3.7119353315117762, 4.001814636309372, 4.0241036954632605, 4.016795163081311, 4.175824175824176, 3.893159824731584, 4.166138226663894, 3.978592031599669, 3.593086300817533, 4.025432796647058, 4.238880447824247, 3.94428791147509, 3.7937468699231145, 3.9699980286559873, 4.063119196960705, 4.079948079493285, 3.9109616850303133, 3.893089657030278, 3.8387284868968408, 4.088508131751518, 4.100148242248787, 4.207535133115901, 4.14885338328294, 4.017919189211831, 3.9706665506812295, 4.039039788278523, 3.955213134269758, 3.9250990011763633, 4.049892550294502, 3.84048192582099, 4.016179113853889, 4.080985621820068, 4.0574844999505215, 3.876389720152775, 3.8577365038804867, 4.031255385080101, 4.130117772422205, 3.769523945949632, 3.8703786176763786, 3.8626374309065374, 3.715760552997191, 4.079204919196627, 3.793448082523047, 4.097901547091831, 3.923790221140903, 3.880792430544095, 3.86867337029865, 4.084655870480023],