{"timestamp": 10000, "trip_avg_length": [7.472972972972973, 7.362126245847176, 7.257799671592775, 7.396321070234114, 7.2356792144026185, 7.5067796610169495, 7.420168067226891, 7.398998330550918, 7.407035175879397, 7.427852348993288, 7.383973288814691, 7.507640067911715, 7.533106960950764, 7.395659432387312, 7.390651085141903, 7.411764705882353, 7.344941956882256, 7.514431239388794, 7.034976152623211, 7.362728785357737, 7.373333333333333, 7.667244367417678, 7.4646464646464645, 7.188617886178862, 7.424496644295302, 7.216965742251223, 7.5110356536502545, 7.383973288814691, 7.563139931740614, 7.550255536626916, 7.5110356536502545, 7.188311688311688, 7.4688026981450255, 7.64878892733564, 7.297029702970297, 7.407345575959933, 7.512733446519524, 7.5366269165247015, 7.452861952861953, 7.0493630573248405, 7.754385964912281, 7.428571428571429, 7.264802631578948, 7.452861952861953, 7.352159468438538, 7.473773265651438, 7.233660130718954, 7.2680921052631575, 7.6092943201376935, 7.37123745819398, 7.258592471358429, 7.424496644295302, 7.288778877887789, 7.317355371900827, 7.4873096446700504, 7.450252951096122, 7.671875, 7.315702479338843, 7.181818181818182, 7.375, 6.988924050632911, 7.344425956738768, 7.51530612244898, 7.135702746365105, 7.438655462184874, 7.228758169934641, 7.28125, 7.203583061889251, 7.63103448275862, 7.541737649063032, 7.482293423271501, 7.463743676222597, 7.481418918918919, 7.446127946127946, 7.311258278145695, 7.481418918918919, 7.357737104825291, 7.740805604203152, 7.382303839732888, 7.541737649063032, 7.299173553719008, 7.497453310696095, 7.3316749585406304, 7.617241379310345, 6.968503937007874, 7.418760469011725, 7.624137931034483, 7.155088852988691, 7.505942275042445, 7.471283783783784, 7.225122349102773, 7.392320534223706, 7.264802631578948, 7.622413793103449, 7.477157360406092, 7.189935064935065, 7.4468802698145025, 7.5426621160409555, 7.513559322033898, 7.338308457711443, 7.361666666666666, 7.490693739424704, 7.596219931271477, 7.347176079734219, 7.019017432646593, 7.0848, 7.512733446519524, 7.564102564102564, 7.429530201342282, 7.333333333333333, 7.585910652920962, 7.1368760064412236, 7.472972972972973, 7.282430213464696, 7.1518578352180935, 7.444444444444445, 7.140096618357488, 7.338308457711443, 7.351575456053068, 7.312396694214876, 7.501694915254237, 7.5187074829931975, 7.49746192893401, 7.667244367417678, 7.342192691029901, 7.529812606473595, 7.238562091503268, 7.376039933444259, 7.47972972972973, 7.407718120805369, 7.429530201342282, 7.383973288814691, 7.474662162162162, 7.461148648648648, 7.751313485113835, 7.513559322033898, 7.51618398637138, 7.264367816091954, 7.107544141252006, 7.597938144329897, 7.38, 7.0832, 7.690434782608696, 7.208469055374593, 7.279146141215107, 7.547781569965871, 7.451178451178452, 7.436974789915967, 7.160194174757281, 7.240589198036006, 7.441077441077441, 7.349417637271214, 7.433389544688027, 7.28500823723229, 7.266009852216749, 7.260655737704918, 7.368333333333333, 7.516129032258065, 7.541737649063032, 7.426174496644295, 7.327814569536423, 7.45362563237774, 7.486440677966102, 7.317355371900827, 7.168284789644013, 7.213355048859935, 7.481418918918919, 7.063897763578275, 7.365, 7.282894736842105, 7.221859706362153, 7.6355785837651124, 7.339403973509934, 7.455160744500846, 7.682291666666667, 7.047770700636943, 7.220588235294118, 7.214634146341464, 7.137096774193548, 7.572898799313894, 7.201626016260162, 7.080128205128205, 7.664359861591696, 7.525510204081633, 7.169628432956381, 7.28830313014827, 7.362728785357737, 7.356073211314476, 7.267651888341543, 7.416107382550336, 7.389632107023411, 7.2504091653027825, 7.512733446519524, 7.525510204081633, 7.483925549915398, 7.434563758389261, 7.403685092127303, 7.304777594728171, 7.461148648648648, 7.410385259631491], "trip_std_length": [3.9587329838102714, 4.020102409896462, 3.902027903480461, 3.8493955366068, 3.8723625612077663, 3.9293491248133035, 3.918702834424488, 3.9444471649893944, 3.8367198904827076, 4.068601669943739, 3.9469956757084415, 4.0500299983576165, 3.9963065321089086, 3.960832595421734, 4.060187345299007, 3.78722257980785, 3.8444575929547393, 3.840877299346285, 3.955079751666029, 3.975156863299899, 4.069064866635685, 4.023783478395981, 3.891144564237353, 3.828884726962019, 3.824067713070705, 3.7403804964477216, 3.8791546582864402, 4.127695890149487, 4.234218606269057, 3.9849092383991063, 4.069259947036518, 3.9747898425527843, 3.980914173383335, 4.053642078950392, 4.152325415818672, 3.896534927322312, 3.9955736330722758, 3.987194690675872, 4.199803613871059, 3.978338990453987, 4.078960573455328, 3.9218659351085914, 3.9971961341332647, 3.962615734468517, 3.8754149263848157, 4.242908582719609, 4.11667789974398, 4.160295762757966, 3.9398030238711246, 3.820291117337209, 4.000233706250695, 4.088698277654324, 3.84271281039635, 3.815381607073545, 3.8194565621756866, 4.118559658767681, 4.175612142207748, 3.9313742947429664, 3.9505129462350483, 4.098500742141367, 3.9150234953209715, 3.944225085579625, 3.879753447198797, 3.7357377614688354, 4.003047352728225, 3.9959075993853275, 3.8214479228394156, 3.8665760841390706, 4.057143844039145, 3.894198591562149, 4.018520379280413, 3.9702669147593883, 4.142682332207964, 3.9146569299560188, 3.8255596144559005, 4.082716456275745, 4.051680804538757, 4.146958717113024, 4.089453110838276, 4.0788078701458605, 4.086836272955551, 4.294594497909013, 4.160874582827074, 3.9859727290723455, 3.7908655398633018, 4.116663421576326, 3.9453294231074167, 3.852932808649723, 3.9494318866854328, 4.00749125884724, 3.861579927493062, 3.8987187387356714, 3.8187484982156987, 4.258522615092941, 4.043218638869449, 3.944579051291447, 4.130782875487017, 4.079297906678513, 4.102787709867963, 3.936684859872374, 3.8484885200411982, 4.1216072168546685, 3.9871166415270904, 3.9063880299781695, 3.863718799916838, 3.793996436476977, 4.1214900175304185, 4.00167617740327, 4.178090880228707, 3.985462804306519, 4.071779601005544, 3.7038878341123103, 3.961292353181932, 3.9453204396558994, 3.8349901191578004, 4.023221037880078, 3.913067334572713, 4.00020419765418, 4.042368073377035, 4.129306071971674, 4.210861320379202, 4.0655333714908695, 4.042863862576324, 4.054676337939838, 3.761473766105876, 4.2778754696553, 3.869853726829953, 3.925473566403817, 3.860261149607653, 3.8716671089368355, 4.088377754708493, 3.849351384682745, 4.074396807544039, 3.83773635131804, 4.089773353819866, 4.029423882238263, 4.191456438217436, 4.151569387234976, 3.9494792192881922, 4.009421363024466, 3.9207482279109263, 3.9015224925662033, 4.115061918558793, 3.802389948104526, 4.016907035029318, 3.88511689706039, 3.86364479947437, 3.8654658376735904, 4.036472228680763, 3.7284313467610155, 4.050281137192723, 3.990967817470878, 4.052276208982714, 4.032751742226352, 3.8810106524759753, 3.9241905791074423, 3.9390350623245562, 4.0813245574130965, 4.068352832034725, 4.0225354449392405, 3.966559871053084, 4.017452378935665, 3.919830402207998, 3.7831876385426026, 3.917948571162401, 3.964634065249206, 4.139827080560173, 3.734273539116688, 4.100622920159001, 3.99904225895647, 3.9962925477417968, 3.906530355034893, 3.672752316523299, 4.040522691499616, 4.000186491963357, 3.9184698363327777, 3.8753495706196768, 4.010893356417944, 3.8761776096565157, 3.8821957591769447, 3.8103407384462344, 3.9528457757865016, 4.044066483772357, 4.0247147503052245, 3.8306621568389154, 3.8326927471353707, 3.8935342804020077, 3.9543569628510298, 3.8683959545802304, 4.0700257591008135, 4.019229638633021, 4.158616043103589, 4.162887714579319, 4.0671693149278205, 4.023954771269848, 3.9332620447980533, 4.140681834141184, 4.188439440953623, 4.034292701270596, 4.063246964987015],