{"timestamp": 10000, "trip_avg_length": [7.266393442622951, 8.062770562770563, 7.315369261477046, 7.487755102040817, 7.663829787234042, 7.265560165975104, 7.340770791075051, 7.3271221532091095, 7.25250501002004, 7.264462809917355, 7.523809523809524, 7.14867617107943, 7.348453608247422, 7.381930184804928, 7.601659751037344, 7.245833333333334, 7.287169042769857, 7.407867494824017, 7.349036402569594, 7.127118644067797, 7.3347022587268995, 7.304255319148936, 7.190184049079755, 7.437113402061856, 7.864516129032258, 7.536842105263158, 7.339583333333334, 7.522105263157894, 7.411522633744856, 7.537344398340249, 7.200828157349896, 7.739406779661017, 7.458677685950414, 7.110655737704918, 7.150826446280992, 7.5073684210526315, 7.5744234800838575, 7.047034764826176, 7.515856236786469, 7.727467811158799, 7.49475890985325, 7.620041753653445, 7.619047619047619, 7.292887029288703, 7.7923728813559325, 7.237903225806452, 7.6821052631578945, 7.4505050505050505, 7.248459958932238, 7.510460251046025, 7.488517745302714, 7.298568507157464, 7.157464212678937, 7.395445134575569, 7.354037267080745, 7.184804928131417, 7.41995841995842, 7.277432712215321, 7.73109243697479, 7.15587044534413, 7.737306843267108, 7.391213389121339, 7.673036093418259, 7.246464646464647, 7.438034188034188, 7.272349272349272, 7.1361788617886175, 7.252566735112937, 7.227364185110664, 7.398340248962656, 7.390495867768595, 7.676409185803758, 7.122950819672131, 7.578947368421052, 7.373493975903615, 7.523206751054852, 7.43595041322314, 7.621399176954733, 7.448065173116089, 7.447368421052632, 7.49375, 7.62839248434238, 7.53765690376569, 7.7181069958847734, 7.417190775681342, 7.453389830508475, 7.492871690427698, 7.263803680981595, 7.217213114754099, 7.394422310756972, 7.53862660944206, 7.1156862745098035, 7.212809917355372, 7.192622950819672, 7.409563409563409, 7.141393442622951, 7.159919028340081, 6.908536585365853, 7.443298969072165, 7.205284552845528, 7.293634496919918, 7.45010183299389, 7.322916666666667, 7.471816283924843, 7.460921843687375, 7.475409836065574, 7.636734693877551, 7.338775510204082, 7.59453781512605, 7.482029598308668, 7.579831932773109, 7.394190871369295, 7.152439024390244, 7.35625, 7.507306889352819, 7.350912778904665, 7.466386554621849, 7.661764705882353, 7.336116910229645, 7.314583333333333, 7.440082644628099, 7.610878661087866, 7.443983402489627, 7.085889570552148, 7.435416666666667, 7.357293868921776, 7.547568710359408, 7.2573221757322175, 7.402061855670103, 7.59958071278826, 7.392931392931393, 7.237903225806452, 7.253112033195021, 7.668817204301075, 7.208502024291498, 7.132505175983437, 7.60248447204969, 7.484342379958246, 7.61954261954262, 7.360416666666667, 7.337474120082816, 7.382045929018789, 7.289795918367347, 7.262729124236253, 7.45877378435518, 7.636363636363637, 7.619747899159663, 7.135523613963039, 7.341052631578948, 7.203252032520325, 7.123983739837398, 7.25, 7.766454352441613, 7.523109243697479, 7.564853556485356, 7.633474576271187, 7.5, 7.446058091286307, 7.726881720430107, 7.491596638655462, 7.202404809619239, 7.2740585774058575, 7.340163934426229, 7.448484848484848, 7.648535564853557, 7.385093167701863, 7.344329896907216, 7.433684210526316, 7.19959266802444, 7.583157894736842, 7.408333333333333, 7.488752556237219, 7.075098814229249, 7.276639344262295, 7.565031982942431, 7.696774193548387, 7.423799582463466, 7.631799163179917, 7.162886597938145, 7.423868312757202, 6.99601593625498, 7.214432989690722, 7.254582484725051, 7.279835390946502, 7.511578947368421, 7.217303822937626, 7.411157024793388, 7.208835341365462, 7.309278350515464, 7.704989154013015, 7.7899159663865545, 7.261410788381743, 7.3030927835051545, 7.839323467230444, 7.369168356997972, 7.632135306553911, 7.159420289855072, 7.013539651837524, 7.336798336798337, 7.671517671517671], "trip_std_length": [4.12692301238113, 4.158957280054133, 3.9730056337540693, 4.169967094915504, 3.9558427314174747, 4.040769487017285, 4.006270568540742, 3.901561692894742, 4.156792825082369, 3.8714223047660457, 3.8904448937062712, 3.765570969196491, 3.7904142091219772, 3.878800642767985, 4.070824916707657, 4.367253061771845, 3.934936516248154, 3.990322170173713, 4.177052398214904, 4.173253435889183, 4.088960329300651, 3.877236208391642, 3.656887745403987, 3.9998278207177114, 4.229559197177411, 4.049198819560779, 4.017059433597611, 4.015894183638661, 3.9272435262545526, 3.912377369607852, 3.7975473366085555, 4.109452475463079, 3.8516320340688983, 3.7526014447040534, 3.900092621654313, 3.9642412722065656, 4.081098211648116, 3.832355579156242, 4.0775078090447, 3.9672447526054486, 3.8919464492844402, 4.258075368493155, 3.7930650951327274, 3.725125539402498, 4.176622931890881, 3.7518617473568927, 3.931250743716597, 3.810813262903598, 3.840489024134202, 3.9988093674500957, 4.01086386074033, 3.8314191890150817, 4.005332655885412, 4.302118015446861, 3.962677751649063, 3.6934281934624353, 4.156293827035028, 4.017256775607695, 4.060876005572181, 3.8391225949434156, 4.123303588387126, 4.007796558674144, 4.03583932564114, 3.9496659654519037, 3.9204708724946604, 4.008131611255295, 3.952943746208816, 3.925364862671326, 3.850659837125646, 3.9576384131880773, 4.014744591413063, 4.087468353940709, 3.911579842778843, 4.01413016695148, 3.981011687648333, 4.1785681651542435, 3.7858518869519773, 4.057289697371188, 4.043406455904051, 4.264563421026616, 3.9796307539142375, 4.127876073896435, 3.9823938301838817, 4.13018116025622, 3.830250068643376, 4.1336195450171065, 4.093789705963503, 4.118631745410286, 4.150097621268385, 3.9306499119128073, 4.092756272707891, 3.9238272907275964, 3.8791348449991743, 3.5884301337837177, 4.128476235320364, 3.8891515395600003, 3.621339809757583, 4.013919922341557, 4.137256105908265, 3.8461960566281, 3.960536921200185, 4.143438238672711, 3.9777893558762285, 3.7952199140357465, 3.9103141901944247, 3.9181442469913126, 3.8680635812235784, 3.763889451982774, 4.051337002654089, 4.020585836475644, 3.941794579828905, 4.126903869564975, 3.689571954255882, 3.998458361773114, 4.228772216501479, 4.01475273609051, 4.056963663862822, 4.149147962966163, 3.8740303325667496, 4.112353826345145, 3.885569402281566, 3.9951915216795677, 3.996623977764425, 4.045344376036442, 4.078908635863547, 4.086438494463385, 4.014029230571638, 3.956179788588198, 4.098930697407955, 3.9410009253741505, 4.073323786149432, 4.090194662571885, 3.6979079910498234, 4.163073164248595, 3.9237479736760714, 4.175626722709529, 4.1081842817002485, 4.256306279852481, 4.063266892112941, 3.97980524980669, 4.240197981243056, 4.11501796468315, 3.844648806867359, 4.028692394476738, 3.9008445144059083, 4.0309202767999, 4.163712379209364, 3.829812654978699, 3.8989200862976374, 3.9307198488286526, 3.780415136114237, 4.116017293532152, 4.03548747868104, 4.325696572438399, 4.007704280233406, 3.963175596497797, 3.9442840984366643, 3.920130383123984, 4.181966913496547, 4.005502094691368, 4.055367583948315, 3.874900005825453, 3.8066843676308193, 4.025282815495071, 4.220133545769924, 3.8572812142830575, 4.115722157879314, 4.051941978238811, 3.864939780671244, 4.0940175257789315, 3.9178987423816296, 3.808876764436629, 3.83120798632814, 3.9654382079920056, 4.03430558925117, 4.037524303010267, 3.6732312388907786, 3.9055792761992585, 4.030331382032455, 3.8943567717642464, 3.8497663901476122, 3.7205749941032953, 3.892438015629544, 3.857530283821416, 4.097415441030955, 3.8441811542545476, 4.002886291327, 3.867868129144762, 4.045516354188366, 4.506894820360384, 3.9649174746990186, 3.9248813288252156, 3.9897924811871626, 4.068594872403678, 4.105310309387319, 4.070725567455993, 3.9674463726478737, 3.658250319651783, 3.9685454190566767, 4.095558111096913],