{"timestamp": 10000, "trip_avg_length": [10.83361064891847, 11.121621621621621, 10.638190954773869, 11.105621805792163, 10.757475083056478, 10.64367816091954, 10.425531914893616, 11.112627986348123, 10.215780998389693, 11.097435897435897, 10.391869918699188, 10.378246753246753, 10.780775716694773, 10.877966101694915, 10.193548387096774, 10.959044368600683, 11.044293015332197, 10.522240527182866, 10.379478827361563, 10.510603588907015, 10.59016393442623, 10.705, 10.652542372881356, 10.62624584717608, 10.662273476112027, 10.927731092436975, 10.354575163398692, 10.632890365448505, 10.543230016313213, 10.55940594059406, 11.217993079584774, 10.86949152542373, 10.647350993377483, 11.114583333333334, 10.844594594594595, 10.44810543657331, 10.97969543147208, 10.511475409836066, 11.03595890410959, 10.974533106960951, 10.665551839464882, 10.611940298507463, 10.574013157894736, 10.81574539363484, 10.937605396290051, 10.85160202360877, 10.619365609348915, 10.544701986754967, 10.46481178396072, 10.815566835871405, 10.989864864864865, 10.879251700680273, 10.693979933110368, 10.48768472906404, 10.755, 10.789915966386555, 10.9421768707483, 10.74457429048414, 10.964163822525597, 11.0, 10.823728813559322, 10.862646566164154, 10.612040133779264, 10.704918032786885, 10.450406504065041, 10.426470588235293, 11.230240549828178, 10.986394557823129, 10.767558528428093, 11.106529209621993, 10.60601001669449, 10.797619047619047, 10.951505016722408, 10.498333333333333, 10.608768971332209, 10.607553366174056, 10.706953642384105, 10.489326765188833, 10.18416801292407, 10.81986531986532, 10.647840531561462, 10.817420435510888, 10.681135225375627, 10.491830065359476, 10.505709624796085, 10.59504132231405, 10.511627906976743, 10.79054054054054, 10.827759197324415, 10.922033898305084, 10.62520458265139, 10.613065326633166, 10.856902356902356, 10.713101160862355, 10.398692810457517, 10.551324503311259, 10.637271214642263, 10.917369308600337, 10.500821018062398, 11.148275862068965, 10.846410684474124, 10.473941368078176, 10.777777777777779, 10.349025974025974, 10.585526315789474, 10.360330578512396, 10.492586490939045, 10.27066450567261, 10.732203389830508, 10.14423076923077, 11.022184300341298, 10.743333333333334, 10.712854757929883, 10.7363184079602, 10.488524590163934, 10.518945634266887, 11.311958405545926, 10.557755775577558, 10.896147403685092, 10.57001647446458, 10.297734627831716, 10.507413509060955, 10.993311036789297, 10.804384485666105, 10.297560975609755, 10.389250814332248, 10.668333333333333, 10.377235772357723, 10.747508305647841, 10.926994906621392, 10.861952861952862, 10.501644736842104, 10.782608695652174, 10.61139028475712, 10.420701168614357, 10.824027072758037, 10.645590682196339, 10.412052117263844, 10.775167785234899, 10.704890387858347, 10.503322259136212, 11.22491349480969, 10.461412151067323, 10.208, 10.394088669950738, 11.041237113402062, 10.84822934232715, 10.701666666666666, 10.47783251231527, 10.448445171849427, 10.36437908496732, 10.587064676616915, 10.603960396039604, 10.917922948073702, 10.93109243697479, 10.549180327868852, 10.762938230383973, 10.145833333333334, 10.640728476821192, 11.005050505050505, 10.38048780487805, 10.36910569105691, 10.518151815181518, 10.462171052631579, 10.350162866449512, 10.762938230383973, 10.463934426229509, 10.611666666666666, 10.84006734006734, 11.647686832740213, 10.778702163061563, 10.445171849427169, 10.771428571428572, 10.859322033898305, 10.720465890183029, 10.552631578947368, 10.67607973421927, 10.72053872053872, 10.495065789473685, 10.972602739726028, 10.462046204620462, 10.612211221122113, 10.83673469387755, 10.773869346733669, 10.58695652173913, 10.111821086261982, 10.727574750830565, 11.164948453608247, 10.900169204737733, 10.495114006514658, 11.064846416382252, 10.706375838926174, 10.394736842105264, 10.337042925278219, 10.98811544991511, 10.755852842809364, 10.986348122866895, 10.8839590443686, 11.077319587628866, 10.663920922570016], "trip_std_length": [5.578267949757128, 5.82939360506526, 5.851577010624996, 5.700869871166527, 5.634874700816108, 5.684316880005417, 5.501876142160841, 5.703505680959047, 5.571824297332739, 5.747901312109848, 5.687035513003966, 5.468158790899315, 5.934365694344796, 5.489468122690699, 5.4154459789461935, 5.76398981686756, 5.770873287777149, 5.684084221001504, 5.412102109142041, 5.5345837029134195, 5.356402784779878, 5.983697992601789, 5.5347547809720234, 5.489480322579216, 5.706114825025913, 5.8444676759379615, 5.517064612971002, 5.701295063399227, 5.448274403108044, 5.670746161073606, 5.989976181704862, 5.596147410777214, 5.864909364767378, 5.73252742337289, 5.581355107466865, 5.659491498521051, 5.6039260387408705, 5.470400181982546, 5.761267231078608, 5.530071825168144, 5.721389540493509, 5.607859036053186, 5.6586957721662445, 5.641098885739655, 5.702679971094259, 5.587105876118433, 5.558493832658155, 5.7517335489809405, 5.394122013527035, 5.941750069081905, 5.829784195450316, 5.841795640964893, 5.825643680651238, 5.6336074644197405, 5.693707784329411, 5.856654549650915, 5.7481191856813805, 5.667751357739863, 5.704056313756033, 5.83795955112857, 5.631579812157083, 5.487726066805563, 5.882346088373755, 5.670875441408486, 5.434643075971938, 5.372663069492193, 5.467358271720027, 5.818965467300029, 5.425797821434446, 5.964009351203519, 5.806711096897959, 5.85640481219178, 5.6092961608871565, 5.569859114515874, 5.652565028545689, 5.59603502234305, 5.813766887457049, 5.8250606068819994, 5.337556278096976, 5.761494964354782, 5.392153489744319, 5.515791070625479, 5.666893698231539, 5.400762344869726, 5.64288375368545, 6.001623075781001, 5.443216175507599, 5.573226755172687, 5.555325143834495, 5.828104549758755, 5.729181603727503, 5.605635189713521, 5.760488414036053, 5.628252367401404, 5.279866641810926, 5.78010531487005, 5.634887335387978, 5.507460997378149, 5.606448549285149, 5.6759092049829745, 5.975446390932163, 5.7741255753082426, 5.725286028857725, 5.389678600335067, 5.530351753050196, 5.669324144406828, 5.459407888793992, 5.419186609912168, 5.664891600021002, 5.5024789330159205, 5.732178436821589, 5.251741510098235, 5.650152688758394, 5.625556854967082, 5.702518809612599, 5.771818731977282, 5.8023253999406785, 5.262338721979314, 5.7870590250296114, 5.7671418147489195, 5.544351454930613, 5.529271610768408, 5.851846068973603, 5.594099004915031, 5.451716570343248, 5.564833897942058, 5.673182283535601, 5.7365581733404145, 5.790876841101134, 5.637592229638646, 5.785253536007949, 5.587226732288444, 5.594093147645986, 5.275626225431288, 5.3163657778902405, 5.824811103531347, 5.836586484341486, 5.4981120263197, 5.607382550335569, 5.7534146790051786, 5.552900734802276, 6.071483239665665, 5.389179572283281, 5.529117108544546, 5.478337503745595, 5.83375211691812, 5.630910331814923, 5.750014251190069, 5.844446473319886, 5.530324973198863, 5.366584986598656, 5.4356142549991775, 5.5029170924596285, 6.026877019412983, 5.7385874744173275, 5.154502184572293, 5.7734550620444445, 5.582672535523545, 5.564051789568789, 5.5095547322463, 5.401741040267614, 5.490155714487268, 5.643902099402967, 5.709400422221874, 5.477777876299282, 5.93711301049226, 5.1853682161138455, 5.931626861344384, 5.464271216559922, 5.947313456837764, 5.443334990589777, 5.50418874224337, 5.771694810399607, 5.538971900077982, 5.613010538360409, 5.442932976859233, 5.600462063900676, 5.435822294698797, 5.866663345672838, 5.452403272404197, 5.665981379069661, 5.8662020195014986, 5.794133575919617, 5.627831111370135, 5.542927377703736, 5.403550560925242, 5.601572254835234, 5.79105913376938, 5.855147992031867, 5.581128822054781, 5.525852340502781, 5.550804973942528, 5.884477679652364, 5.6558068278673606, 5.656991828731817, 5.843607620739735, 5.598618001244741, 5.812794704630994, 5.8226245275882835, 5.369300720548641],