{"timestamp": 10000, "avg_req_length": [7.369337979094077, 7.300986842105263, 7.5671875, 7.503236245954692, 7.493006993006993, 7.295336787564767, 7.360294117647059, 7.3875598086124405, 7.3754152823920265, 7.174061433447099, 7.362889983579639, 7.473186119873817, 7.4423076923076925, 7.2683333333333335, 7.1716171617161715, 7.307964601769911, 7.351485148514851, 7.135384615384615, 7.330721003134796, 7.140939597315437, 7.440983606557377, 7.242372881355932, 7.271453590192644, 7.462093862815885, 7.204437400950872, 7.038528896672505, 7.397236614853195, 7.22495894909688, 7.699658703071672, 7.667241379310345, 7.281739130434783, 7.490998363338789, 7.219269102990033, 7.703125, 7.402356902356902, 7.4424635332252835, 7.282218597063622, 7.515202702702703, 7.4935064935064934, 7.523809523809524, 7.577249575551782, 7.266233766233766, 7.105691056910569, 7.0296875, 7.461783439490445, 7.1341059602649, 7.5483359746434235, 7.256944444444445, 7.440931780366056, 7.453396524486572, 7.203642384105961, 7.438474870017331, 7.621311475409836, 7.574043261231282, 7.37123745819398, 7.339171974522293, 7.442652329749104, 7.322183098591549, 7.759515570934256, 7.3250883392226145, 7.222565687789799, 7.415517241379311, 7.143089430894309, 7.240066225165563, 7.304794520547945, 6.960912052117264, 7.388034188034188, 7.288492706645057, 7.487455197132617, 7.438311688311688, 7.2926829268292686, 7.472491909385114, 7.303819444444445, 7.36694214876033, 7.174708818635607, 7.335559265442404, 7.271500843170321, 7.0, 7.188524590163935, 7.103715170278638, 7.097451274362818, 7.467304625199362, 7.409168081494058, 7.372250423011844, 7.352941176470588, 7.548042704626335, 7.705479452054795, 7.188589540412044, 7.564019448946516, 6.916256157635468, 7.3305921052631575, 7.270175438596492, 7.64576802507837, 7.266998341625207, 7.692691029900332, 7.137380191693291, 7.251231527093596, 7.632352941176471, 7.408736349453978, 7.598006644518272, 7.289950576606261, 7.397009966777409, 7.522875816993464, 7.335537190082644, 7.437400950871632, 7.443868739205527, 7.400355871886121, 7.285942492012779, 7.3522727272727275, 7.185689948892675, 7.363207547169812, 7.359511343804537, 7.613065326633166, 7.471794871794872, 7.268630849220104, 7.369458128078818, 7.844974446337308, 7.44297520661157, 7.584564860426929, 7.216129032258064, 7.269299820466786, 7.221864951768489, 7.6389351081530785, 7.353448275862069, 7.215146299483649, 7.248, 7.486910994764398, 7.728896103896104, 7.343042071197411, 7.453608247422681, 7.398290598290599, 7.462171052631579, 7.504215851602024, 7.202970297029703, 7.171526586620926, 7.672580645161291, 7.627318718381113, 7.115248226950355, 7.0775316455696204, 7.588135593220339, 7.529126213592233, 7.456910569105691, 7.146067415730337, 7.547738693467337, 7.3785594639865995, 7.403846153846154, 7.436548223350254, 7.613913043478261, 7.300165837479271, 7.322899505766062, 7.454054054054054, 7.299483648881239, 7.333333333333333, 7.558724832214765, 7.600355239786857, 7.411359724612737, 7.395833333333333, 7.511754068716094, 7.273204903677758, 7.396103896103896, 7.151006711409396, 7.628524046434494, 7.209339774557166, 7.465076660988075, 7.29126213592233, 7.420608108108108, 7.468197879858657, 7.216478190630048, 7.459415584415584, 7.486042692939245, 7.12876254180602, 7.10551948051948, 7.403061224489796, 7.486348122866894, 7.266233766233766, 7.252508361204013, 7.493421052631579, 7.680580762250454, 7.098591549295775, 7.174957118353345, 7.550600343053174, 7.4981884057971016, 7.5561224489795915, 7.267213114754099, 7.091772151898734, 7.383495145631068, 7.2933104631217835, 7.363945578231292, 7.296354992076069, 7.341692789968652, 7.514049586776859, 7.777777777777778, 7.457851239669422, 7.659963436928702, 7.246894409937888, 7.491496598639456, 7.460504201680672, 7.437810945273632, 7.408333333333333, 7.363793103448276], "std_req_length": [3.926081011044261, 3.899628737367258, 4.092888447031479, 4.337406635632475, 3.985764008846589, 3.924700886114607, 3.7218014181102883, 4.048908129838352, 3.954297915385267, 3.917721558231267, 4.202743906570828, 3.997642081849093, 3.81089167700381, 4.030260192868721, 4.101869455303562, 4.092387528101767, 4.012384636048894, 3.9376068784217253, 3.8255898531688657, 3.8708515516106465, 3.920600365918395, 3.687896069614968, 4.052830775103861, 4.088750078469723, 3.673830780998572, 3.779646932675044, 4.029390208857869, 3.9983947156442055, 4.136976342977562, 4.04346590537659, 3.958119505384292, 3.9224688464105295, 4.073464996015429, 4.151688573599033, 3.9913282896447333, 4.03313011214695, 3.986964113572731, 4.278296732565963, 4.201494405205226, 4.0111805196223385, 3.9340348404871883, 4.1282872895855185, 4.042885969386811, 3.795646341842684, 3.956789456946721, 3.606960117160386, 3.920419895840781, 3.838305702205108, 3.9274097763139655, 3.796330480146623, 3.8043961993524404, 3.9402086392878894, 4.203730379044829, 4.068660933093084, 3.895281702127759, 3.8866823836424405, 4.092055611794817, 4.057257558505791, 3.9181885918690855, 3.751603601906225, 3.6804236998538014, 4.134977034674914, 3.8023116909656616, 3.838673542403763, 3.9234425789231278, 3.521701425038555, 4.161466753116348, 4.038037999885656, 4.000316337486828, 3.9873289248315658, 3.8545331929089626, 4.180404349076678, 3.806480128333746, 3.6879385365737583, 3.85999913228445, 3.847153314740914, 3.8393736236095553, 3.8975245572566446, 3.9760182059424083, 3.814598624770113, 3.9278854818553883, 4.0519118973184645, 3.9996584090901637, 4.220669650186136, 4.047060723513766, 4.115157911763011, 4.17209879218716, 3.9718817259373584, 4.090492045346319, 3.7518969617022475, 4.0202102480946245, 3.728598105034977, 4.021872716386558, 3.680438466875239, 4.259862085123379, 3.6896767530984653, 3.8889683513781415, 3.9943341023484957, 3.7820726384072607, 4.075026773238878, 3.9754122181205775, 4.178356394091682, 4.17991613782132, 3.966155569400047, 3.9600375659665117, 4.235495565335842, 4.075995158014724, 4.12423219573784, 3.970376674650259, 3.866326870267498, 3.8829370036783026, 4.123727930820369, 4.168884118247631, 3.9131128700806466, 4.179541287006693, 4.108118423389819, 4.071108299308217, 3.8640711294695604, 3.9232988761675163, 3.8464559954958752, 3.8180345519769374, 4.000277851414123, 4.047276547469406, 3.9204466457913987, 4.055999299090754, 4.033967773792943, 4.010708143498153, 4.076724726505226, 4.040105393084044, 3.807716758350339, 4.1493894701969944, 3.8850950705977714, 3.9363055800474434, 3.8644599342309336, 3.781975701683813, 4.004137753215062, 4.033300975226865, 3.917932238246313, 3.8379354264508088, 4.1022765381156105, 3.901285102384796, 4.106431230069082, 3.8297869185324163, 4.162102581817049, 3.7862586690261395, 4.03792731509278, 4.009584658578409, 4.020012696422126, 4.114180868403503, 3.939976270191264, 3.9147626297808413, 4.047031985508541, 3.9492774869534832, 3.8606048120581726, 3.8513866684477494, 4.224892430739639, 4.1911261248552805, 4.162211298179516, 3.775063362228189, 4.021321148753652, 4.003440088671131, 3.978130386310023, 4.145265974444218, 4.076365182751916, 3.954345611611914, 3.992025112028905, 3.941024503542449, 4.186097446248957, 3.973733848337035, 4.0607317650639825, 4.07847053196029, 3.8257800396727166, 4.008382901625976, 4.030682405867208, 4.049678851772843, 4.081295788530309, 4.059583707148587, 3.9239092636730484, 3.896205917489203, 3.912892525244354, 4.0342141563311005, 3.9999995897657845, 4.11425842401326, 3.9739818290390962, 3.7193211778541806, 4.2806314089962445, 3.827956185820245, 4.135073896932519, 4.023225286507493, 4.040064047838557, 4.103844313116847, 4.03230312700522, 4.071707503541885, 4.121276935834831, 4.046266546337008, 4.086013451208625, 3.9797432138646425, 4.119366933290942, 4.166724999591673, 4.14234642301055],