{"timestamp": 10000, "trip_avg_length": [11.182012847965739, 11.828125, 11.038461538461538, 10.713375796178344, 11.674518201284796, 11.721132897603486, 10.987628865979381, 11.187363834422658, 10.95625, 11.376940133037694, 11.758928571428571, 11.1875, 11.321120689655173, 11.51923076923077, 10.968487394957982, 11.3862660944206, 10.773784355179703, 11.252609603340293, 10.957627118644067, 11.889867841409691, 11.486725663716815, 11.039130434782608, 11.221030042918455, 11.407327586206897, 11.517777777777777, 11.429805615550755, 10.873684210526315, 11.437636761487965, 11.436325678496868, 11.320594479830149, 11.099792099792099, 11.47427293064877, 11.463203463203463, 10.953586497890296, 10.9874213836478, 10.812627291242363, 11.560344827586206, 11.238839285714286, 10.857142857142858, 11.133611691022965, 11.114224137931034, 11.324435318275153, 10.830472103004292, 11.234782608695653, 10.899159663865547, 11.581344902386117, 10.616407982261642, 11.568627450980392, 11.138321995464853, 10.771084337349398, 11.141372141372141, 11.046610169491526, 10.89587852494577, 11.065677966101696, 10.970893970893972, 11.116883116883116, 11.371244635193133, 10.958874458874458, 11.240860215053763, 11.354771784232366, 11.79175704989154, 11.217922606924644, 11.201716738197424, 11.141935483870968], "trip_std_length": [6.082855625867296, 6.152047718218069, 6.021206769948149, 5.766199507202852, 6.464948609853083, 6.4298298921536965, 5.991734129855738, 5.823827307735527, 5.792250794883914, 5.925988494709678, 6.549257776532345, 5.829366210546963, 5.883779759754446, 6.459080092985398, 5.816617622739941, 5.9234154004634, 5.792171381703024, 6.027153975800517, 5.935949180587619, 6.25072566572657, 6.674300260625634, 5.86057120902308, 6.012903490084609, 5.908062705081085, 5.972224186046189, 6.2065715682461216, 6.088889113550937, 6.056349661335232, 6.012479702906145, 6.384793211997514, 6.07150907188649, 5.875565399744281, 6.129001821740396, 6.061739125849931, 5.874638046444523, 6.1294191773543725, 6.101213549585497, 6.097687683156114, 5.570393278551209, 5.860851479634605, 6.068741653762088, 6.161538518854489, 5.662088230040065, 6.206350793351302, 6.198258033930156, 5.914832923812573, 6.081967563851451, 6.129785176319829, 5.988379214752095, 5.849845296148536, 6.264506938433153, 5.895806930056882, 5.982077746328444, 6.166297817787436, 5.9724928221461555, 5.80820592660982, 6.092768998837953, 5.895962852150308, 6.181314829667788, 6.0372862925152955, 6.15314473974599, 5.939217288337213, 6.108644164910627, 5.925456700889581], "trip_avg_price": [614596, 626432, 608977, 593530, 644910, 636689, 630426, 605673, 620662, 604351, 624090, 636828, 619546, 636539, 617230, 626614, 598905, 636035, 610546, 638455, 613047, 597703, 616102, 626636, 611800, 625058, 606607, 617415, 647757, 631923, 630088, 605214, 625059, 612928, 617671, 625241, 632688, 592757, 619859, 630550, 606288, 651923, 594288, 609817, 609029, 632089, 561420, 628507, 577994, 631433, 631331, 614424, 592219, 615203, 622964, 604687, 627100, 597266, 617245, 647668, 643346, 652813, 615979, 610532], "trip_num_completed": [0, 0, 0, 0, 0, 0, 0, 0, 0, 0, 0, 0, 0, 0, 0, 0, 0, 0, 0, 0, 0, 0, 0, 0, 0, 0, 0, 0, 0, 0, 0, 0, 0, 0, 0, 0, 0, 0, 0, 0, 0, 0, 0, 0, 0, 0, 0, 0, 0, 0, 0, 0, 0, 0, 0, 0, 0, 0, 0, 0, 0, 0, 0, 0], "ratio_serving": [0.5226, 0.5302, 0.5175, 0.5046, 0.5452, 0.538, 0.534, 0.5141, 0.5271, 0.5131, 0.5268, 0.539, 0.5253, 0.5391, 0.5232, 0.5315, 0.5096, 0.539, 0.5172, 0.5398, 0.5192, 0.5085, 0.5231, 0.5299, 0.5183, 0.5292, 0.5172, 0.5231, 0.5478, 0.5348, 0.534, 0.5138, 0.5296, 0.5197, 0.5241, 0.5309, 0.5366, 0.5035, 0.5244, 0.5342, 0.5157, 0.5515, 0.5049, 0.5168, 0.5188, 0.5349, 0.4799, 0.5321, 0.4912, 0.5364, 0.5359, 0.5214, 0.5028, 0.5223, 0.5288, 0.5136, 0.5309, 0.5066, 0.5227, 0.5473, 0.5436, 0.5513, 0.522, 0.5181], "ratio_cruising": [0.1433, 0.1364, 0.1435, 0.1373, 0.1319, 0.1366, 0.1307, 0.1324, 0.1361, 0.1366, 0.1225, 0.1346, 0.1319, 0.1368, 0.1303, 0.1405, 0.1242, 0.144, 0.1261, 0.1338, 0.1282, 0.1408, 0.14, 0.1312, 0.128, 0.1299, 0.1422, 0.134, 0.1309, 0.1292, 0.1344, 0.1372, 0.1334, 0.1316, 0.1281, 0.1334, 0.1401, 0.1436, 0.1227, 0.1372, 0.1442, 0.1344, 0.1336, 0.1373, 0.1453, 0.1322, 0.1459, 0.1392, 0.1368, 0.1395, 0.1382, 0.1334, 0.1291, 0.1418, 0.1267, 0.1342, 0.1347, 0.1351, 0.1317, 0.1226, 0.1331, 0.12, 0.132, 0.134], "ratio_online": [0.7605, 0.7582, 0.7486, 0.7347, 0.7821, 0.7631, 0.7741, 0.7485, 0.7695, 0.7437, 0.7535, 0.7748, 0.7629, 0.7759, 0.7597, 0.7667, 0.7603, 0.7715, 0.7507, 0.7717, 0.7509, 0.7411, 0.7576, 0.7586, 0.751, 0.7645, 0.7649, 0.7535, 0.7892, 0.7727, 0.773, 0.744, 0.7653, 0.7538, 0.7682, 0.7779, 0.7753, 0.7225, 0.76, 0.7688, 0.7492, 0.7935, 0.7358, 0.7408, 0.7604, 0.7695, 0.7071, 0.7599, 0.7104, 0.7834, 0.7801, 0.7588, 0.7336, 0.7541, 0.7795, 0.7489, 0.7623, 0.7297, 0.7528, 0.7928, 0.7757, 0.7989, 0.7547, 0.7526], "ratio_waiting": [0.0962, 0.1054, 0.1079, 0.128, 0.086, 0.1003, 0.0952, 0.1191, 0.0944, 0.1197, 0.124, 0.0906, 0.1052, 0.0873, 0.11, 0.0928, 0.1155, 0.0845, 0.1232, 0.0945, 0.1209, 0.1181, 0.1024, 0.1102, 0.121, 0.1056, 0.0929, 0.1125, 0.0799, 0.0981, 0.0926, 0.1188, 0.1013, 0.1146, 0.1037, 0.0887, 0.0846, 0.1339, 0.1173, 0.094, 0.1066, 0.0721, 0.1306, 0.1219, 0.0943, 0.0983, 0.147, 0.1009, 0.1528, 0.0771, 0.0817, 0.1078, 0.1373, 0.1041, 0.0938, 0.1169, 0.103, 0.1352, 0.1155, 0.0846, 0.0912, 0.0811, 0.1133, 0.1134], "ratio_to_request": [0.2379, 0.228, 0.2311, 0.2301, 0.2369, 0.2251, 0.2401, 0.2344, 0.2424, 0.2306, 0.2267, 0.2358, 0.2376, 0.2368, 0.2365, 0.2352, 0.2507, 0.2325, 0.2335, 0.2319, 0.2317, 0.2326, 0.2345, 0.2287, 0.2327, 0.2353, 0.2477, 0.2304, 0.2414, 0.2379, 0.239, 0.2302, 0.2357, 0.2341, 0.2441, 0.247, 0.2387, 0.219, 0.2356, 0.2346, 0.2335, 0.242, 0.2309, 0.224, 0.2416, 0.2346, 0.2272, 0.2278, 0.2192, 0.247, 0.2442, 0.2374, 0.2308, 0.2318, 0.2507, 0.2353, 0.2314, 0.2231, 0.2301, 0.2455, 0.2321, 0.2476, 0.2327, 0.2345]}