{"timestamp": 10000, "trip_avg_length": [10.764966740576497, 11.05045871559633, 10.563063063063064, 11.024830699774267, 10.41703056768559, 10.654017857142858, 11.036199095022624, 10.968109339407745, 10.454347826086957, 10.897025171624714, 10.639737991266376, 10.667415730337078, 10.759550561797752, 10.675438596491228, 10.832214765100671, 10.897260273972602, 10.502183406113538, 10.525274725274725, 10.738532110091743, 11.011415525114156, 10.554083885209714, 10.763513513513514, 10.227571115973742, 10.586363636363636, 10.731981981981981, 10.508888888888889, 10.443231441048034, 10.160520607375272, 10.874429223744292, 10.807174887892376, 10.871040723981901, 10.831435079726651, 10.993181818181819, 11.103211009174313, 10.573304157549234, 10.489035087719298, 10.678651685393259, 10.954853273137697, 10.194748358862144, 10.72072072072072, 10.647855530474041, 10.288172043010753, 10.812641083521445, 10.736017897091722, 10.70045045045045, 10.855172413793104, 10.606263982102908, 10.664429530201343, 10.443956043956044, 10.406181015452539, 10.593333333333334, 11.08352668213457, 10.671052631578947, 11.00230946882217, 11.135011441647597, 10.747747747747749, 10.73873873873874, 10.33978494623656, 10.405286343612335, 11.016241299303944, 10.469026548672566, 10.713318284424378, 10.5625, 10.502242152466367, 10.620842572062084, 10.995423340961098, 10.65625, 10.458874458874458, 10.859122401847575, 10.477419354838709, 10.866213151927438, 10.926008968609866, 10.822323462414579, 10.314410480349345, 10.168103448275861, 10.71806167400881, 10.391208791208792, 11.172811059907835, 11.250580046403712, 10.558295964125561, 10.839729119638827, 10.611973392461197, 10.766439909297052, 10.577181208053691, 10.712053571428571, 10.632286995515695, 11.0, 10.512141280353202, 10.38716814159292, 10.650442477876107, 10.783964365256125, 10.947247706422019, 10.886836027713626, 10.49015317286652, 11.071593533487299, 10.970454545454546, 10.464912280701755, 10.783599088838269, 10.336980306345733, 11.19134396355353, 10.758928571428571, 10.634529147982063, 10.654867256637168, 10.888382687927107, 10.665909090909091, 10.391684901531729, 10.612472160356347, 11.102325581395348, 10.345054945054946, 10.493303571428571, 10.400881057268723, 10.538116591928251, 10.6, 10.428571428571429, 11.140589569160998, 10.993166287015946, 10.738148984198645, 10.959367945823928, 10.606194690265486, 10.5625, 10.690582959641256, 10.995423340961098, 10.668903803131991, 11.027149321266968, 10.209150326797385, 10.226980728051393, 10.627232142857142, 10.756207674943566, 10.770786516853933, 11.13594470046083, 10.38495575221239, 10.561797752808989, 10.297180043383948, 10.845291479820627, 10.986238532110091, 10.123644251626898, 10.361050328227572, 10.217204301075268, 10.811791383219955, 10.616252821670429, 10.895216400911162, 10.75, 10.74099099099099, 10.506726457399104, 10.895591647331786, 10.692134831460674, 10.348684210526315, 11.048837209302325, 10.483516483516484, 10.601769911504425, 10.981735159817351, 10.897727272727273, 10.69111111111111, 10.913636363636364, 10.731277533039648, 10.773242630385488, 10.370860927152318, 10.146236559139785, 10.641921397379912, 10.387445887445887, 10.231601731601732, 10.573660714285714, 10.927765237020315, 10.745535714285714, 10.993087557603687, 10.471111111111112, 11.045766590389016, 10.356043956043957, 10.37885462555066, 10.727688787185354, 11.055172413793104, 11.14712643678161, 10.95150115473441, 10.73015873015873, 10.71395881006865, 10.769058295964125, 11.267605633802816, 10.428884026258206, 10.89841986455982, 10.730088495575222, 10.556818181818182, 10.8490990990991, 10.801781737193764, 10.486666666666666, 10.812064965197216, 10.669565217391304, 10.274725274725276, 11.081018518518519, 11.536130536130536, 10.51793721973094, 10.712359550561798, 10.237991266375547, 10.136363636363637, 10.699095022624434, 10.565502183406114, 10.920454545454545, 10.574660633484163, 10.80865603644647, 10.392776523702032, 10.715909090909092], "trip_std_length": [5.987993618145889, 5.742344306831823, 5.868152370147378, 5.835349361626977, 5.670991680560554, 5.77544308130514, 5.723536548410839, 5.730777223652455, 5.5376264936671955, 5.621625076073101, 5.648270742162266, 5.322578054080092, 5.296441864801197, 5.83921349852164, 5.3854589428816855, 5.6923357734613855, 5.6750618596158935, 5.259728681562092, 5.541377437094958, 5.778037247599293, 5.761240083123731, 5.363408078244778, 5.606797336825503, 5.689447604960149, 5.5343126757049195, 5.695312779323098, 5.53532207113111, 5.119848127461773, 5.900254155834154, 5.824299076433667, 5.535089489698883, 5.6964853880736905, 5.904732221134654, 5.462624361859223, 5.639380584016577, 5.360664312933784, 5.695463834878356, 5.714244421842402, 5.526080475171998, 5.47791827884926, 5.88932259970682, 5.520126410083779, 5.862889604497071, 5.346359256280749, 5.773338829354799, 5.7102198886881785, 5.558052879739662, 5.451774423191508, 5.267007173860354, 5.436623151122552, 5.4667845515744755, 6.225647319457778, 5.273788605963252, 5.784625176343575, 6.023036312245957, 5.9980754698298195, 5.474283385923696, 5.23066104880782, 5.5382982390773865, 5.714573365457761, 5.686999296579451, 5.746446820926642, 5.598598756449178, 5.25653506523402, 5.780954294015463, 5.889522723449438, 5.881087746357569, 5.676853324529541, 5.80403747075457, 5.383370032810584, 5.595006393574132, 5.406473095858559, 5.698607356961146, 5.274707899946608, 5.1751411631243425, 5.747995608176368, 5.302366221774277, 5.726492555023086, 5.873953943500708, 5.384745166146072, 5.878303214796668, 5.646083614820525, 5.752440734208752, 5.313249499348909, 5.498752884322443, 5.732781798248833, 5.939499336661564, 5.462936167836747, 5.7409500877277715, 5.959444410372457, 5.714445522057705, 5.797774544822046, 5.473314427354612, 5.668100629556498, 5.719538370328322, 6.110091486647857, 5.179547877988532, 5.848980580811876, 5.293591566148299, 5.810979927292991, 5.953308707460628, 5.665850074374885, 5.329447183645238, 5.598065633963256, 5.73107332410614, 5.493359508792001, 5.940043822606117, 5.768700162810974, 5.217221350810665, 5.322622690056241, 5.504311415396008, 5.742777100798502, 5.422996301758732, 5.501533966191765, 5.568229331098058, 5.6691185791422605, 6.051626142328773, 5.55645530327583, 5.703962032197494, 5.331897360629302, 5.726443352711808, 5.6572569071265395, 5.406309546694818, 5.441102623180682, 5.417618633014244, 5.634844949753776, 5.722907401372236, 5.237835618018743, 5.486780891372515, 5.766776620158242, 5.830006621817124, 5.998042857165947, 5.614570124930128, 5.541188033748125, 6.001513079703711, 5.466115753127483, 5.806023186531696, 5.544940998666368, 5.6088241711012286, 5.514348814096767, 5.533328292438017, 5.69619091227558, 5.976156445808937, 5.5016263026946675, 6.007787217317316, 5.778072162443522, 5.271480535924218, 5.640380660625221, 5.572228305954838, 5.6920062298376495, 5.561580103255564, 5.716482891856894, 5.632063849946709, 5.7923770795248615, 5.950459179525937, 5.359486104040866, 5.385717225349969, 5.139778647586908, 5.733772451586541, 5.296336883696124, 5.563917967470548, 5.641754649729315, 5.62076296155093, 5.753297011168856, 5.821258368457259, 5.730643641268393, 5.927302663172496, 5.7383079175232155, 5.530619016506066, 5.463126858328904, 5.65129948682723, 5.806572555826948, 5.696314096179321, 5.714462078407121, 5.666402014310058, 5.604533119705434, 5.670012742644614, 5.4108932049515035, 5.509365900657306, 5.572743163276947, 5.542517385353171, 5.8948919787074825, 5.867383434049704, 5.781660661090376, 5.766890306756725, 5.581369224451984, 5.38876718162075, 5.920023373298268, 5.779694779184803, 5.634884240924094, 5.695884976759643, 5.091961931744404, 5.673743179650837, 5.310064642858191, 5.352739765866349, 5.849284320847782, 5.526987715801639, 5.66689766744211, 5.685444741369751, 5.7166997465089535],