{"timestamp": 10000, "trip_avg_length": [11.344729344729345, 11.089136490250697, 11.225988700564972, 10.74123989218329, 11.09192200557103, 11.194366197183099, 11.82686567164179, 10.977839335180056, 11.07182320441989, 11.284090909090908, 11.381766381766381, 11.569767441860465, 10.986225895316805, 10.282051282051283, 11.731563421828909, 11.362857142857143, 10.841961852861035, 11.100278551532034, 11.588921282798834, 11.0, 11.513043478260869, 11.552631578947368, 10.969696969696969, 10.854794520547944, 11.28328611898017, 11.478386167146974, 11.047222222222222, 11.514450867052023], "trip_std_length": [6.220380011771652, 6.006762120839853, 5.732729135804786, 6.007892165642467, 6.020384725168502, 6.203948931509097, 5.971064109009062, 5.723989154533998, 5.965863433752048, 6.144470654832617, 6.232175335748185, 5.708094411130727, 5.640011314652842, 5.342373994284381, 5.943334252714379, 5.793325505110451, 5.783287437939208, 6.769666485398173, 5.930363117726377, 5.823841264305132, 6.379357857909294, 5.821555184888199, 6.017574506267094, 6.046238298356915, 5.849304791044191, 5.958692557271713, 6.249932715687208, 6.283851159288755], "trip_avg_price": [447911, 448291, 448065, 447551, 447482, 448241, 447959, 448430, 449770, 447850, 450589, 448372, 447958, 447541, 449005, 447549, 447595, 447698, 448870, 448327, 449423, 448446, 448275, 447542, 448194, 448467, 447922, 450050], "trip_num_completed": [0, 0, 0, 0, 0, 0, 0, 0, 0, 0, 0, 0, 0, 0, 0, 0, 0, 0, 0, 0, 0, 0, 0, 0, 0, 0, 0, 0], "ratio_serving": [0.3982, 0.3981, 0.3974, 0.3985, 0.3982, 0.3976, 0.3966, 0.3978, 0.4008, 0.3972, 0.3995, 0.398, 0.3988, 0.401, 0.3977, 0.3977, 0.3979, 0.3988, 0.3983, 0.3982, 0.3972, 0.3951, 0.3982, 0.3962, 0.3983, 0.3983, 0.3987, 0.3984], "ratio_cruising": [0.179, 0.1702, 0.1665, 0.1679, 0.1777, 0.1671, 0.1703, 0.1709, 0.1837, 0.1594, 0.1789, 0.1779, 0.1718, 0.1877, 0.1756, 0.1724, 0.1684, 0.178, 0.177, 0.1624, 0.1623, 0.1595, 0.1713, 0.1518, 0.1774, 0.1826, 0.1779, 0.1631], "ratio_online": [0.6673, 0.6721, 0.67, 0.6844, 0.6719, 0.6702, 0.6584, 0.6671, 0.6763, 0.6766, 0.6608, 0.6627, 0.6806, 0.6916, 0.6569, 0.6713, 0.6771, 0.6764, 0.663, 0.6807, 0.6616, 0.6493, 0.6722, 0.6758, 0.6678, 0.6605, 0.6737, 0.6689], "ratio_waiting": [0.1537, 0.1577, 0.1635, 0.1477, 0.1504, 0.1627, 0.1713, 0.162, 0.14, 0.164, 0.1603, 0.1594, 0.1476, 0.1207, 0.1675, 0.1563, 0.1545, 0.1456, 0.16, 0.1569, 0.1761, 0.1912, 0.1565, 0.1724, 0.1548, 0.1569, 0.1484, 0.168], "ratio_to_request": [0.2691, 0.274, 0.2726, 0.2859, 0.2737, 0.2726, 0.2618, 0.2693, 0.2755, 0.2794, 0.2613, 0.2647, 0.2818, 0.2906, 0.2592, 0.2736, 0.2792, 0.2776, 0.2647, 0.2825, 0.2644, 0.2542, 0.274, 0.2796, 0.2695, 0.2622, 0.275, 0.2705]}