{"timestamp": 10000, "trip_avg_length": [10.948275862068966, 10.874692874692874, 10.972636815920398, 10.468446601941748, 11.373096446700508, 11.123115577889447, 10.910891089108912, 11.909814323607428, 11.072139303482587, 11.708762886597938, 10.854066985645932, 11.360201511335013, 11.115, 11.565217391304348, 11.2875, 11.026699029126213, 11.425316455696203, 11.328358208955224, 11.246753246753247, 11.106965174129353, 11.474489795918368, 11.1275, 10.881773399014778, 11.475124378109452, 11.508905852417303, 10.93643031784841, 10.945945945945946, 11.2, 11.19059405940594, 11.029925187032418, 10.876543209876543, 11.509950248756219, 11.007389162561577, 11.821989528795811, 10.891625615763546, 10.919117647058824, 10.907960199004975, 11.29925187032419, 11.2475, 11.163366336633663, 10.960687960687961, 11.092682926829267, 10.970074812967582, 11.024813895781637, 11.801033591731267, 11.196078431372548, 11.240601503759398, 11.529850746268657, 10.979949874686717, 11.598484848484848, 10.77536231884058, 10.943765281173594, 11.12, 10.794117647058824, 11.20460358056266, 11.70843989769821, 11.618556701030927, 11.532299741602067, 10.93233082706767, 11.2675, 11.355329949238579, 10.972906403940886, 11.305555555555555, 11.366233766233766, 10.898514851485148, 11.164179104477611, 10.958536585365854, 10.990147783251231, 11.096296296296297, 11.218905472636816, 11.426356589147288, 11.295, 11.436224489795919, 11.286069651741293, 11.542199488491049, 11.186732186732186, 11.208436724565757, 11.871391076115486, 11.371859296482413, 11.067164179104477, 11.266666666666667, 11.002475247524753, 11.65809768637532, 11.122137404580153, 12.191601049868767, 10.782082324455207, 11.776349614395887, 11.488549618320612, 11.190954773869347, 11.556122448979592, 11.630379746835443, 11.194373401534527, 11.03, 11.52051282051282, 11.28927680798005, 11.195, 11.096059113300493, 11.304568527918782, 11.478260869565217, 11.344221105527637], "trip_std_length": [6.046599376709382, 5.704132158108964, 5.972719699549851, 5.647533572368751, 5.99114295984642, 5.7465233834634315, 5.747317945128479, 6.15557233633116, 6.352597298609914, 5.984104848737566, 5.624216710188933, 5.8122365456133975, 5.578241210274077, 5.8067970923670655, 6.099987192609506, 5.616529503768149, 6.306224940574322, 6.012147056575987, 6.235124310940326, 5.976821002614569, 6.187080205911806, 5.990512811938557, 6.190395612582253, 6.007510068517243, 6.3290233418651685, 5.780911846810736, 6.061683504288975, 6.0946698023765, 6.130253709120246, 5.8722138080005095, 5.910406633144674, 6.082038681633652, 6.0480379574095595, 6.303388785240906, 5.8274092307469765, 5.999250541908593, 6.237743111317906, 6.417341253742494, 5.97672516935487, 5.793308238903397, 5.9219682230503565, 6.048680172260216, 5.64971715968401, 5.836428736788311, 6.137460607148363, 5.81586608741894, 5.955747893550109, 5.922413323951088, 6.000801867678316, 6.062627503794904, 6.0405451124214355, 5.875585930614636, 5.9435343020798665, 5.8921487063987135, 5.9562839892418395, 6.055320872201038, 5.901586889455691, 6.0779489292557205, 5.9801620526761425, 6.015059746170441, 6.0844842631895695, 5.851340204877018, 6.052803795123968, 6.1457114260568995, 5.476511299372592, 5.9636469565734656, 6.06072826702454, 5.957559380422788, 5.539364059512016, 6.0661232709472905, 6.015623750104252, 6.180046520860502, 5.623022466955832, 5.875597141252361, 6.018100087742534, 5.910430615318751, 5.769882297318067, 6.957067096078846, 6.1437889591173604, 5.75477015356034, 6.029897023967998, 6.294150499218545, 6.027683989164803, 6.00469227136086, 6.35250857167267, 6.0774635115435105, 6.235634888184733, 6.374288060487412, 6.415568265854085, 6.179864709015962, 6.24885517475264, 5.712020712287775, 5.840299649846743, 6.128398773895749, 6.351005553990544, 6.01597664556637, 5.632255297866742, 6.167182627837518, 5.932175307658749, 6.136602784933783], "trip_avg_price": [494453, 491244, 490162, 476214, 498752, 491426, 491849, 501392, 495085, 509157, 506995, 502903, 494424, 505207, 505068, 509827, 503401, 510866, 478145, 496889, 501835, 494578, 490413, 517531, 507375, 497645, 495957, 498573, 505054, 492691, 488931, 519257, 498100, 505019, 491051, 496059, 485894, 509059, 501701, 504148, 495848, 510963, 489683, 493978, 511104, 512575, 500105, 520947, 485467, 514972, 496316, 498507, 495527, 489199, 485545, 512957, 503837, 496375, 482794, 502444, 498244, 497295, 498787, 487140, 488235, 501460, 500146, 496105, 501352, 504934, 491272, 505159, 499578, 507333, 503687, 508936, 504286, 505230, 506716, 494792, 489420, 493803, 507867, 484392, 524194, 496042, 513107, 503681, 495284, 507613, 514624, 484673, 489781, 502118, 505985, 499073, 502281, 495997, 502337, 505497], "trip_num_completed": [0, 0, 0, 0, 0, 0, 0, 0, 0, 0, 0, 0, 0, 0, 0, 0, 0, 0, 0, 0, 0, 0, 0, 0, 0, 0, 0, 0, 0, 0, 0, 0, 0, 0, 0, 0, 0, 0, 0, 0, 0, 0, 0, 0, 0, 0, 0, 0, 0, 0, 0, 0, 0, 0, 0, 0, 0, 0, 0, 0, 0, 0, 0, 0, 0, 0, 0, 0, 0, 0, 0, 0, 0, 0, 0, 0, 0, 0, 0, 0, 0, 0, 0, 0, 0, 0, 0, 0, 0, 0, 0, 0, 0, 0, 0, 0, 0, 0, 0, 0], "ratio_serving": [0.4445, 0.4427, 0.4415, 0.4315, 0.4481, 0.4427, 0.4429, 0.4498, 0.4451, 0.4553, 0.4537, 0.451, 0.4446, 0.4522, 0.4525, 0.4555, 0.4513, 0.4564, 0.433, 0.4465, 0.4502, 0.4451, 0.4418, 0.4613, 0.4536, 0.4473, 0.4455, 0.448, 0.4521, 0.443, 0.4405, 0.4627, 0.4473, 0.4524, 0.4422, 0.446, 0.4386, 0.4551, 0.4499, 0.4511, 0.4461, 0.4562, 0.441, 0.4443, 0.4567, 0.4575, 0.4485, 0.464, 0.4381, 0.4595, 0.4461, 0.4476, 0.4451, 0.4411, 0.4381, 0.4582, 0.4515, 0.4463, 0.4362, 0.4507, 0.4477, 0.4464, 0.4478, 0.4391, 0.4403, 0.4497, 0.4493, 0.4462, 0.4494, 0.4522, 0.4422, 0.4525, 0.4483, 0.4537, 0.4513, 0.4553, 0.4517, 0.4523, 0.4539, 0.4449, 0.4411, 0.4445, 0.4541, 0.4371, 0.4654, 0.4457, 0.4584, 0.4515, 0.4454, 0.4539, 0.4594, 0.4377, 0.4412, 0.4503, 0.4527, 0.4478, 0.4505, 0.4459, 0.4508, 0.4525], "ratio_cruising": [0.0715, 0.0748, 0.0807, 0.0813, 0.0664, 0.0721, 0.0817, 0.0761, 0.0792, 0.0751, 0.0767, 0.0691, 0.0753, 0.0735, 0.0789, 0.0751, 0.0841, 0.0712, 0.0734, 0.0705, 0.0737, 0.0781, 0.0792, 0.0727, 0.0791, 0.0753, 0.081, 0.0772, 0.0807, 0.0792, 0.0718, 0.0669, 0.0796, 0.0731, 0.0739, 0.0779, 0.0757, 0.0719, 0.078, 0.075, 0.0754, 0.0809, 0.0819, 0.0728, 0.0728, 0.0664, 0.0711, 0.0786, 0.0837, 0.0758, 0.0802, 0.0695, 0.0772, 0.0726, 0.0792, 0.0655, 0.0805, 0.0724, 0.0763, 0.0756, 0.0763, 0.0763, 0.0784, 0.0816, 0.0856, 0.0714, 0.0752, 0.0669, 0.0764, 0.0766, 0.0799, 0.0679, 0.0768, 0.0755, 0.0759, 0.0763, 0.0821, 0.0746, 0.0796, 0.0751, 0.0752, 0.0786, 0.0794, 0.0815, 0.078, 0.0763, 0.0744, 0.0751, 0.0711, 0.0777, 0.0689, 0.067, 0.0754, 0.0835, 0.082, 0.0845, 0.0784, 0.0757, 0.083, 0.0662], "ratio_online": [0.9154, 0.9174, 0.9069, 0.9059, 0.9262, 0.9187, 0.908, 0.9145, 0.9093, 0.915, 0.9128, 0.9228, 0.9129, 0.9136, 0.9125, 0.912, 0.9072, 0.9176, 0.9151, 0.9192, 0.9178, 0.9143, 0.9097, 0.9176, 0.9064, 0.9172, 0.9051, 0.9157, 0.9065, 0.9051, 0.9145, 0.9252, 0.9094, 0.9176, 0.9144, 0.9128, 0.9135, 0.9168, 0.9113, 0.9084, 0.918, 0.905, 0.904, 0.9156, 0.9174, 0.9211, 0.9154, 0.9145, 0.9034, 0.9148, 0.9096, 0.9196, 0.9079, 0.9181, 0.9073, 0.9266, 0.9096, 0.9191, 0.9109, 0.9166, 0.9159, 0.9092, 0.9107, 0.9034, 0.9039, 0.9176, 0.9196, 0.9256, 0.9102, 0.9126, 0.9067, 0.9228, 0.9116, 0.9114, 0.9132, 0.9155, 0.9067, 0.9134, 0.9142, 0.9135, 0.9138, 0.9133, 0.9077, 0.9031, 0.9052, 0.9113, 0.9187, 0.9162, 0.9191, 0.9092, 0.9233, 0.9219, 0.9119, 0.9069, 0.9045, 0.9024, 0.9129, 0.9144, 0.9111, 0.9219],