{"timestamp": 10000, "trip_avg_length": [7.393646408839779, 7.423868312757202, 7.2636612021857925, 7.025469168900805, 7.495833333333334, 7.533802816901408, 7.194293478260869, 7.5, 7.370677731673582, 7.409722222222222, 7.573426573426573, 7.393397524071527, 7.5069060773480665, 7.1506849315068495, 7.5396383866481225, 7.429172510518934, 7.423913043478261, 7.115902964959568, 7.435261707988981, 7.131720430107527, 7.359396433470508, 7.422283356258597, 7.347945205479452, 7.199203187250996, 7.177266576454668, 7.394190871369295, 7.395573997233749, 7.398601398601398, 7.144370860927152, 7.337001375515818, 7.703651685393258, 7.185135135135135, 7.4393939393939394, 7.466484268125855, 7.308108108108108, 7.209395973154362, 7.202185792349726, 7.382271468144045, 7.2896174863387975, 7.376534788540246, 7.490304709141275, 7.243537414965987, 7.413793103448276, 7.267029972752043, 7.4559228650137745, 7.543661971830986, 7.410292072322671, 7.3251700680272105, 7.332876712328767, 7.452646239554317, 7.422809457579972, 7.444444444444445, 7.805714285714286, 7.373972602739726, 7.228304405874499, 7.345205479452055, 7.55148095909732, 7.495132127955494, 7.170013386880857, 7.520949720670391, 7.480609418282548, 7.410150891632373, 7.356258596973865, 7.335607094133697, 7.3791208791208796, 7.532503457814661, 7.333333333333333, 7.439124487004104, 7.572423398328691, 7.40979020979021, 7.468055555555556, 7.202185792349726, 7.2574931880108995, 7.256515775034294, 7.614525139664805, 7.346685082872928, 7.469529085872576, 7.404137931034483, 7.368421052631579, 7.5760111576011155, 7.356749311294766, 7.164658634538153, 7.617021276595745, 7.436893203883495, 7.508241758241758, 7.536684782608695, 7.471544715447155, 7.248633879781421, 7.53232462173315, 7.396739130434782, 7.4502762430939224, 7.378600823045267, 7.310773480662983, 7.3556771545827635, 7.522535211267606, 7.277392510402219, 7.60754189944134, 7.248294679399727, 7.340163934426229, 7.252043596730245, 7.228187919463087, 7.2744310575635875, 7.355463347164592, 7.445682451253482, 7.529411764705882, 7.335607094133697, 7.142476697736352, 7.677098150782362, 7.29054054054054, 7.600840336134453, 7.548882681564246, 7.278463648834019, 7.356258596973865, 7.157681940700809, 7.272357723577236, 7.373793103448276, 7.3, 7.32421340629275, 7.314713896457766, 7.34106412005457, 7.345578231292517, 7.48127600554785, 7.524071526822558, 7.632394366197183, 7.203778677462888, 7.4032697547683926, 7.350067842605156, 7.527932960893855, 7.468354430379747, 7.415300546448087, 7.464534075104312, 7.463448275862069, 7.416897506925208, 7.551388888888889, 7.389736477115118, 7.665730337078652, 7.37603305785124, 7.393775372124493, 7.637640449438202, 7.48559670781893, 7.5753803596127245, 7.1911764705882355, 7.373806275579809, 7.161246612466124, 7.287262872628726, 7.427385892116183, 7.379781420765028, 7.363136176066025, 7.504225352112676, 7.383152173913044, 7.4110344827586205, 7.417827298050139, 7.163487738419619, 7.357045143638851, 7.629213483146067, 7.334705075445816, 7.434662998624484, 7.397790055248619, 7.393397524071527, 7.437935843793585, 7.313698630136987, 7.130026809651475, 7.279672578444748, 7.14496644295302, 7.341365461847389, 7.1706666666666665, 7.67043847241867, 7.36027397260274, 7.404401650618982, 7.169786096256685, 7.281593406593407, 7.582047685834502, 7.463040446304045, 7.168707482993197, 7.47448275862069, 7.388965517241379, 7.286675639300134, 7.308005427408412, 7.512605042016807, 7.316438356164384, 7.7162534435261705, 7.125836680053547, 7.1498637602179835, 7.379781420765028, 7.571823204419889, 7.5625, 7.2503364737550475, 7.405255878284924, 7.589136490250697, 7.497214484679666, 7.347107438016529, 7.435197817189632, 7.3392130257801895, 7.612359550561798, 7.369918699186992, 7.39344262295082, 7.648459383753502, 7.497919556171984, 7.176312247644684, 7.496570644718793], "trip_std_length": [4.060456587402174, 4.080470515944515, 3.9505331638474654, 3.911644142879561, 4.051403649079881, 4.158596853760261, 3.869687106882785, 3.98899108315572, 4.176377348426195, 4.061015873256285, 4.087999682662377, 4.102451427384807, 4.009823136731048, 4.000928771887616, 4.105124228549327, 4.044401739474971, 3.9071664803898543, 3.937180628388447, 4.17332096197011, 3.914937515439763, 3.8883312006525466, 4.004357841013204, 4.0425175117263255, 4.048530224001198, 3.761815500156601, 3.8283819610069494, 4.040744394943993, 3.9886900598522916, 3.804017321594629, 3.9078861935912848, 4.060025478973364, 3.7789667697140925, 3.941170927887838, 4.0391261642104155, 3.992518569631603, 3.908575021098387, 3.9377111362825494, 4.072829550423595, 3.818026178197204, 3.8377880592078317, 3.922100201455189, 3.905239251203995, 4.069713549008937, 3.868348140611997, 4.090924163554798, 4.045889320381764, 4.166887792889607, 3.9708605886651673, 3.981482989166138, 3.9254703552505705, 3.929395287130743, 3.857190033170394, 4.157536554749896, 4.008023712684491, 3.9929778058241636, 3.900299991830288, 4.175854252443292, 3.8992408523384374, 4.10560205973657, 4.0768945889110375, 3.9114556754724363, 3.936806181762043, 4.076424152348952, 3.8698894751118313, 3.8041624537339658, 4.04811760101846, 3.9842244018843114, 4.011618052312019, 3.9653327081686367, 3.9970148771321883, 3.9209666604638627, 4.042140809785941, 3.8561204027597866, 4.051965525873215, 4.025687237652909, 3.9162471543245814, 4.017246345358039, 3.777353130252744, 4.179822260267035, 4.035253883936586, 3.980773684849798, 3.971913944873133, 4.130941153677954, 4.050886213339153, 3.8616084712861554, 3.8044970370583573, 3.962203275379243, 3.787516999164684, 3.9863919784734554, 3.932195732637575, 4.060184307241807, 3.989613774507338, 4.178852965696446, 4.074129104659585, 3.849481296065765, 3.905705755059309, 4.20007968695072, 3.817603079415604, 4.124811500963492, 3.841614232442641, 3.8844394538628793, 3.8336810795995544, 3.947029262583939, 4.125365116887323, 4.002413370289753, 3.8927365556905724, 4.014248091586004, 4.118393892123405, 3.95934300170031, 3.999166491554023, 4.196182274279064, 3.8480165876499917, 4.113039790504346, 3.984564424909037, 4.004444701574589, 4.126232659120643, 3.8497998524740984, 4.075243301374983, 3.7245596799021676, 3.9111436920059, 4.084186049393041, 4.055098540025052, 4.075512937781647, 4.066533792299275, 4.03397002921816, 4.016083494949281, 3.8137938775331297, 3.917166299346354, 4.099164261617002, 3.9525444239544023, 3.9051418653815175, 4.086695213074496, 3.961643285475249, 3.953215746408779, 3.958432430798392, 4.066242886028918, 3.8527195101968594, 3.989568835710677, 4.2414009564023285, 4.041298933749311, 4.1727300453041, 4.129530693626916, 3.961543837666134, 3.849438007255425, 3.9947628776328084, 4.08060855700294, 3.9457421135370794, 3.7982353191864644, 3.990391156643574, 3.8402104305306164, 3.945055696322525, 3.9185033188537215, 3.798461877039316, 3.8653483954500523, 4.028708836216539, 4.042695993246971, 3.9707746815246203, 3.9773940745708725, 4.016727114196967, 4.067849956751098, 3.8469277928527306, 3.961677583476557, 4.057174455030531, 3.7642514205699897, 3.7991670698549926, 3.8953227793798493, 4.089212386352425, 3.974274801635088, 4.026922108864765, 3.836469586055189, 3.77878573577275, 4.028553454008946, 3.967488265971748, 3.980749642611915, 3.8654576266589493, 4.043268006356335, 3.994265419745782, 3.9773924843030457, 4.048097826742399, 3.956250947711549, 4.051246825280786, 3.849611213540265, 4.098167827880091, 4.0818840014634725, 3.9784060068680343, 3.8810772237442874, 3.89627240430671, 3.835529473920737, 4.024610098007065, 3.715040278964763, 3.9470547176825326, 4.102069470118223, 4.042715737471021, 4.18682578606493, 4.016904016723456, 4.041230221140561, 4.1732043900824625, 3.9180663519203307, 3.8234776429425463, 3.92072356683474],