{"timestamp": 10000, "trip_avg_length": [10.864406779661017, 10.779850746268657, 10.562841530054644, 10.481617647058824, 10.213381555153708, 11.089015151515152, 11.23047619047619, 10.728280961182994, 10.760667903525047, 10.512820512820513, 11.020676691729323, 10.521100917431193, 10.694029850746269, 11.11487758945386, 10.79553903345725, 10.833644859813084, 10.773897058823529, 10.745387453874539, 10.7569573283859, 10.29143897996357, 10.561111111111112, 9.959435626102293, 10.67219152854512, 10.322992700729927, 10.639705882352942, 10.745353159851302, 10.653703703703703, 10.870609981515711, 10.990654205607477, 10.541743970315398, 10.58974358974359, 10.34, 10.849162011173185, 10.778810408921933, 10.803703703703704, 11.158699808795411, 11.132827324478178, 10.435897435897436, 10.201077199281867, 10.677777777777777, 10.992495309568481, 10.767657992565056, 10.90925925925926, 10.53551912568306, 10.636697247706422, 11.043893129770993, 10.345388788426764, 10.5, 10.411334552102376, 10.788497217068645, 10.594495412844037, 10.71508379888268, 10.49908592321755, 10.5, 10.394927536231885, 10.666051660516604, 10.471869328493648, 11.15019011406844, 10.318264014466546, 10.670370370370371, 10.867041198501873, 10.351449275362318, 10.827458256029685, 10.554945054945055, 11.106261859582542, 10.508166969147005, 10.617915904936014, 10.771535580524345, 10.508287292817679, 10.259391771019677, 10.971537001897532, 10.373188405797102, 10.287003610108304, 10.411657559198543, 10.369763205828779, 10.871268656716419, 10.332730560578662, 10.535779816513761, 10.793621013133208, 10.91214953271028, 11.022770398481974, 10.93984962406015, 10.197486535008977, 11.134980988593156, 10.782122905027933, 10.618249534450651, 10.386446886446887, 10.795918367346939, 10.980952380952381, 10.624548736462094, 10.707948243992606, 10.370705244122966, 10.646950092421442, 10.774253731343284, 11.275529865125241, 11.201138519924099, 10.39853747714808, 10.830540037243948, 10.678244972577696, 10.63302752293578, 10.41090909090909, 10.726765799256505, 10.96629213483146, 10.809259259259258, 10.758364312267657, 10.86111111111111, 10.402193784277879, 10.391304347826088, 10.840445269016698, 10.838888888888889, 10.571428571428571, 10.650092081031307, 10.816666666666666, 10.34, 10.712430426716141, 10.89795918367347, 10.942379182156134, 11.067542213883677, 10.319343065693431, 10.544789762340036, 10.477231329690346, 11.05084745762712, 10.887640449438202, 10.643122676579926, 10.155913978494624, 11.099437148217635, 10.317028985507246, 10.329113924050633, 10.428051001821494, 11.261278195488721, 10.893854748603353, 10.323741007194245, 10.833955223880597, 10.21880650994575, 10.794824399260628, 11.00945179584121, 10.585144927536232, 10.261343012704174, 10.986866791744841, 10.26750448833034, 10.818853974121996, 10.243194192377496, 10.87012987012987, 10.694698354661792, 10.613553113553113, 10.560661764705882, 10.265822784810126, 10.534671532846716, 10.3014440433213, 10.737132352941176, 10.742592592592592, 10.276978417266188, 10.594495412844037, 10.50091407678245, 10.801115241635689, 10.571691176470589, 10.853703703703705, 10.611418047882136, 10.814126394052044, 10.273381294964029, 10.699261992619926, 10.788104089219331, 10.577413479052824, 10.525641025641026, 10.928166351606805, 10.406533575317605, 10.507246376811594, 10.759328358208956, 10.165154264972777, 11.067924528301887, 11.084586466165414, 10.619485294117647, 10.94569288389513, 10.911602209944752, 10.444043321299638, 11.295019157088122, 10.695571955719558, 11.046468401486988, 10.720887245841036, 10.750465549348231, 10.979166666666666, 10.559259259259258, 10.602587800369685, 9.929453262786597, 9.895017793594306, 10.567765567765568, 10.463636363636363, 11.103053435114504, 10.71799628942486, 10.487226277372264, 10.44770642201835, 10.554327808471454, 10.658671586715867, 10.730483271375464, 10.881578947368421, 11.087619047619048, 10.385454545454545, 10.645756457564575, 10.832402234636872, 10.810055865921788], "trip_std_length": [5.463495926291322, 5.647615794016781, 5.818612489795064, 5.4765234545214785, 5.542017862007147, 5.7847789250663375, 5.683914208151244, 5.658660498258783, 5.666050667453458, 5.4789658151590785, 5.62031301077447, 5.696934205205421, 5.665393258656308, 5.9533643445461975, 5.603953280268805, 5.871234230372191, 5.63295015600097, 5.9140310159196465, 5.538390456599834, 5.8914543655500315, 5.78007166002825, 5.53234309673902, 5.490264293383238, 5.609206179438439, 5.631349741713332, 5.4267877123836445, 5.924250631247646, 5.572400747436402, 5.7653417064885035, 5.537494185687848, 5.63383657788087, 5.529330059698997, 5.640169530533322, 5.670421271412026, 5.54396445137723, 5.837805828784379, 6.168214736121321, 5.591112847718913, 5.442943705620162, 5.753892938751753, 5.9949900880793265, 5.666368080945309, 5.711027945304059, 5.563437330542407, 5.590960275144987, 6.0531977635090755, 5.634598419723986, 5.736985590273315, 5.706157828052219, 5.874994759046465, 5.581651376146789, 5.645882766964227, 5.600788261145221, 5.7424101843454824, 5.681444785423992, 5.7670900127398195, 5.383869497915394, 5.910796813904492, 5.585758423632914, 5.773715333449917, 5.8785396421343785, 5.60082467410253, 5.897226419203528, 5.285069793855022, 5.53547286510809, 5.4492732908727, 5.626254793885991, 5.4601256897950154, 5.684736551795448, 5.490500528389008, 5.93202690304268, 5.2824434379033525, 5.326076174027115, 5.524406089718481, 5.710364792563353, 5.415931022296289, 5.175889572772609, 5.549370126019342, 5.718095812530997, 5.529677117551163, 5.893702095729258, 5.854128288865889, 5.530440728547147, 5.737180510386965, 5.82064462694318, 5.605055770883623, 5.6751917730679695, 5.389048026121539, 5.831900698711972, 5.349163391044141, 5.475176011072124, 5.754942120948723, 5.3811417590991155, 5.998707059307164, 5.740972511199555, 5.782699991970102, 5.552988692462262, 5.621450528096011, 5.4513589730422565, 5.412965322852018, 5.6560722872863165, 5.7346586310167575, 6.068490680196438, 5.733487353180517, 5.9274716991817, 5.705842251803772, 5.5418496518680636, 5.3840677238681245, 5.685687902623549, 5.65636045352901, 5.610644365277121, 5.636554838899932, 5.4905390007283, 5.550990083677948, 5.54362471525301, 5.562161416199225, 5.366704068150735, 5.82605400046404, 5.649932976074207, 5.427206945568149, 5.323242741190881, 5.768546951652238, 5.342091082071735, 5.703888902599983, 5.741041874002654, 5.702395703243384, 5.3665496309257055, 5.558842111115953, 5.563085464094833, 6.013562730368825, 5.922992744825214, 5.420074367455678, 5.962604549433115, 5.514164632605105, 5.473887855936374, 5.583690932113822, 5.239551056040114, 5.276796896995624, 5.833349818754154, 5.915190837273322, 5.6846011943126395, 5.28694106993731, 5.87452427172842, 5.614035464443576, 5.594257211552795, 5.532656752278968, 5.712193748048939, 5.759210528710263, 5.580500288890385, 5.628415617634827, 5.568632449043276, 5.428632014264438, 5.878491893949218, 5.629439063850359, 5.38960160380022, 5.552424623418644, 5.680284713878963, 5.60961572631094, 5.449909217791229, 5.31870021904617, 5.983060297661709, 5.67716417410994, 5.616129504747805, 5.647480073669381, 5.605032562035343, 5.503824190903248, 5.451693496774808, 5.729270446348712, 5.43029930722414, 5.863792757570647, 5.7473749498316336, 5.742359606705672, 5.763995358901671, 5.72059007794838, 5.5128280566546595, 5.993701523251269, 5.802526707028739, 5.986639134155949, 5.524078359931006, 5.503437622777927, 5.707313694601503, 5.707549208707856, 5.552564539973584, 5.247856391217474, 5.116577977067576, 5.499582513957347, 5.65279861939243, 5.7879901840959, 5.764895272811097, 5.559385859839158, 5.511415947710203, 5.456026679409424, 5.7660179976281105, 5.695808162277533, 5.50897072139441, 5.721466599164192, 5.604914018700447, 5.461368055069902, 5.274391984184105, 5.53953552334342],