{"timestamp": 10000, "trip_avg_length": [7.368589743589744, 7.235593220338983, 7.498233215547703, 7.153473344103393, 7.225700164744646, 7.312714776632302, 7.359098228663446, 7.328282828282828, 7.16887417218543, 7.499176276771005, 7.336206896551724, 7.473770491803279, 7.315789473684211, 7.344481605351171, 7.3951219512195125, 7.392156862745098, 7.64625850340136, 7.449044585987261, 7.5824, 7.427350427350428, 7.382978723404255, 7.430579964850615, 7.49746192893401, 7.4526315789473685, 7.378640776699029, 7.343434343434343, 7.317589576547231, 7.303030303030303, 7.545155993431855, 7.235294117647059, 7.458987783595114, 7.168852459016393, 7.386776859504132, 7.181380417335474, 7.33665008291874, 7.383333333333334, 7.4665523156089195, 7.32300163132137, 7.530275229357798, 7.377811094452774, 7.14827018121911, 7.423014586709886, 7.621184919210054, 7.5078125, 7.231012658227848, 7.602811950790861, 7.39622641509434, 7.435398230088496, 7.712820512820513, 7.131011608623549, 6.9792, 7.285271317829458, 7.374795417348609, 7.23859649122807, 7.323763955342903, 7.676369863013699, 7.339805825242719, 7.339869281045751, 7.3088, 7.203448275862069, 7.350086655112651, 7.447457627118644, 7.483985765124555, 7.61014263074485, 7.748743718592965, 7.6975524475524475, 7.3314814814814815, 7.366174055829228, 7.3119122257053295, 7.170320404721754, 7.343499197431782, 7.171477079796265, 7.256281407035176, 7.470784641068447, 7.7752442996742674, 7.472636815920398, 7.252631578947368, 7.363951473136915, 7.402960526315789, 7.472972972972973, 7.293132328308208, 7.345575959933222, 7.345058626465661, 7.190551181102363, 7.5473856209150325, 7.383333333333334, 7.301754385964912, 7.198373983739837, 7.330745341614906, 7.051635111876076, 7.564227642276423, 7.227848101265823, 7.603942652329749, 7.289308176100629, 7.230769230769231, 7.1838235294117645, 7.316309719934102, 7.493197278911564, 7.459866220735786, 7.50354609929078, 7.564912280701755, 7.32744783306581, 7.1692573402417965, 7.511705685618729, 7.292561983471074, 7.289517470881863, 7.159733777038269, 7.478411053540587, 7.245827010622155, 7.657509157509158, 7.3456, 7.436206896551724, 7.70556552962298, 7.320404721753794, 7.456293706293707, 7.11496062992126, 7.258899676375404, 7.260450160771704, 7.391735537190082, 7.355, 7.420138888888889, 7.104501607717042, 7.3872053872053876, 7.23716814159292, 7.401032702237521, 7.351395730706075, 7.499124343257443, 7.296979865771812, 7.502581755593804, 6.988333333333333, 7.224662162162162, 7.6072607260726075, 7.45771144278607, 7.332797427652733, 7.308080808080808, 7.1459369817578775, 7.53518821603928, 7.235880398671096, 7.42057761732852, 7.314332247557004, 7.527243589743589, 7.078202995008319, 7.610634648370498, 7.194847020933977, 7.313993174061434, 7.788079470198675, 7.6482758620689655, 7.258536585365854, 7.391843971631205, 7.485903814262024, 7.14448051948052, 7.615780445969126, 7.67741935483871, 7.409317803660565, 7.470389170896785, 7.127625201938611, 7.375609756097561, 7.360975609756098, 7.504230118443316, 7.555555555555555, 7.202401372212693, 7.36424957841484, 7.171156893819334, 7.326050420168067, 7.577817531305904, 7.273615635179153, 7.4958123953098825, 7.219269102990033, 7.2947882736156355, 7.367449664429531, 7.262738853503185, 7.23240589198036, 7.664957264957265, 7.315359477124183, 7.426910299003322, 7.2134251290877796, 7.362521891418564, 7.353535353535354, 7.508914100486224, 7.068493150684931, 7.466346153846154, 7.350162866449511, 7.507017543859649, 7.227707006369426, 7.373702422145329, 7.83273381294964, 7.429310344827586, 7.659468438538206, 7.235294117647059, 7.181818181818182, 7.341423948220065, 7.134185303514377, 7.3252173913043475, 7.2948328267477205, 7.3076923076923075, 7.318327974276527, 7.352, 7.386252045826514, 7.022648083623693, 7.313014827018122], "trip_std_length": [4.000245256698764, 4.075610080643825, 4.024109811622839, 3.9992770009575493, 3.89315266709912, 3.940948546715277, 3.8629753109269287, 4.034986898806923, 3.7608066879902586, 4.002007236930669, 4.074614357714159, 4.084372521960461, 3.84929670949331, 3.9598817567262796, 3.918890121179193, 4.07105462039932, 3.9041278017451813, 3.9747149532759614, 4.245280937700119, 4.16233875602836, 4.067431416571914, 3.6579373956548316, 4.15840050291316, 3.95439374833836, 3.8757811736358487, 3.8107457920308017, 3.8279509560738023, 3.865857634610378, 3.9193445152050645, 3.876381821313004, 4.082544080061454, 4.034606080416439, 4.052036364875621, 4.0744484334279, 4.095189920648563, 3.8492062673866787, 4.004520980716536, 3.8537805164753953, 3.982933882148924, 3.9896401832622574, 3.9416367542709847, 3.998499149725368, 4.150029745724835, 4.036157078811942, 3.8307285538137945, 4.077939170096406, 4.0093098558130595, 4.229875212159261, 3.9617301422385025, 3.8917035714569495, 3.657043527222502, 3.9109288489143283, 3.937559258261319, 3.802019518115082, 4.007424512500489, 4.21385392536301, 4.043581508836794, 3.974450097520888, 3.7967147061637383, 3.9714483381377415, 4.085159873044315, 3.8869340421731544, 3.9517453848883, 4.001603301333262, 4.059505369979537, 4.045777513384627, 4.135139572819049, 4.00601829385361, 3.920632959239248, 3.8041863952829416, 3.9771601481333185, 3.982491566168345, 4.014585832299166, 3.8850852884067835, 4.111829227764466, 4.047868326558891, 3.9366966855589074, 4.004237398243595, 3.960386633640144, 4.165002102374386, 4.086112822012446, 4.085780091825097, 3.86040284020855, 3.886569506755934, 3.9588623623760504, 4.0906057687774755, 4.088944925814043, 3.774496870360844, 4.056003762968079, 3.756910087045024, 3.8490233178073265, 3.9652744795847057, 4.111673940342707, 4.190579299725951, 3.9327348857745674, 4.066003612962344, 3.9804440683802533, 3.953594074249173, 4.058629023121046, 3.834102507120656, 4.004405084406999, 3.9338838878524687, 3.9920933904956697, 3.786399278821942, 3.871749029015015, 3.908185862888235, 3.930059412277863, 4.053715355493845, 3.892363642539725, 3.9735743895645546, 3.951172059022487, 3.856172762077306, 4.020529174344608, 4.121494494505697, 3.93742739807799, 3.925809585800337, 3.7684982913373055, 3.863799979252341, 4.1161160136100925, 3.8642345080666796, 4.000504826843579, 3.8613859272204745, 3.9468145022779897, 3.936266473511348, 3.9596848264628632, 3.861051634828605, 3.9477208752496686, 3.9195848302091068, 3.9185436999842267, 3.877481642624358, 3.8841152450998346, 3.9306127078045465, 3.991631304030367, 3.7313547043969884, 4.049903605312758, 3.9777902366566926, 3.931074209531427, 3.973020513285145, 3.9816831099900303, 3.93852058821755, 4.126123945358271, 3.7716263719481886, 4.215591021312553, 3.9230569742607972, 3.884911140104276, 4.184660210790979, 4.213330297966466, 3.9987584827209877, 3.968046682198818, 4.057348058894337, 3.838488701215723, 3.929030541326661, 3.9746030922533224, 4.072411914639162, 4.109176683068593, 3.9366792647300044, 3.769417833971088, 3.789987539854273, 3.9749084899817615, 4.270014600836632, 3.859477794660396, 4.058867437514561, 4.023212176983233, 4.006454082700254, 4.091608616262432, 3.8880993936123804, 4.06711688428045, 4.059167156449157, 3.864488648214042, 4.004722154664033, 3.987170526126764, 4.039696307584308, 4.118403894617351, 3.9725643298046576, 4.042811604526557, 3.7722456146986154, 4.058235873336634, 4.0368165891796535, 4.0830520912645065, 3.8997946728565274, 3.8984080555217666, 3.9076711875850476, 4.131707078878793, 3.8952113950649587, 4.065484788913478, 4.0905761684115, 4.210434846110466, 4.256944888518947, 3.944603782301255, 4.040262052012451, 3.8715123248040073, 3.8768437712918558, 3.8683069766739684, 3.955451478734701, 3.9048665516819296, 3.8569624398233113, 3.9062124878198827, 4.088794418773504, 3.7048573387574733, 3.7369271712826357],