{"timestamp": 9168, "trip_avg_length": [10.118609406952965, 10.016260162601625, 9.95850622406639, 10.069473684210527, 10.363440860215054, 10.088235294117647, 9.907597535934292, 10.152263374485596, 9.888211382113822, 9.960416666666667, 10.313852813852813, 9.438383838383839, 10.368869936034114, 10.012605042016807, 10.15157894736842, 10.097308488612837, 10.338362068965518, 10.299363057324841, 10.105708245243129, 10.089795918367347, 10.189583333333333, 10.491452991452991, 10.289915966386555, 10.078838174273859, 10.177083333333334, 10.498924731182795, 9.890041493775934, 10.496774193548386, 10.40339702760085, 10.375, 10.553879310344827, 10.561555075593953, 10.438034188034187, 10.372043010752687, 9.82716049382716, 9.842323651452283, 9.788617886178862, 10.563318777292576, 10.517167381974248, 10.0, 9.782520325203253, 10.159663865546218, 10.336933045356371, 9.880412371134021, 9.969135802469136, 10.094736842105263, 10.400862068965518, 10.337552742616033, 10.429184549356224, 10.277894736842105, 10.379454926624739, 10.321353065539112, 9.889570552147239, 9.927813163481954, 10.217021276595744, 9.680080482897385, 9.875776397515528, 10.255913978494624, 9.750511247443763, 9.870182555780932, 9.981327800829876, 10.15, 9.948453608247423, 9.83435582822086, 10.136460554371002, 10.61822125813449, 10.50328227571116, 10.177215189873417, 10.547826086956523, 9.935817805383023, 9.859756097560975, 10.2, 10.074309978768577, 10.2409381663113, 9.937369519832986, 9.797520661157025, 10.024948024948024, 9.6285140562249, 10.03347280334728, 9.391732283464567, 10.020491803278688, 10.180293501048219, 9.767676767676768, 10.297644539614561, 10.220338983050848, 10.201716738197424, 10.190871369294605, 10.05, 10.239495798319327, 10.473233404710921, 10.32618025751073, 10.11340206185567, 10.024691358024691, 9.98582995951417, 10.022680412371134, 10.208768267223382, 10.152866242038217, 10.349680170575693, 9.765913757700206, 10.574235807860262], "trip_std_length": [5.236165071034149, 5.3110312256927, 5.4664518377046605, 5.188795087477804, 5.6274248765422135, 5.3319029738722685, 5.096369422620523, 5.202233714268965, 5.440896705824113, 5.134492817509394, 5.706283341318571, 5.230422025012781, 5.535923677378636, 5.356203575590444, 5.6290760793335535, 5.0701959691617775, 5.432159417567896, 5.407549532920797, 5.442125755955278, 5.080585089958623, 5.40673729338889, 5.5587318336305405, 5.582458946745422, 5.406121501363559, 5.268607484562585, 5.806234962107099, 5.71217891571012, 5.416074275886056, 5.701222457051598, 5.5526419501998, 5.733419313107734, 5.552808656421401, 5.153043037452698, 5.432407050630639, 5.4280708972525185, 5.241079478763761, 4.988608213810702, 5.712673368979867, 5.787058719992017, 5.265002423733598, 5.522998786816848, 5.495962143884692, 5.372403374989152, 5.005783030403518, 5.018594444629361, 5.5639321275714355, 5.64339705242506, 5.504120351734175, 5.465883868095238, 5.734350400458229, 5.43000412304358, 5.772493339376495, 5.316955324807985, 5.278958280342976, 5.192847746944981, 5.34487339637724, 5.131106488545411, 5.577710293806282, 5.217079543339351, 5.283387352251872, 5.159455717339342, 5.285041784760709, 5.29339431573621, 5.2627453281271075, 5.567432432480442, 5.806497770502796, 5.5597500606154036, 5.577061580574895, 5.248177287336954, 5.363979694352142, 5.587683023089969, 5.443559536326568, 5.396074524836198, 5.384526117301658, 5.056697554513058, 5.691111858280191, 5.7091130826640475, 5.485701585791615, 5.33706241484692, 5.0355127184604225, 5.7126899082339255, 5.491845443098358, 5.570898922491034, 5.354184940679695, 5.552348095771366, 5.553686210905763, 5.399100861447659, 5.382997925567747, 5.36967392539886, 5.142595229133268, 5.446663072786074, 5.069976897931859, 5.262590957681178, 5.328272465730515, 5.66463991730358, 5.415342615530982, 5.780300690569992, 5.558115611557616, 5.259842473960459, 5.57167979000821], "trip_avg_price": [574103, 571277, 554171, 551628, 556004, 553728, 556857, 572208, 562418, 550840, 549196, 535372, 562190, 548727, 556629, 564241, 552872, 562027, 551143, 573595, 567715, 568718, 567129, 561464, 566898, 566644, 550225, 564723, 568565, 567067, 566963, 566683, 565231, 557430, 549945, 547490, 555714, 559595, 568998, 552989, 555255, 558462, 552328, 552250, 559670, 552774, 557166, 567409, 561822, 564876, 574445, 564824, 558957, 537742, 555203, 555701, 549092, 549818, 549072, 563476, 554936, 563984, 556974, 554643, 547047, 566963, 554428, 557228, 560728, 554682, 560767, 554617, 548154, 553881, 547731, 546357, 556463, 552644, 552823, 549401, 565944, 561132, 558257, 555978, 556743, 548864, 569154, 556717, 565514, 567995, 555115, 568337, 563528, 572016, 563997, 566087, 551960, 561337, 547363, 559823], "trip_num_completed": [0, 0, 0, 0, 0, 0, 0, 0, 0, 0, 0, 0, 0, 0, 0, 0, 0, 0, 0, 0, 0, 0, 0, 0, 0, 0, 0, 0, 0, 0, 0, 0, 0, 0, 0, 0, 0, 0, 0, 0, 0, 0, 0, 0, 0, 0, 0, 0, 0, 0, 0, 0, 0, 0, 0, 0, 0, 0, 0, 0, 0, 0, 0, 0, 0, 0, 0, 0, 0, 0, 0, 0, 0, 0, 0, 0, 0, 0, 0, 0, 0, 0, 0, 0, 0, 0, 0, 0, 0, 0, 0, 0, 0, 0, 0, 0, 0, 0, 0, 0], "ratio_serving": [0.5397033158813264, 0.537521815008726, 0.5242146596858639, 0.5221422338568935, 0.5256326352530541, 0.5237783595113438, 0.5262870855148342, 0.5381762652705061, 0.5306500872600349, 0.5214877835951134, 0.5202879581151832, 0.5095986038394416, 0.5304319371727748, 0.5198516579406631, 0.5260689354275742, 0.5319589877835951, 0.5232329842931938, 0.5302137870855148, 0.5218150087260035, 0.5392670157068062, 0.5346858638743456, 0.5355584642233857, 0.5342495636998255, 0.5298865619546248, 0.5341404886561955, 0.5339223385689355, 0.5211605584642234, 0.5323952879581152, 0.5354493891797557, 0.5341404886561955, 0.5341404886561955, 0.5339223385689355, 0.5328315881326352, 0.5267233856893543, 0.5209424083769634, 0.518979057591623, 0.525305410122164, 0.5283595113438045, 0.5357766143106457, 0.5232329842931938, 0.524978184991274, 0.5274869109947644, 0.5226876090750436, 0.5226876090750436, 0.5284685863874345, 0.5230148342059336, 0.5263961605584643, 0.5344677137870855, 0.5301047120418848, 0.5325043630017452, 0.5400305410122164, 0.5325043630017452, 0.5279232111692844, 0.5113438045375218, 0.524978184991274, 0.525305410122164, 0.5202879581151832, 0.5208333333333334, 0.5200698080279232, 0.5314136125654451, 0.524760034904014, 0.5318499127399651, 0.5262870855148342, 0.5245418848167539, 0.518542757417103, 0.5341404886561955, 0.5243237347294939, 0.5265052356020943, 0.5292321116928447, 0.5245418848167539, 0.5292321116928447, 0.5245418848167539, 0.5194153577661431, 0.5238874345549738, 0.5191972076788831, 0.5181064572425829, 0.5259598603839442, 0.5230148342059336, 0.5231239092495636, 0.5203970331588132, 0.5333769633507853, 0.5296684118673648, 0.5273778359511344, 0.5256326352530541, 0.5261780104712042, 0.5200698080279232, 0.5357766143106457, 0.5261780104712042, 0.5329406631762653, 0.5349040139616056, 0.524869109947644, 0.5352312390924956, 0.5314136125654451, 0.5380671902268761, 0.5318499127399651, 0.5333769633507853, 0.5223603839441536, 0.5297774869109948, 0.518869982547993, 0.5285776614310645], "ratio_cruising": [0.0, 0.00010907504363001745, 0.0, 0.0, 0.00010907504363001745, 0.0, 0.0, 0.0, 0.0, 0.0, 0.0, 0.0, 0.0, 0.0, 0.0, 0.0, 0.0, 0.0, 0.0, 0.0, 0.0, 0.0, 0.0, 0.0, 0.0, 0.0, 0.0, 0.0, 0.0, 0.0, 0.0, 0.0, 0.0, 0.0002181500872600349, 0.0, 0.0, 0.0, 0.0, 0.0, 0.0, 0.0, 0.0, 0.0, 0.0, 0.0, 0.0, 0.0, 0.0, 0.0, 0.0, 0.0, 0.0, 0.0, 0.0, 0.00010907504363001745, 0.0, 0.00010907504363001745, 0.0, 0.0, 0.0, 0.0, 0.0, 0.0, 0.0, 0.0, 0.0, 0.0, 0.0, 0.0, 0.0, 0.0, 0.0, 0.0, 0.0, 0.0, 0.0, 0.0, 0.00010907504363001745, 0.0, 0.0, 0.0, 0.0, 0.0, 0.0, 0.0, 0.0, 0.0, 0.0, 0.0, 0.0, 0.0, 0.0, 0.0, 0.0, 0.0, 0.0, 0.0, 0.0, 0.0, 0.0],