{"timestamp": 20000, "trip_avg_length": [23.778877887788777, 24.786184210526315, 23.169871794871796, 21.942122186495176, 24.91186440677966, 22.770700636942674, 22.623052959501557, 23.822580645161292, 23.13418530351438, 23.356913183279744, 24.666666666666668, 23.0, 23.480392156862745, 22.977707006369428, 24.962457337883958, 24.220064724919094, 24.19871794871795, 22.74516129032258, 23.71571906354515, 23.229299363057326, 23.123028391167193, 23.91830065359477, 23.11455108359133, 22.945859872611464, 24.598705501618124, 22.996753246753247, 23.48, 24.02033898305085, 22.894389438943893, 24.326797385620914, 24.350993377483444, 23.38235294117647, 23.739273927392738, 23.14873417721519, 24.02922077922078, 22.69774919614148, 23.423452768729643, 23.755852842809364, 22.78980891719745, 23.360655737704917, 23.564263322884013, 22.73482428115016, 22.156549520766774, 22.944625407166125, 22.064814814814813, 22.978056426332287, 23.655629139072847, 23.196202531645568, 23.98688524590164, 22.893548387096775, 22.274447949526813, 24.120805369127517, 23.5625, 22.676190476190477, 24.83112582781457, 22.920265780730897, 23.872964169381106, 22.817891373801917, 24.16612377850163, 22.64761904761905, 24.76271186440678, 22.76751592356688, 22.373376623376622, 22.813880126182966, 23.169934640522875, 23.196202531645568, 23.321428571428573, 23.09491525423729, 22.634920634920636, 22.86798679867987, 23.80718954248366, 22.50657894736842, 23.612377850162865, 23.444444444444443, 24.142857142857142, 22.610591900311526, 22.3, 22.287539936102238, 24.847457627118644, 22.61198738170347, 22.596153846153847, 23.16554054054054, 24.006472491909385, 23.37908496732026, 23.44408945686901, 23.890365448504983, 22.963934426229507, 25.237113402061855, 22.659442724458206, 23.901960784313726, 24.079037800687285, 24.042071197411005, 23.753333333333334, 23.73482428115016, 23.789297658862875, 23.273311897106108, 22.327217125382262, 24.20064724919094, 23.7672131147541, 24.01628664495114], "trip_std_length": [12.275466533246343, 12.973797223138611, 12.638717071535886, 12.073589763316122, 12.850602897493648, 12.628131880675467, 11.755742205049744, 12.242870464529073, 12.138493179490526, 12.493777568508637, 12.866577693731209, 12.895860801297896, 12.14810326421818, 11.54206429740213, 12.558475787212766, 12.02627054274648, 13.711037978902567, 11.565642631955843, 12.459276287974006, 13.249142556784555, 12.257258442233265, 11.747751490650371, 12.264217327496247, 12.662206117066052, 12.847404064811414, 13.08600381904651, 12.392589183325116, 13.004025187284558, 12.598996825019528, 13.337171048364286, 12.30904404242534, 12.694276501698562, 12.954910716945898, 12.576853550595862, 12.483331355470675, 12.791625629770829, 12.922085623968616, 11.854916885958906, 12.156899876743614, 12.479534442353085, 12.560877787383939, 11.180910022479576, 11.951623611210039, 12.630305655481399, 11.948143986360094, 11.726620359790234, 11.965206931853073, 12.328293516228111, 12.879510674569111, 12.16969889849033, 11.39222201710616, 12.93733619443185, 12.385901962885486, 11.741524660815742, 12.800608871230837, 12.099543713251979, 12.701027889692323, 11.090769815770734, 13.044964544168767, 12.374305908293124, 13.061184548054353, 12.307114179792915, 12.72053020115178, 12.040418121512031, 13.022248859363932, 11.5793677604234, 11.99068612729645, 12.24846477725261, 13.008790175073853, 11.64869707185198, 12.104612660340853, 12.823445176360982, 12.031564480865708, 12.590324612558929, 12.847471109703138, 12.58049768807103, 12.391607461660127, 12.243811947624339, 13.702670232565689, 11.13712557538343, 12.398706945687898, 11.517743144394581, 12.229465591636059, 12.97710731231714, 12.508562123894693, 12.963708871576026, 12.095603222128918, 13.241172793965365, 12.572334202746244, 12.506084639809135, 11.741953760425611, 12.017308589800951, 14.026373571082283, 13.25746403972683, 13.470856161634742, 11.811456709911598, 13.174201896871143, 11.783313289265369, 12.268642172541377, 12.185979898256074], "trip_avg_price": [749332, 795532, 753366, 695992, 773640, 741502, 758165, 774467, 754255, 757514, 766181, 741531, 746402, 750732, 764449, 789343, 797632, 727681, 733333, 761766, 766832, 765331, 785807, 749319, 804629, 732148, 729260, 734518, 712548, 786165, 770231, 742215, 747652, 764602, 778820, 731969, 747281, 735316, 745702, 739148, 792882, 736820, 712678, 732125, 741388, 766793, 740740, 766676, 764729, 734987, 729185, 747779, 743452, 740509, 790440, 706323, 766536, 740421, 779240, 740167, 763215, 741466, 705411, 756687, 733258, 766806, 746083, 696588, 738780, 710614, 760402, 698486, 755427, 715361, 783391, 756596, 708452, 718848, 766819, 752868, 728736, 700889, 780689, 742231, 771885, 747333, 721166, 769873, 765240, 770179, 721638, 784205, 738103, 781975, 738601, 753874, 763039, 787474, 755336, 772826], "trip_num_completed": [0, 0, 0, 0, 0, 0, 0, 0, 0, 0, 0, 0, 0, 0, 0, 0, 0, 0, 0, 0, 0, 0, 0, 0, 0, 0, 0, 0, 0, 0, 0, 0, 0, 0, 0, 0, 0, 0, 0, 0, 0, 0, 0, 0, 0, 0, 0, 0, 0, 0, 0, 0, 0, 0, 0, 0, 0, 0, 0, 0, 0, 0, 0, 0, 0, 0, 0, 0, 0, 0, 0, 0, 0, 0, 0, 0, 0, 0, 0, 0, 0, 0, 0, 0, 0, 0, 0, 0, 0, 0, 0, 0, 0, 0, 0, 0, 0, 0, 0, 0], "ratio_serving": [0.36025, 0.37675, 0.3617, 0.3412, 0.36895, 0.3575, 0.3634, 0.36925, 0.36205, 0.3632, 0.3663, 0.35745, 0.35925, 0.36075, 0.3657, 0.3746, 0.3775, 0.35255, 0.35455, 0.3647, 0.3665, 0.36595, 0.3733, 0.36025, 0.38005, 0.35415, 0.3531, 0.35495, 0.34715, 0.3734, 0.3677, 0.35775, 0.35965, 0.36575, 0.3708, 0.3541, 0.35955, 0.3553, 0.359, 0.35665, 0.37585, 0.3558, 0.34715, 0.3541, 0.35745, 0.3665, 0.3572, 0.3665, 0.3658, 0.35515, 0.35305, 0.3597, 0.35815, 0.35715, 0.37495, 0.34495, 0.36645, 0.3571, 0.37095, 0.357, 0.36525, 0.35745, 0.34455, 0.3629, 0.3545, 0.3665, 0.35915, 0.34145, 0.3565, 0.34645, 0.36425, 0.3421, 0.36245, 0.34815, 0.3724, 0.3629, 0.34565, 0.3494, 0.3665, 0.36155, 0.35295, 0.343, 0.3715, 0.3577, 0.3683, 0.35955, 0.3502, 0.3676, 0.36595, 0.3677, 0.35035, 0.3727, 0.3563, 0.37195, 0.35645, 0.3619, 0.36515, 0.3739, 0.36245, 0.36865], "ratio_cruising": [0.0, 0.0, 0.0, 0.0, 0.0, 0.0, 0.0, 0.0, 0.0, 0.0, 0.0, 0.0, 0.0, 0.0, 0.0, 0.0, 0.0, 0.0, 0.0, 0.0, 0.0, 0.0, 0.0, 0.0, 0.0, 0.0, 0.0, 0.0, 0.0, 0.0, 0.0, 0.0, 0.0, 0.0, 0.0, 0.0, 0.0, 0.0, 0.0, 0.0, 0.0, 0.0, 0.0, 0.0, 0.0, 0.0, 0.0, 0.0, 0.0, 0.0, 0.0, 0.0, 0.0, 0.0, 0.0, 0.0, 0.0, 0.0, 0.0, 0.0, 0.0, 0.0, 0.0, 0.0, 0.0, 0.0, 0.0, 0.0, 0.0, 0.0, 0.0, 0.0, 0.0, 0.0, 0.0, 0.0, 0.0, 0.0, 0.0, 0.0, 0.0, 0.0, 0.0, 0.0, 0.0, 0.0, 0.0, 0.0, 0.0, 0.0, 0.0, 0.0, 0.0, 0.0, 0.0, 0.0, 0.0, 0.0, 0.0, 0.0], "ratio_online": [0.9993, 0.9993, 0.9994, 0.9993, 0.9995, 0.9998, 0.99925, 0.99955, 0.99975, 0.9996, 0.99965, 0.99915, 0.9998, 0.9993, 0.99985, 0.99995, 0.9993, 0.99965, 0.99945, 0.9994, 0.9993, 0.99915, 0.99955, 0.99935, 0.99985, 0.9997, 0.9995, 0.9992, 0.9997, 0.99925, 0.99915, 0.99975, 0.9993, 0.9998, 0.9995, 0.99985, 0.99965, 0.9999, 0.9998, 0.9997, 0.9998, 0.9995, 0.9992, 0.99925, 0.9997, 0.99945, 0.9995, 0.9999, 0.99985, 0.99955, 0.99925, 0.99935, 0.9993, 0.99985, 0.9995, 0.99995, 0.9999, 0.99965, 0.9995, 0.99955, 0.99975, 0.9994, 0.99915, 0.99955, 0.9992, 0.9994, 0.99995, 0.9997, 0.9995, 0.9996, 0.9998, 0.9994, 0.99955, 0.99965, 0.99915, 0.9999, 0.9993, 0.9997, 0.99935, 0.9997, 0.9999, 0.99985, 0.99985, 0.99915, 0.99925, 0.99945, 0.9994, 0.99945, 0.9995, 0.99935, 0.9992, 0.99925, 0.99995, 0.99975, 0.99965, 0.9996, 0.99935, 0.9996, 0.9999, 0.9994],