{"timestamp": 10000, "trip_avg_length": [11.382882882882884, 10.685654008438819, 11.44671201814059, 11.294642857142858, 10.793176972281449, 11.480725623582767, 10.788912579957357, 10.986984815618221, 11.54109589041096, 11.328859060402685, 11.324384787472036, 11.68663594470046, 11.497727272727273, 11.628440366972477, 10.854077253218884, 11.919621749408984, 11.438914027149321, 11.015184381778742, 11.817757009345794, 11.24, 11.278396436525613, 11.359550561797754, 11.514806378132118, 10.991304347826087, 11.310267857142858, 11.074398249452955, 10.563674321503132, 11.658986175115208, 11.1010989010989, 11.078774617067834, 11.221729490022174, 10.931034482758621, 11.370786516853933, 11.502272727272727, 11.087527352297593, 11.14065934065934, 10.743099787685775, 11.43212669683258, 11.636781609195403, 11.402247191011236, 11.640552995391705, 11.786046511627907, 11.116483516483516, 11.337807606263983, 10.812366737739872, 11.019565217391305, 11.169603524229075, 10.937365010799136, 11.702078521939955, 10.818376068376068, 11.013071895424837, 11.642857142857142, 11.275555555555556, 10.976138828633406, 11.506818181818181, 11.801864801864802, 11.464852607709751, 11.603211009174313, 11.313199105145413, 11.319910514541387, 11.16335540838852, 11.46031746031746, 10.922246220302377, 11.588100686498857, 11.269487750556793, 11.587155963302752, 11.868544600938968, 10.76595744680851, 11.555808656036447, 10.818376068376068, 10.774468085106383, 10.807692307692308, 11.12967032967033, 11.562929061784898, 11.742459396751741, 11.080962800875273, 11.274553571428571, 11.439909297052154, 11.587155963302752, 11.041394335511983, 11.442437923250564, 11.576659038901601, 11.176600441501103, 11.276169265033408, 11.158590308370044, 11.357303370786516, 11.246666666666666, 11.91764705882353, 11.232815964523281, 11.138766519823788, 11.313199105145413, 10.830835117773018, 11.325112107623319, 11.556064073226544, 11.006521739130434, 11.964454976303317, 11.446952595936795, 11.845794392523365, 11.17439293598234, 11.571100917431192, 11.250554323725055, 11.034858387799565, 11.385135135135135, 11.950236966824644, 11.38963963963964, 11.394144144144144, 11.536529680365296, 11.004338394793926, 11.441176470588236, 11.847775175644028, 10.900862068965518, 11.269487750556793, 10.883870967741936, 11.176600441501103, 11.165562913907285, 11.557339449541285, 11.013100436681222, 11.423076923076923, 11.265033407572384, 10.86266094420601, 11.783216783216783, 10.920258620689655, 11.251670378619155, 11.719907407407407, 11.226164079822617, 11.06113537117904, 10.761702127659575, 11.546697038724373, 11.0239651416122, 11.734883720930233, 11.037037037037036, 11.424379232505643, 12.149038461538462, 11.638248847926267, 11.334080717488789, 11.317673378076062, 11.502272727272727, 11.798594847775176, 11.235033259423503, 11.37752808988764, 11.840749414519907, 10.476190476190476, 10.976138828633406, 10.812366737739872, 11.44920993227991, 10.922413793103448, 11.1431718061674, 11.407657657657658, 10.826552462526767, 10.995661605206074, 11.276169265033408, 11.017429193899781, 11.387387387387387, 11.472727272727273, 11.577981651376147, 11.596330275229358, 12.196125907990314, 11.138766519823788, 11.14977973568282, 11.237777777777778, 11.242761692650333, 11.337807606263983, 11.523917995444192, 11.222222222222221, 11.292410714285714, 10.995661605206074, 11.047930283224401, 11.1431718061674, 11.370786516853933, 10.791489361702128, 11.335570469798657, 10.633123689727464, 11.44343891402715, 11.49090909090909, 10.96103896103896, 11.203991130820398, 11.357303370786516, 10.941684665226783], "trip_std_length": [6.309386313497553, 5.579150920544621, 6.310376893349087, 6.142850654066341, 5.664187833111302, 6.112714189042142, 5.751814832800388, 5.74851143778211, 6.181937209117518, 6.185184311096876, 6.450979185479611, 6.292300629219615, 6.089483805424638, 6.1221899263376605, 5.836483826915234, 6.709660502958724, 6.222650691312571, 6.119719151490395, 6.0584738383001016, 6.32, 6.07272195924412, 6.226884789365206, 5.914280189180459, 6.0036157977091476, 6.087141153961567, 6.070604002320917, 5.593727461800228, 5.978750766114204, 6.082825661087584, 5.8018264900783585, 6.290426162861811, 5.962850709603406, 6.02202329370541, 6.031733831704523, 5.878510898596621, 5.66714025643878, 5.738075436233893, 6.190136622463385, 6.425633202708799, 5.986688933653961, 6.196834011648917, 5.925568617415305, 6.078032210052164, 6.106070447675652, 5.733507593430535, 5.737902948442636, 5.945779336074586, 5.930334141954704, 6.007033623559413, 5.906964230692035, 6.417555166162203, 6.10273846084914, 6.256344532838664, 6.021065249600414, 6.0965675039794744, 6.326795516757199, 6.04662631811188, 6.143609252186252, 6.1338814301252915, 5.924440863454125, 5.978975618585204, 5.9456257965306625, 6.036462437205275, 6.392547528046158, 6.166291002415038, 6.020166429432061, 6.022773388586381, 6.108984544783363, 5.968860478909726, 5.9282681429581014, 5.640298320354914, 5.861779051526524, 5.834597352426631, 6.299816467996261, 6.1701348274534995, 5.84482122721023, 5.717928787780599, 5.949648438778627, 6.340073523108998, 5.710177724575867, 6.15952018136613, 5.994788339561979, 6.159017145272563, 5.815989596912455, 6.204407538406657, 5.998537043377756, 6.1488246392659835, 6.288012432082236, 6.151551338187194, 6.101248826678558, 6.2297819966237835, 5.730499186806268, 5.986130970909741, 6.334294516806343, 6.251778952875283, 6.478266038384547, 6.143782003355148, 6.208567796888964, 6.1710752616814215, 6.0043554282771865, 6.349518088705677, 5.633977660834149, 5.926946764963515, 6.405705945813145, 6.266166899938763, 6.14648965494302, 5.894606219030206, 6.178823137530447, 6.048628465050952, 5.899848246851004, 6.1988318656192325, 6.17170639865757, 6.256820627958536, 6.184412500749433, 6.120313728532759, 6.659057175212995, 5.923441957434903, 6.1911271745067085, 6.178391294303147, 5.785732470095145, 5.983824186092701, 5.992101404637623, 6.149322530852844, 6.658520856123123, 6.221864612370978, 6.027645229098634, 5.829366346042977, 6.30088266418682, 6.2372722487910295, 5.888849681208931, 6.180010359216447, 6.092628989250226, 6.3463268478750114, 6.410713431674486, 6.191492422268588, 5.917193387459403, 6.182085137952449, 6.542006072971997, 5.627594050687849, 5.703256566444658, 6.067375606072979, 5.516862197871419, 5.931045846311761, 5.777592232971514, 6.053860440916646, 6.089704231067278, 5.712975769447024, 6.07075658418482, 5.891043313919599, 5.926518828954946, 6.108476532506838, 5.89521067133021, 6.064475157836918, 6.197446821670842, 6.035131974084532, 6.3185604940212725, 6.521915708375078, 6.210382402062552, 5.817680589416233, 6.161449645042558, 6.054786796623291, 5.946064637965881, 6.237059288423282, 6.366191566527699, 5.977393087042884, 5.961552761669934, 5.981260775599723, 6.39446584664229, 6.324878686000798, 5.9443457771206365, 5.92678378731575, 5.8772910953874815, 6.333328843287607, 5.96313745141455, 6.213255398219493, 6.111896874595178, 6.362846646532667, 5.744266647861178],