{"timestamp": 10000, "trip_avg_length": [7.188, 7.420081967213115, 7.622641509433962, 7.558386411889597, 7.392638036809816, 7.182555780933063, 7.002012072434607, 7.43312101910828, 7.307535641547862, 7.53781512605042, 7.6265822784810124, 7.555789473684211, 7.25879917184265, 7.154320987654321, 7.137373737373737, 7.574736842105263, 7.476190476190476, 7.471698113207547, 7.298097251585624, 7.478170478170478, 7.149797570850202, 7.544885177453027, 7.656050955414012, 6.837349397590361, 7.1193415637860085, 7.489406779661017, 7.048582995951417, 7.514583333333333, 7.319415448851775, 7.248987854251012, 7.481404958677686, 7.3559670781893, 7.295315682281059, 7.511340206185567, 7.220647773279352, 7.5, 7.663829787234042, 7.3838174273858925, 7.425619834710743, 7.213849287169043, 7.306451612903226, 7.524210526315789, 7.228456913827655, 7.6581196581196584, 7.35030549898167, 7.055555555555555, 7.225872689938399, 7.296523517382413, 7.2366255144032925, 7.514830508474576, 7.328482328482329, 7.288659793814433, 7.475687103594081, 7.420824295010846, 7.151329243353783, 7.572961373390558, 7.192622950819672, 7.408805031446541, 7.450617283950617, 7.578838174273859, 7.439130434782609, 7.484472049689441, 7.367219917012448, 7.287784679089027, 7.466666666666667, 7.552521008403361, 7.08080808080808, 7.474120082815735, 7.623430962343096, 7.211576846307385, 7.347022587268994, 7.634042553191489, 7.677083333333333, 7.39832285115304, 7.6415094339622645, 7.530785562632697, 7.207900207900208, 7.661052631578947, 7.418556701030928, 7.125514403292181, 7.2317073170731705, 7.274390243902439, 7.258655804480652, 7.496842105263158, 7.457446808510638, 7.620253164556962, 7.2269076305220885, 7.178082191780822, 7.417190775681342, 7.48559670781893, 7.220858895705521, 7.296146044624747, 7.156701030927835, 7.342213114754099, 7.369519832985386, 7.373469387755102, 7.084168336673347, 7.059183673469388, 7.252566735112937, 7.717021276595744, 7.539445628997868, 7.52928870292887, 7.397489539748954, 7.396728016359918, 7.423868312757202, 6.948770491803279, 7.510330578512397, 7.411642411642411, 7.369609856262834, 7.8456659619450315, 7.230769230769231, 7.394957983193278, 7.355371900826446, 7.240325865580448, 7.581780538302278, 7.137214137214137, 7.16869918699187, 7.457556935817806, 7.616666666666666, 7.378, 7.323045267489712, 7.16, 7.709129511677283, 7.431914893617021, 7.357142857142857, 7.55625, 7.659043659043659, 7.226337448559671, 7.339506172839506, 7.222444889779559, 7.514522821576763, 7.276209677419355, 7.615853658536586, 7.405797101449275, 7.366935483870968, 7.331983805668016, 7.2329896907216495, 7.550724637681159, 7.219560878243513, 7.275449101796407, 7.527310924369748, 7.217922606924644, 7.3905930470347645, 7.492693110647181, 7.219758064516129, 7.561181434599156, 7.26559356136821, 7.639830508474576, 7.340292275574113, 7.265010351966874, 7.480331262939958, 7.278586278586278, 7.351694915254237, 7.118367346938776, 7.482832618025751, 7.486373165618448, 7.1318458417849895, 7.102296450939457, 7.686721991701245, 7.273469387755102, 7.177777777777778, 7.685534591194968, 7.466386554621849, 7.619658119658119, 7.431492842535787, 7.4125, 7.628099173553719, 7.238683127572016, 7.394250513347022, 7.349593495934959, 7.433537832310838, 7.531914893617022, 7.2727272727272725, 7.501066098081023, 7.533195020746888, 7.663135593220339, 7.632780082987552, 7.459244532803181, 7.216768916155419, 7.05, 7.427645788336933, 7.321649484536082, 7.467479674796748, 7.385245901639344, 7.719409282700422, 7.03353057199211, 7.248995983935743, 7.257731958762887, 7.1425576519916145, 7.643006263048017, 7.112, 7.156941649899396, 7.290322580645161, 7.634854771784233, 7.347916666666666, 7.73125, 6.989816700610998, 7.460606060606061, 7.67590618336887, 7.370445344129554], "trip_std_length": [4.150741620481815, 3.9346306085918994, 4.033423116547898, 3.9141922545622663, 3.8485153690578224, 4.009008613145638, 3.6105696580162325, 3.949695172763782, 3.9209505991623814, 4.019991880853013, 4.131515456191498, 3.782305501020124, 4.118495902134654, 3.9771533562056196, 3.810845391470784, 4.247623940660735, 4.458800633115595, 3.919223151890576, 3.9228738568931885, 4.0818091434582175, 4.028972749537073, 4.037606354057202, 4.117767481718336, 3.7646168413609735, 4.082250597015342, 3.9294485299828708, 3.776347122185834, 3.89227277132383, 3.8824398405516165, 3.8756936153226147, 4.097679408944507, 3.8664478693612527, 3.806998386258128, 3.892151136825061, 3.8227291141257864, 4.044713171703306, 3.9071361624985905, 3.84772222751477, 3.6793825597189005, 3.8654946026492505, 4.03498295026745, 3.973192161937133, 4.114580339035811, 3.978386893739751, 3.9254113523921426, 3.857698046136783, 3.9610926054001827, 4.110439621918652, 3.776085695630886, 3.8067447353016988, 3.8770339822044333, 3.8566016846911797, 3.9424963924960355, 4.23659301346642, 3.929543502627573, 4.044287900338647, 3.9727280966566365, 4.179736236667196, 3.980486046487995, 4.0246914650380585, 4.45686955164475, 4.048012456192801, 4.1145430955631594, 4.00491363047836, 3.8339129996504733, 3.8723559628913455, 4.049383960322424, 4.047448011509224, 4.400508142306496, 3.9436076916108393, 3.955178339030364, 4.0140856565055625, 3.9504609215958024, 3.9131875778522116, 4.093175307114848, 3.99290868478819, 3.9274104663671863, 4.180765347632747, 3.909289225266531, 3.9511793367331625, 3.942056272324648, 4.041441151299498, 3.9041861477437427, 3.9996697924645557, 4.13306566353422, 3.883766270289295, 3.9125376264280023, 3.8195076886242516, 3.9726473162682963, 4.21378278802794, 3.9465102596570465, 3.814874984987681, 3.913521556408392, 4.008150101140254, 3.7815050934154937, 3.9088218126883967, 3.7444588131432415, 4.0333516911153735, 3.8444963973774073, 3.9230263583180203, 4.084533273142787, 4.058435596884159, 3.8312951008075813, 4.205127546053881, 4.017114397353391, 3.83782919298646, 3.6553335726143357, 4.315156001230779, 3.9037364888894905, 4.150379797497023, 3.855090831512949, 3.957693257770786, 4.032634444648946, 3.704360162231875, 4.048239059120259, 3.971034382688013, 3.947057658755957, 4.0930886344837045, 4.113865443702418, 3.875966460123204, 4.078015406590205, 3.8484282505978986, 4.077578572259609, 4.021040745081796, 4.080941267973978, 4.105504752260474, 4.2480478970609346, 3.9935912859704987, 3.9307224755766015, 4.043428726489604, 3.9943939813850133, 3.9332021536963784, 3.9391706912346076, 4.15548323637291, 3.686619698624918, 4.090958396137514, 3.8257597223952744, 4.013823744062411, 3.906044321599772, 3.914757386749525, 3.912553851747198, 4.005516125531414, 3.9605407306804787, 4.012955123386208, 4.0037901325292, 3.890572218930035, 3.710592171795647, 4.073678216128608, 4.068190253617348, 3.7856869691048396, 4.174893694980142, 3.88575666532255, 3.9481863042875744, 3.797726144030955, 4.065019482435987, 3.96767901715591, 3.915028002481068, 4.003648511907312, 3.9139327201229643, 3.8553845468597463, 3.9349137953556124, 4.0362171167546625, 3.8551673782653153, 4.124219466505651, 4.124334242668178, 4.093777035534138, 3.995622049244966, 4.031846669487635, 3.8770381541774097, 4.039406983437528, 3.9887597642823356, 4.133676246624285, 3.9568842497631738, 3.969298345279679, 4.079085630919452, 4.07333166413211, 3.9399017603357938, 4.153829944353199, 3.6601603814826063, 3.6259481518631786, 4.1840296319370385, 3.9978918878881657, 4.097510565569385, 3.7333163767675224, 4.05699932621508, 3.73385544574191, 3.747857352531394, 3.8766505643734503, 4.0256791240979775, 4.311453424119674, 4.027835150549238, 3.699953382518835, 3.805289598466823, 3.8568079700055042, 3.9997129888350185, 4.257916952082712, 3.8881901410972657, 3.9294232794976693, 4.319030566193086, 4.040084704192874],