{"timestamp": 10000, "trip_avg_length": [10.905311778290994, 10.750572082379863, 10.844907407407407, 11.66504854368932, 11.183333333333334, 11.58472553699284, 10.79633867276888, 11.156542056074766, 11.067469879518072, 11.278959810874705, 11.191943127962086, 11.37704918032787, 11.091549295774648, 11.362559241706162, 11.465721040189125, 10.9375, 11.635714285714286, 10.967365967365968, 10.826185101580135, 11.39618138424821, 11.257009345794392, 10.905311778290994, 11.520481927710843, 10.801401869158878, 11.077830188679245, 11.795620437956204, 10.976851851851851, 11.067599067599067, 11.89242053789731, 11.006944444444445, 11.225118483412322, 11.980049875311721, 11.204651162790698, 11.25952380952381, 10.583908045977012, 11.55421686746988, 11.94647201946472, 11.461538461538462, 10.94663573085847, 11.21377672209026, 11.15439429928741, 11.354761904761904, 11.186915887850468, 12.11720698254364, 10.983796296296296, 11.498829039812646, 11.753694581280788, 10.934684684684685, 11.71256038647343, 11.525301204819277, 10.926713947990544, 11.409200968523002, 11.680387409200968, 11.13953488372093, 11.214797136038186, 11.81021897810219, 11.169811320754716, 11.433333333333334, 10.587583148558759, 11.346062052505967, 11.920199501246882, 11.725728155339805, 11.380841121495328, 11.01605504587156, 11.404761904761905, 11.435523114355231, 11.381294964028777, 11.743341404358354, 11.689486552567237, 11.731234866828087, 11.067285382830626, 11.004683840749415, 11.208816705336426, 11.183529411764706, 11.484107579462103, 11.471830985915492, 11.59610705596107, 11.357142857142858, 10.892271662763466, 10.8, 11.508235294117647, 10.812356979405035, 11.2903981264637, 11.085057471264367, 11.332541567695962, 10.8490990990991, 11.40046838407494, 11.213270142180095, 11.553398058252426, 10.976635514018692, 11.016355140186915, 11.405797101449275, 11.588807785888077, 10.965277777777779, 11.63680387409201, 11.846534653465346, 10.797266514806378, 11.42142857142857, 10.829885057471264, 11.39277108433735, 11.20185614849188, 11.623809523809523, 11.432242990654206, 11.560570071258907, 12.02, 11.38755980861244, 11.018779342723004, 11.688995215311005, 11.750605326876514, 11.174013921113689, 11.39568345323741, 10.831797235023041, 11.51543942992874, 10.786697247706423, 11.427553444180523, 11.14018691588785, 11.25531914893617, 11.679706601466993, 11.260765550239235, 10.976415094339623, 11.725961538461538, 11.165876777251185, 11.274647887323944, 10.988290398126464, 11.14018691588785, 11.181818181818182, 11.27659574468085, 11.275534441805226, 10.98360655737705, 11.411347517730496, 11.392018779342724, 11.088372093023256, 11.195180722891566, 11.107476635514018, 11.507246376811594, 10.964454976303317, 11.748166259168704, 11.365116279069767, 11.158508158508159, 11.132075471698114, 11.292565947242206, 11.575829383886257, 10.804195804195805, 10.83710407239819, 11.509661835748792, 11.258536585365853, 11.364077669902912, 10.897435897435898, 11.28400954653938, 11.297423887587822, 11.070754716981131, 11.187353629976581, 11.442583732057416, 10.99769053117783, 11.050691244239632, 10.854503464203233, 11.782926829268293, 11.191142191142191, 11.507177033492823, 11.269689737470166, 11.467625899280575, 10.839002267573695, 11.055045871559633, 11.280459770114943, 11.289411764705882, 11.284037558685446, 11.808823529411764, 11.170616113744076, 11.290780141843971, 11.586206896551724, 11.356132075471699, 11.095794392523365, 10.819221967963387, 10.915094339622641, 11.315914489311163, 11.370283018867925, 10.939814814814815, 11.495305164319248], "trip_std_length": [5.698571147621419, 5.952483926069272, 6.131772294606845, 5.706361783436864, 6.115725891061762, 5.963241066546683, 6.210066777937651, 6.057456917247209, 6.0320650909237505, 6.311661828784716, 6.041611749158601, 6.136674236405576, 6.27189677441987, 6.175461384228857, 5.930099715530036, 5.994849737869134, 6.302921523221684, 6.148804178762879, 5.84711467361206, 6.015539520977006, 6.029082355271126, 5.6754236563252105, 5.748876454633309, 5.624155005873324, 5.934475466753885, 6.296569976701953, 6.0169068354879, 5.717726826548242, 5.984753755592574, 6.049751136346718, 6.304217677950642, 6.003290950961937, 5.725502049211222, 6.03219771700598, 5.646621888365214, 5.988046349645151, 6.155887017666741, 6.086986555385496, 6.124723133438401, 5.8217301374571955, 6.098744929595108, 6.214832579477077, 5.912335972902467, 6.238304023277002, 6.048968111815772, 6.094253717334142, 6.313908616308427, 6.001708813692983, 6.568258228003457, 6.009928399499197, 6.060125873979977, 6.148651899790169, 5.8681664988432765, 5.991006419893216, 6.239964402657735, 6.62943320530356, 5.93672881484441, 6.267667093396935, 5.962054896880682, 6.000561032319678, 6.217473242908572, 5.995145139735054, 6.10479413592689, 6.0655607027851755, 5.892123571464357, 5.823653706043015, 6.216782056531811, 6.071166760400805, 6.023500187108646, 6.238823822498834, 6.4590533818114775, 6.144244013865079, 5.870451094048017, 6.019514286812097, 6.447483294239889, 6.419629881947985, 6.011536713085316, 6.359924485069167, 6.17789450815033, 5.932881294933357, 5.98983868514407, 6.101470969492425, 6.296348637478736, 5.727901638523928, 5.948600941430358, 5.508570235117676, 6.2012539160966815, 5.9886950542743085, 6.162410566262255, 6.206675324743202, 6.169128279128481, 5.9894887975060565, 6.409677240359622, 6.055010009829529, 6.366437530580508, 6.174140648207541, 5.933756702971841, 5.710976720495437, 5.815834804183044, 5.715120151421838, 6.0511045788614775, 6.408060754267667, 5.8921449069508585, 5.828447205273671, 6.381582875744857, 5.840629699740014, 5.705579545200955, 5.8370146598011114, 6.00752400493739, 6.19369280188872, 6.151896673902195, 6.082899123518719, 5.902040720325769, 5.784977945141385, 5.7598496409280155, 6.360580409257676, 5.827793830130982, 5.875031408081717, 5.875212824206653, 6.340526314187509, 6.0404803552033535, 6.292700319563167, 6.041885528919036, 5.937406023314587, 5.877167284684456, 5.98401487216168, 5.849296960820883, 6.288782382883437, 6.110015053029526, 6.3265035088548665, 6.162420730351288, 5.91384694780072, 6.327829213695695, 6.061417756714737, 5.877057304679517, 6.157965370084319, 6.165021039092704, 5.75137531462997, 5.896390078363807, 5.723298085495468, 6.345433402896213, 6.293205818817556, 5.7967824142304245, 6.1427718427633184, 5.9448880635839965, 5.7815086059658025, 5.623155220580709, 5.635279972793276, 6.184359914431041, 6.010768472162268, 6.0877772220962525, 5.960253147886391, 5.962627228652595, 6.300225020823068, 5.621077186693959, 5.631451131237977, 6.32911978772159, 6.2657403360498956, 5.978926002694182, 5.761887175033742, 6.030659664940579, 5.562583365524292, 5.983670228343598, 6.430849483230638, 5.859010627770885, 6.2638825079743246, 5.942759690039975, 6.310999132224955, 6.178440751859584, 6.872606212656022, 6.507837085370674, 6.023915039766389, 5.853028032745377, 6.064695118296755, 6.0573238238662155, 6.12466124708938, 6.138908091696686, 5.785381165965924],