{"timestamp": 10000, "trip_avg_length": [11.52069716775599, 11.404301075268817, 10.958592132505176, 11.220806794055202, 12.0, 11.475054229934925, 11.61978021978022, 10.927536231884059, 11.502173913043478, 11.632967032967032, 11.36774193548387, 10.785714285714286, 11.02928870292887, 11.731707317073171, 11.653421633554084, 10.925619834710744, 11.224576271186441, 11.829977628635346, 11.162790697674419, 10.87448559670782, 11.105042016806722, 11.719026548672566, 11.048117154811715, 12.105504587155963, 11.371244635193133, 11.294243070362473, 11.314775160599572, 11.518518518518519, 11.882882882882884, 11.109243697478991, 11.601750547045953, 11.278723404255318, 11.004158004158004, 11.05020920502092, 10.933884297520661, 11.497816593886462, 11.696902654867257, 11.089958158995817, 11.087866108786612, 11.36266094420601, 11.308351177730193, 11.548034934497817, 10.874743326488707, 11.314102564102564, 11.432900432900434, 11.309168443496802, 11.07112970711297, 11.261702127659575, 11.32762312633833, 11.463203463203463, 12.091743119266056, 10.759183673469387, 11.139240506329115, 11.231422505307856, 11.207188160676532, 11.117647058823529, 11.02713987473904, 11.18816067653277, 11.17584745762712, 11.815144766146993, 11.553610503282275, 10.962809917355372, 11.533769063180827, 11.257446808510638], "trip_std_length": [6.229551013679871, 6.2468902195196305, 5.937418948802812, 6.1645924255956945, 6.201455465180841, 6.32849204376803, 6.082802632322092, 6.108146101336403, 6.264634661974721, 6.060810067082027, 6.145916754285483, 5.838734137339241, 6.0329621009608285, 6.142891369702759, 5.9905346967084645, 5.976075288638384, 6.2270247056568415, 5.994978939305875, 6.523411265403086, 5.774811136775852, 5.859479839527672, 6.163932411148476, 5.984969546424643, 6.059556632316772, 6.069125177909265, 6.046266968674293, 6.26002032742454, 6.254339250551255, 5.897378771426418, 6.33224363966202, 6.3696350574351355, 6.018497591917798, 6.13906608525687, 6.039409448234977, 5.69142538638272, 6.472733846091985, 6.054230522586039, 6.080549241454035, 6.096214207529253, 6.0696441447451805, 6.034092547371992, 6.3372199267917395, 5.89179629126931, 6.054034983316845, 6.09474614307503, 6.217138869803716, 6.41023984530918, 6.326037151244975, 5.907726161356906, 5.990048467826818, 6.4385468820503995, 6.154073426745431, 5.973713537792734, 5.837097653527681, 5.946856891897933, 6.153739684998598, 6.169939785393603, 6.225544747179173, 6.104042259759856, 6.614025896894331, 5.907184466473009, 5.938272451451705, 6.24625841460008, 6.061010542835424], "trip_avg_price": [613852, 615470, 615315, 614060, 615408, 613975, 613813, 613406, 614713, 614408, 615706, 613401, 612204, 613907, 613801, 613026, 614237, 614540, 613692, 613338, 614216, 614500, 614347, 613816, 615157, 613915, 614342, 613750, 614031, 613188, 615603, 614618, 614130, 614744, 614376, 614540, 613719, 614631, 614101, 614709, 613158, 614160, 613567, 614454, 613018, 614596, 614675, 615134, 615076, 614594, 614600, 612503, 614596, 613208, 615125, 614736, 613076, 614236, 612457, 615945, 614219, 615253, 614990, 614203], "trip_num_completed": [0, 0, 0, 0, 0, 0, 0, 0, 0, 0, 0, 0, 0, 0, 0, 0, 0, 0, 0, 0, 0, 0, 0, 0, 0, 0, 0, 0, 0, 0, 0, 0, 0, 0, 0, 0, 0, 0, 0, 0, 0, 0, 0, 0, 0, 0, 0, 0, 0, 0, 0, 0, 0, 0, 0, 0, 0, 0, 0, 0, 0, 0, 0, 0], "ratio_serving": [0.5292, 0.5303, 0.5307, 0.5292, 0.5302, 0.529, 0.5292, 0.5289, 0.5291, 0.5293, 0.5311, 0.5295, 0.5278, 0.5291, 0.5283, 0.529, 0.5298, 0.5288, 0.5289, 0.529, 0.5292, 0.5297, 0.5296, 0.5278, 0.5299, 0.5297, 0.5289, 0.5287, 0.528, 0.5288, 0.5302, 0.5301, 0.5299, 0.5298, 0.5295, 0.5288, 0.5293, 0.5301, 0.53, 0.5301, 0.5285, 0.5289, 0.5296, 0.5295, 0.5284, 0.5304, 0.5295, 0.5298, 0.53, 0.5296, 0.5281, 0.5278, 0.5291, 0.529, 0.5301, 0.5292, 0.5282, 0.5294, 0.5276, 0.5305, 0.5291, 0.5306, 0.5294, 0.5292], "ratio_cruising": [0.0932, 0.0974, 0.0777, 0.085, 0.0965, 0.0939, 0.1002, 0.0838, 0.0889, 0.0967, 0.0933, 0.0707, 0.0794, 0.0934, 0.086, 0.0828, 0.0849, 0.0939, 0.0863, 0.0809, 0.0825, 0.1017, 0.0769, 0.0989, 0.0793, 0.0877, 0.0867, 0.0931, 0.0924, 0.0851, 0.1016, 0.079, 0.0874, 0.0861, 0.0773, 0.0946, 0.0991, 0.0787, 0.0883, 0.0899, 0.0908, 0.0911, 0.0777, 0.0899, 0.0953, 0.0927, 0.0874, 0.0843, 0.0854, 0.0918, 0.0942, 0.0776, 0.0859, 0.0882, 0.0951, 0.0887, 0.0826, 0.0791, 0.0815, 0.099, 0.0936, 0.0759, 0.0861, 0.0843], "ratio_online": [0.8874, 0.8826, 0.9078, 0.894, 0.8829, 0.8836, 0.8807, 0.897, 0.884, 0.8807, 0.8935, 0.9166, 0.8988, 0.8857, 0.8853, 0.902, 0.8992, 0.8771, 0.8923, 0.9015, 0.8953, 0.8793, 0.9042, 0.8669, 0.8988, 0.8978, 0.8869, 0.8829, 0.8739, 0.8963, 0.8763, 0.9054, 0.8986, 0.8941, 0.9025, 0.8764, 0.8836, 0.9056, 0.899, 0.8938, 0.8876, 0.8839, 0.9094, 0.8893, 0.8831, 0.8951, 0.8901, 0.8929, 0.8944, 0.8874, 0.8688, 0.8983, 0.8879, 0.8952, 0.8854, 0.8851, 0.8932, 0.9007, 0.8926, 0.8795, 0.8831, 0.909, 0.8879, 0.8936], "ratio_waiting": [0.0194, 0.02, 0.0145, 0.021, 0.0206, 0.0225, 0.0191, 0.0192, 0.0271, 0.0226, 0.0132, 0.0127, 0.0218, 0.0209, 0.0287, 0.0152, 0.0159, 0.029, 0.0214, 0.0176, 0.0222, 0.019, 0.0189, 0.0342, 0.0219, 0.0145, 0.0264, 0.024, 0.0337, 0.0186, 0.0221, 0.0156, 0.014, 0.0198, 0.0202, 0.029, 0.0173, 0.0157, 0.0127, 0.0163, 0.0216, 0.025, 0.0129, 0.0208, 0.0216, 0.0122, 0.0225, 0.0228, 0.0202, 0.0208, 0.037, 0.0241, 0.0262, 0.0166, 0.0195, 0.0262, 0.0242, 0.0202, 0.0259, 0.0215, 0.0233, 0.0151, 0.026, 0.0221], "ratio_to_request": [0.3582, 0.3523, 0.3771, 0.3648, 0.3527, 0.3546, 0.3515, 0.3681, 0.3549, 0.3514, 0.3624, 0.3871, 0.371, 0.3566, 0.357, 0.373, 0.3694, 0.3483, 0.3634, 0.3725, 0.3661, 0.3496, 0.3746, 0.3391, 0.3689, 0.3681, 0.358, 0.3542, 0.3459, 0.3675, 0.3461, 0.3753, 0.3687, 0.3643, 0.373, 0.3476, 0.3543, 0.3755, 0.369, 0.3637, 0.3591, 0.355, 0.3798, 0.3598, 0.3547, 0.3647, 0.3606, 0.3631, 0.3644, 0.3578, 0.3407, 0.3705, 0.3588, 0.3662, 0.3553, 0.3559, 0.365, 0.3713, 0.365, 0.349, 0.354, 0.3784, 0.3585, 0.3644]}