{"timestamp": 10000, "trip_avg_length": [7.406040268456376, 7.188311688311688, 7.5793103448275865, 7.145161290322581, 7.581314878892734, 7.073482428115016, 7.567474048442906, 7.299003322259137, 7.315436241610739, 7.054313099041534, 7.431972789115647, 7.398648648648648, 7.683098591549296, 7.452702702702703, 7.343333333333334, 7.684397163120567, 7.132258064516129, 7.175895765472313, 7.060897435897436, 7.35, 7.370860927152318, 7.17915309446254, 7.382059800664452, 7.077170418006431, 7.366666666666666, 7.472972972972973, 7.576388888888889, 7.684210526315789, 7.296052631578948, 7.409395973154362, 7.37123745819398, 6.885093167701863, 7.48135593220339, 7.321192052980132, 7.191558441558442, 7.336666666666667, 7.185064935064935, 7.418918918918919, 6.88785046728972, 7.800711743772242, 7.56401384083045, 7.673684210526316, 7.562068965517241, 7.215686274509804, 7.636363636363637, 7.3023255813953485, 7.303630363036303, 7.315436241610739, 7.56401384083045, 7.859712230215828, 7.412751677852349, 7.151612903225806, 7.567474048442906, 7.680851063829787, 7.781362007168458, 7.201954397394137, 7.092948717948718, 7.184466019417476, 7.1568627450980395, 7.51360544217687, 7.447457627118644, 7.298013245033113, 7.154098360655738, 7.419463087248322, 6.952681388012619, 7.4391891891891895, 7.721830985915493, 6.746987951807229, 7.469387755102041, 7.338870431893688, 7.344481605351171, 7.558219178082192, 7.4520547945205475, 7.364548494983278, 7.456081081081081, 6.940625, 7.343333333333334, 7.515358361774744, 7.285245901639344, 7.303630363036303, 7.523972602739726, 7.132258064516129, 7.189542483660131, 7.359060402684563, 7.4006734006734005, 7.496598639455782, 7.45578231292517, 7.158576051779935, 7.726950354609929, 7.697183098591549, 7.063897763578275, 7.196078431372549, 7.390572390572391, 7.515463917525773, 7.003134796238244, 7.407407407407407, 7.775800711743773, 7.230263157894737, 7.067092651757188, 7.170967741935484, 6.786585365853658, 7.550173010380623, 7.190789473684211, 7.04140127388535, 7.37123745819398, 7.2781456953642385, 7.83453237410072, 7.5034246575342465, 7.389261744966443, 7.37123745819398, 7.512027491408935, 7.487972508591065, 7.054140127388535, 7.304635761589404, 7.524137931034483, 7.192182410423452, 7.530821917808219, 7.7178571428571425, 7.255737704918033, 7.462585034013605, 7.060509554140127, 7.705673758865248, 7.515358361774744, 7.321070234113712, 7.096153846153846, 7.298013245033113, 7.240924092409241, 6.891304347826087, 7.76056338028169, 7.079365079365079, 7.346666666666667, 7.337748344370861, 7.464406779661017, 7.295681063122924, 7.176470588235294, 7.474402730375426, 7.915750915750916, 7.292358803986711, 7.4006734006734005, 7.601398601398602, 7.254125412541254, 7.303333333333334, 7.7785714285714285, 7.256578947368421, 6.968553459119497, 7.228013029315961, 7.389261744966443, 7.162337662337662, 7.440677966101695, 7.625, 7.4727891156462585, 7.127795527156549, 7.221498371335505, 7.511864406779661, 6.934579439252336, 7.660839160839161, 7.658536585365853, 7.579861111111111, 7.156351791530945, 7.176470588235294, 7.325503355704698, 7.410774410774411, 7.301324503311259, 7.086816720257235, 7.479591836734694, 7.581314878892734, 7.493197278911564, 7.849462365591398, 7.421768707482993, 7.6421052631578945, 7.328859060402684, 7.132686084142395, 7.3455149501661126, 7.713286713286713, 7.67595818815331, 6.819571865443425, 7.4358108108108105, 7.414141414141414, 7.450847457627119, 7.358803986710964, 7.354515050167224, 7.153094462540716, 7.237785016286645, 6.848765432098766, 7.289036544850498, 7.424242424242424, 7.195439739413681, 7.404682274247492, 6.8753894080996885, 7.717314487632509, 7.452702702702703, 7.570934256055363, 7.214983713355049, 7.158576051779935, 7.498293515358362, 7.219672131147541, 7.214983713355049, 7.079872204472843, 7.231023102310231, 7.2254901960784315], "trip_std_length": [3.845100223651144, 3.7921132793772943, 4.2233651650643695, 3.552585492801384, 3.97149841434899, 3.9797048649355333, 4.053677153383011, 3.8833017175111237, 4.057617326306196, 3.8602076941409633, 3.733530480604076, 4.009683995206741, 4.1864464717349765, 3.5150919011850146, 4.048718590149508, 4.471704320525309, 3.7595372996681724, 4.008338876566669, 3.6249858305284297, 4.315186361367645, 3.6784964788480026, 3.7010195706798923, 3.8072596867045037, 3.906523487133236, 4.195102965230876, 4.127111983408478, 3.982740299493538, 3.8331787676092803, 4.039832617346575, 3.8591187623249885, 4.138809161831669, 3.81185974043652, 3.888988129311073, 3.7486617350963067, 3.988497280715244, 3.7863776298139564, 3.621926058384795, 3.900820276719205, 3.579955714593399, 4.189819833925054, 4.024606728813107, 4.038695564806697, 4.156168145108686, 3.7284302124739757, 4.10959214716258, 3.9285514106799675, 4.03534957920684, 4.141923892893914, 3.8819365837101, 4.232254011505923, 3.9553852270089713, 3.7955297108098045, 3.901438939609273, 3.9863582074319237, 4.027532077140003, 3.730095416408269, 3.714276203423605, 3.750506087486826, 3.793040836200246, 3.9946586694160056, 3.933746044563603, 3.9680757543017684, 3.968630013877143, 4.218275640134749, 4.144963962285334, 4.052403943459265, 3.9132425263489337, 3.3994803766428987, 3.937100909391886, 3.993115011471622, 4.19568116642942, 3.8159768107856893, 4.0815021942149095, 3.9475085127648017, 4.072580136277104, 3.967001337203581, 4.303346243202944, 4.273571807967746, 3.873484307085457, 4.023063052627279, 3.879535433184183, 3.670974828498177, 3.8233059540311154, 4.1501113985666205, 4.167906831729729, 3.995531772496893, 3.7584033600131206, 3.8047958892402147, 3.95003150059482, 3.829995470559081, 4.113688691149912, 4.300112209402955, 4.012897390117872, 4.076030180903919, 3.7050321051679527, 3.8732892188345223, 4.192382282034685, 3.913489482641792, 3.9313563147905795, 3.9708367159536877, 3.552335617628724, 4.0067082552554, 4.0696785606798995, 3.8026397901998443, 4.0982060852922775, 4.113713039596995, 3.9767256736521683, 3.940045795985181, 4.041249407103668, 4.064608914260738, 4.086146195945442, 4.486983045597331, 3.8672558194048925, 3.928151710500482, 3.699175599901425, 3.7319211275469533, 3.950343579100971, 4.011906704817956, 3.8402751177984134, 4.023353778941683, 3.744146309572896, 4.36319671100866, 4.056419884297012, 4.091420690825457, 3.8502061985305613, 3.842589327725046, 4.210395958761072, 3.855783609433513, 3.888280653857954, 3.529924623960693, 4.215031303429298, 3.898356619656601, 4.239194147591141, 4.007751784983704, 4.029495252224159, 4.002157276835203, 4.433911225821944, 3.9942951117019394, 3.9172070829920793, 4.217247072331541, 3.747576705791337, 4.099348186670114, 4.297952763721779, 4.193504862670484, 3.5260421692341675, 3.80811711831463, 3.925841780200448, 3.998328837948894, 4.009612122247043, 4.26935950179363, 4.271118922095737, 3.619651801742619, 3.988149428699046, 3.909011091110901, 3.6161743645690905, 3.9974211086130653, 4.468447877042562, 4.070627849831152, 3.94609241180396, 3.9714959020645284, 3.8071930219473478, 3.8646657666388227, 4.133364275314474, 4.1509522978794005, 4.068870353777782, 3.9259314899117945, 4.028591014203413, 3.998959281886899, 4.279241413586697, 4.281127387525149, 4.099341824762045, 4.011133321092657, 3.7149542661979846, 4.001961717598529, 4.095916259546868, 3.7808283237463582, 3.827699720902443, 3.9406628363042744, 4.017351049050492, 3.759041887468787, 3.89769737559412, 3.7857114186734075, 3.7614717880656667, 3.8704282095428164, 4.117805846002873, 3.7688004390404246, 3.840582888559117, 4.096671887181625, 3.8414916204735086, 4.218160786472246, 3.6202031812836806, 4.178870829650355, 3.825089075166682, 3.8955745256627843, 3.770393533184222, 4.0181073626457415, 3.7994561049636855, 4.0203170900359435, 3.928330032093846, 4.012823063968102],