{"timestamp": 10000, "trip_avg_length": [10.936448598130841, 10.672862453531598, 10.861367837338262, 10.467153284671532, 10.388686131386862, 10.79520295202952, 10.450367647058824, 10.488117001828154, 10.507326007326007, 10.812615955473099, 10.586397058823529, 10.216216216216216, 10.49090909090909, 10.498175182481752, 10.764814814814814, 10.609981515711645, 10.933209647495362, 10.514440433212997, 10.864312267657992, 10.377079482439926, 11.069943289224952, 10.77094972067039, 10.741154562383613, 10.715341959334566, 10.551282051282051, 10.797047970479705, 10.842990654205607, 10.983082706766917, 10.565619223659889, 11.133079847908744, 10.742173112338858, 10.635185185185184, 10.874538745387454, 10.66044776119403, 10.960600375234522, 10.43978102189781, 10.9196261682243, 10.321167883211679, 10.633699633699633, 10.829944547134936, 10.675925925925926, 10.572992700729927, 11.081904761904761, 10.689591078066915, 11.140684410646388, 10.594444444444445, 9.83362831858407, 10.347905282331512, 10.305454545454545, 10.790566037735848, 10.526411657559198, 10.75187969924812, 10.763500931098697, 10.379496402877697, 11.137996219281664, 10.596014492753623, 10.54945054945055, 10.49087591240876, 10.795580110497237, 10.403985507246377, 10.624542124542124, 10.741219963031423, 10.661141804788214, 10.221621621621622, 10.791127541589649, 10.413793103448276, 10.927911275415896, 10.643382352941176, 10.52823315118397, 10.685082872928177, 10.408759124087592, 10.664825046040516, 10.724264705882353, 10.919020715630886, 10.730483271375464, 10.971698113207546, 10.172101449275363, 10.494464944649447, 10.47935368043088, 11.061068702290076, 10.782449725776965, 10.288566243194193, 10.361161524500908, 9.760070052539405, 10.365280289330922, 10.415607985480944, 10.85607476635514, 10.542961608775137, 10.580406654343808, 10.893854748603353, 10.459312839059674, 10.779005524861878, 10.344890510948906, 10.344202898550725, 10.977401129943503, 10.768807339449541, 10.652495378927911, 10.38, 10.650735294117647, 10.371794871794872, 10.80747663551402, 10.428571428571429, 10.764814814814814, 10.322522522522522, 10.782287822878228, 10.65137614678899, 10.417279411764707, 10.454545454545455, 10.414233576642335, 10.949343339587243, 10.082733812949641, 10.542279411764707, 10.618348623853212, 10.731617647058824, 10.705009276437847, 11.06766917293233, 10.622262773722628, 11.206106870229007, 10.367088607594937, 10.897003745318353, 10.793680297397769, 10.392727272727273, 10.433453237410072, 11.118095238095238, 10.826887661141805, 10.791512915129152, 10.688311688311689, 10.649446494464945, 10.921200750469044, 10.762867647058824, 10.715613382899628, 10.149280575539569, 11.166355140186916, 10.506398537477148, 11.01500938086304, 10.44927536231884, 11.033898305084746, 10.81549815498155, 10.619047619047619, 10.972067039106145, 10.880597014925373, 10.118067978533094, 10.755963302752294, 10.787822878228782, 10.886827458256029, 10.539162112932605, 11.047169811320755, 10.345323741007194, 10.668508287292818, 10.88268156424581, 10.436928702010968, 10.80373831775701, 10.447897623400365, 10.25, 10.229090909090909, 10.723364485981309, 10.437728937728938, 11.11531190926276, 10.193548387096774, 10.854205607476635, 10.87037037037037, 10.87360594795539, 10.691176470588236, 10.632541133455211, 10.897769516728625, 10.95903165735568, 10.534926470588236, 10.383783783783784, 11.092105263157896, 10.521978021978022, 10.609174311926605, 10.484346224677717, 10.828358208955224, 10.783333333333333, 10.418943533697632, 10.606884057971014, 10.853974121996304, 10.657509157509157, 11.034026465028356, 10.796992481203008, 10.759398496240602, 10.764705882352942, 10.60183486238532, 9.998220640569395, 11.105660377358491, 10.605118829981718, 10.153297682709447, 10.517560073937153, 10.623616236162361, 10.430656934306569, 10.348375451263538, 11.164461247637051, 10.878048780487806, 10.932457786116323, 10.769087523277467, 10.74074074074074, 10.494584837545126, 10.733705772811918, 10.467391304347826, 10.67962962962963], "trip_std_length": [5.556816013687574, 5.660537069081784, 5.540074568554048, 5.682668098149855, 5.638147223438328, 5.482657584046511, 5.528113297458865, 5.314027650752775, 5.5361732025727, 5.75119156992976, 5.466128882489997, 5.353125559012028, 5.122757521891815, 5.672477762786832, 5.853319963519514, 5.5504252222269095, 5.784567073582535, 5.659148766297559, 5.560263759679939, 5.606484855215448, 5.813486064628262, 5.698643508040877, 5.648786637262659, 5.451883742645526, 6.041532703210631, 5.919458698692113, 5.613536912095979, 5.781557362381954, 5.8212626571390205, 5.5126340220029535, 5.763910108104105, 5.539610141631089, 5.610261525217886, 5.7234463922954735, 5.848328862489459, 5.517558696257534, 5.854552334535912, 5.461122456973786, 5.698907408738084, 5.651354653878311, 5.568144686856861, 5.717829760943325, 5.892606844131139, 5.870213657352577, 6.023652580129998, 5.730713764175767, 5.305258880682117, 5.32761819658539, 5.47501492507117, 5.677122714994869, 5.384465788103038, 5.343685775729918, 5.696705019454401, 5.25653520261379, 5.83920105431614, 5.444867153441903, 5.868392525524791, 5.506624142953244, 5.671860266330884, 5.213713667117568, 5.980130582745419, 5.499415326816918, 5.848241947050052, 5.62070505348495, 5.656755798099638, 5.638159971375409, 5.55266976131885, 5.684217083627809, 5.917282333265719, 5.953959199530161, 5.40823209308141, 5.5954793247430406, 5.488396802285942, 5.606278074022195, 5.502942787305001, 5.532165885126952, 5.42615952383579, 5.843513354990466, 5.560667940860951, 5.473050875040006, 6.012040252900834, 5.391584146986198, 5.630989065192077, 5.157438916480664, 5.37864866388081, 5.515828694870083, 5.6260272593884535, 5.799473657355918, 5.6207550933877926, 5.766555749786964, 5.628867493249606, 5.762244655318023, 5.450141579462623, 5.336604768163538, 5.7666044236801755, 5.4552171350373255, 5.243192775674062, 5.437175068661365, 5.4979340548161595, 5.5531935901332945, 5.547950719322724, 5.390555145100595, 5.401496960116787, 5.637274350725587, 5.624850955483312, 5.6590856505091, 5.649745825478992, 5.606224403831486, 5.47871944420972, 5.8913923075230965, 5.708159350767003, 5.733195965668066, 5.607435514811859, 5.7254617358864905, 5.902751862086741, 5.738270794420766, 5.9254505502046655, 5.768720017912752, 5.410872620785792, 5.656082074254013, 6.016102696918665, 5.447463281046244, 5.327500556158658, 5.528571346540338, 5.568215415196499, 5.948958940120146, 5.6868882759182275, 5.583217279650381, 5.696957884679491, 5.737904465826639, 5.418454087478352, 5.537739993050404, 6.017139754663047, 5.525862015544948, 5.8841026524273214, 5.424478153980913, 5.830207367515059, 5.846364785865331, 5.295094471923697, 5.8749509297981, 5.939740654823092, 5.493565517870486, 5.265177819081063, 5.506889283205535, 6.022545223901596, 5.321093881844452, 5.459597876324237, 5.440934946921403, 5.752144526296659, 5.451941539692989, 5.376258670742488, 5.605803488702785, 5.66254977778233, 5.575552042223224, 5.667632910653031, 5.7445720733926136, 5.620537755333201, 5.685847181646194, 5.115003017372558, 5.6533222450452705, 5.352210676167844, 5.310333127639675, 5.422942420703902, 5.70370493912386, 5.79568120892635, 5.906644728500139, 5.848475228176437, 5.6494046651277925, 5.635295397269212, 5.705892504616806, 5.86542569506206, 5.525700366084413, 5.728335070302408, 5.453787335081585, 5.394398191912936, 5.463928790452631, 5.95507890777709, 5.76254074579831, 5.856408365906523, 5.639561384448796, 5.7672922406073, 5.590150600567414, 5.783018189974298, 5.178142919393641, 6.152784768944738, 5.691442254036742, 5.34426515549191, 5.459493449330786, 5.650852679050021, 5.30981135716979, 5.3254656137694365, 5.7168030564395345, 5.924647719632623, 5.758356107972938, 5.601503996772584, 5.393017382536439, 5.535654656955195, 5.582114282356537, 5.486051654872052, 5.330133749611891],