{"timestamp": 9168, "trip_avg_length": [12.188295165394402, 12.181556195965419, 12.771186440677965, 12.269754768392371, 12.35904255319149, 12.088068181818182, 11.728, 12.220108695652174, 12.293333333333333, 12.768156424581006, 11.916890080428955, 12.410764872521247, 12.427027027027027, 12.106493506493507, 12.340482573726542, 12.335149863760218, 12.32394366197183, 12.253369272237197, 12.546419098143236, 11.857142857142858, 12.69146005509642, 12.872628726287262, 12.612466124661246, 12.217847769028872, 11.836787564766839, 12.49591280653951, 12.286516853932584, 12.763005780346822, 11.986559139784946, 12.142857142857142, 12.78117048346056, 12.667553191489361, 12.709039548022599, 12.3727959697733, 11.980225988700566, 12.014005602240896, 11.80167597765363, 12.306629834254144, 13.124277456647398, 12.115183246073299, 12.4921875, 12.307894736842105, 12.485639686684074, 12.289473684210526, 12.197468354430379, 11.953168044077135, 12.399470899470899, 12.364795918367347, 12.776203966005665, 12.1, 11.820375335120643, 12.477401129943503, 12.156976744186046, 12.229946524064172, 12.567567567567568, 12.259541984732824, 12.681564245810057, 12.661971830985916, 12.194148936170214, 12.108860759493671, 12.70054945054945, 12.58682634730539, 11.782122905027933, 12.465045592705167, 12.407792207792207, 11.610619469026549, 11.614583333333334, 12.13586956521739, 12.798387096774194, 12.636887608069165, 12.394594594594595, 12.12853470437018, 12.018867924528301, 12.96368715083799, 12.61344537815126, 12.063218390804598, 12.362606232294617, 12.564841498559078, 12.574866310160427, 13.338753387533876, 12.697478991596638, 12.372781065088757, 11.7890625, 12.976608187134502, 12.200507614213198, 12.49731182795699, 12.41764705882353, 12.539106145251397, 11.871720116618075, 11.73015873015873, 12.583783783783783, 12.344927536231884, 12.458823529411765, 12.296195652173912, 11.904761904761905, 12.793201133144477, 12.165333333333333, 12.057534246575342, 12.128415300546449, 12.051413881748072], "trip_std_length": [6.555704964151417, 6.268617679127717, 6.671565876743312, 7.068812085459231, 6.643371607650604, 6.759729916261875, 5.966183816589407, 6.7133002307497955, 6.325342327143691, 6.851937087614445, 6.60538889440756, 6.521578714803926, 6.385907146236204, 6.792018571524364, 6.69595506588376, 6.541791155108086, 6.761478811261326, 6.32928062501694, 6.713823908490906, 6.355012607645095, 6.682373410485583, 7.010447787741455, 7.179763539792578, 6.609251178626823, 6.594611872008544, 6.6737404529037745, 6.95062346263836, 7.03594537936939, 6.68269567568465, 6.197875262604164, 6.536486100219705, 7.458652719902358, 6.259688777990964, 6.750842133580657, 6.739055069204085, 6.350396439242423, 6.3980878328885025, 6.013558366066912, 7.1772875689826785, 6.450969312524507, 6.6461879272891276, 6.1624876034442355, 6.628065775352085, 6.893963395749869, 6.621904095042096, 6.178297539525974, 6.360983895764006, 6.549815814452239, 6.812611225448439, 6.433506042586732, 6.396833404670847, 6.295527784231647, 7.129109026455345, 6.233475395408385, 6.732943020024757, 6.606251707457345, 6.68812387034588, 6.938652022297302, 6.430236736579479, 6.499137038594806, 6.6295956256503725, 6.926686663298796, 6.772233316759413, 6.557171536123811, 6.526862897403141, 6.126156930025737, 6.465646061535966, 6.472602485825041, 6.382494336674571, 6.613288482239959, 6.909529101408722, 6.683358695822171, 6.394671789062649, 6.943613265142898, 6.470068006297931, 6.816690384848073, 6.587735708329078, 6.541662327905749, 6.894817813594627, 7.079237137287983, 6.577128636076462, 6.633925178323474, 6.090445484890829, 6.722096944110137, 6.588938565311921, 6.776976621515657, 6.775972714553513, 6.710900104055363, 6.160713412630804, 6.320470687397773, 6.693260568238147, 6.9202399269767305, 6.513430362451508, 6.723319790490296, 6.695290026667571, 7.148744156181347, 6.028764236742238, 6.7291620070645, 6.2935834443260426, 6.511404218016153], "trip_avg_price": [571119, 502504, 540908, 532922, 552188, 504472, 520510, 534769, 551560, 546964, 527720, 522382, 546969, 555019, 545810, 537575, 519423, 540580, 562678, 511753, 548175, 566975, 553317, 553719, 542621, 545315, 516597, 525519, 529620, 523798, 599702, 566650, 534403, 582648, 501578, 508735, 501132, 529544, 541784, 549739, 570803, 555037, 569232, 554889, 572816, 514362, 555815, 577421, 535359, 516520, 522823, 522968, 494293, 545155, 497319, 571789, 538875, 533885, 543892, 566200, 549390, 499271, 499842, 487583, 568660, 466553, 527090, 529339, 565958, 519710, 543547, 560311, 528172, 553483, 535920, 498523, 517528, 517302, 558354, 587249, 539771, 498289, 535755, 527586, 570535, 551548, 502042, 533139, 479816, 525361, 551774, 505619, 503257, 535956, 531637, 536874, 540642, 520468, 528206, 555578], "trip_num_completed": [0, 0, 0, 0, 0, 0, 0, 0, 0, 0, 0, 0, 0, 0, 0, 0, 0, 0, 0, 0, 0, 0, 0, 0, 0, 0, 0, 0, 0, 0, 0, 0, 0, 0, 0, 0, 0, 0, 0, 0, 0, 0, 0, 0, 0, 0, 0, 0, 0, 0, 0, 0, 0, 0, 0, 0, 0, 0, 0, 0, 0, 0, 0, 0, 0, 0, 0, 0, 0, 0, 0, 0, 0, 0, 0, 0, 0, 0, 0, 0, 0, 0, 0, 0, 0, 0, 0, 0, 0, 0, 0, 0, 0, 0, 0, 0, 0, 0, 0, 0], "ratio_serving": [0.5224694589877836, 0.462478184991274, 0.49596422338568935, 0.49138307155322863, 0.5083987783595113, 0.46465968586387435, 0.4799301919720768, 0.4918193717277487, 0.5052356020942408, 0.5007635253054101, 0.4848385689354276, 0.4799301919720768, 0.5015270506108203, 0.5085078534031413, 0.5020724258289704, 0.493782722513089, 0.47785776614310643, 0.49607329842931935, 0.5164703315881326, 0.4707678883071553, 0.5030541012216405, 0.5181064572425829, 0.5089441535776614, 0.5085078534031413, 0.50032722513089, 0.50021815008726, 0.47709424083769636, 0.4816753926701571, 0.4871291448516579, 0.48232984293193715, 0.5490837696335078, 0.5195244328097731, 0.49094677137870857, 0.5357766143106457, 0.462587260034904, 0.46847731239092494, 0.46084205933682376, 0.48658376963350786, 0.4953097731239092, 0.5047993019197208, 0.5235602094240838, 0.5106893542757417, 0.5215968586387435, 0.5099258289703316, 0.525523560209424, 0.4732766143106457, 0.5112347294938918, 0.5296684118673648, 0.49258289703315883, 0.47611256544502617, 0.48091186736474695, 0.4817844677137871, 0.456151832460733, 0.49989092495637, 0.45767888307155324, 0.525523560209424, 0.4952006980802792, 0.49040139616055844, 0.5004363001745201, 0.5217059336823735, 0.5042539267015707, 0.4585514834205934, 0.46095113438045376, 0.4481893542757417, 0.5230148342059336, 0.43008289703315883, 0.48647469458987785, 0.48789267015706805, 0.5196335078534031, 0.47829406631762655, 0.50021815008726, 0.5146160558464223, 0.4863656195462478, 0.506217277486911, 0.4920375218150087, 0.45975130890052357, 0.47633071553228623, 0.4755671902268761, 0.5129799301919721, 0.5381762652705061, 0.49476439790575916, 0.4583333333333333, 0.493782722513089, 0.48451134380453753, 0.5243237347294939, 0.5070898778359512, 0.46084205933682376, 0.4896378708551483, 0.44415357766143104, 0.4836387434554974, 0.5078534031413613, 0.46455061082024435, 0.4620418848167539, 0.49356457242582896, 0.4908376963350785, 0.49280104712041883, 0.4976003490401396, 0.4800392670157068, 0.4856020942408377, 0.5113438045375218],