{"timestamp": 10000, "trip_avg_length": [7.77859778597786, 7.5978260869565215, 7.003690036900369, 7.44336569579288, 7.631268436578171, 7.435323383084577, 7.352941176470588, 7.53169014084507, 7.2368421052631575, 7.64375, 7.446969696969697, 7.0854430379746836, 7.277439024390244, 7.325490196078431, 7.241721854304636, 7.720689655172414, 7.663043478260869, 7.606451612903226, 7.148484848484848, 7.782152230971128, 6.921768707482993, 7.722929936305732, 7.227011494252873, 7.096153846153846, 7.455645161290323, 7.365079365079365, 7.490259740259741, 7.746268656716418, 7.698412698412699, 7.838582677165355, 7.918918918918919, 7.254847645429363, 7.496913580246914, 7.186046511627907, 6.984313725490196, 7.6490066225165565, 7.421052631578948, 7.410468319559229, 7.562130177514793, 6.956011730205279, 7.48955223880597, 7.24505928853755, 7.791519434628976, 7.459807073954984, 7.577922077922078, 7.06, 7.602888086642599, 7.5136186770428015, 7.3991031390134525, 7.532051282051282, 7.411538461538462, 7.353571428571429, 7.277456647398844, 7.423976608187134, 7.450666666666667, 7.326771653543307, 6.925581395348837, 7.178048780487805, 7.37730870712401, 7.178362573099415, 7.144295302013423, 7.456, 7.754901960784314, 7.758389261744966, 7.089041095890411, 7.3097345132743365, 7.1923076923076925, 7.377358490566038, 7.349137931034483, 7.706552706552706, 7.3046875, 7.385093167701863, 7.3174061433447095, 7.348973607038123, 7.2314410480349345, 7.552123552123552, 7.28023598820059, 7.738738738738738, 7.759776536312849, 7.3312101910828025, 6.741626794258373, 7.046997389033942, 7.619834710743802, 7.529197080291971, 6.8708133971291865, 7.21594684385382, 7.108823529411764, 7.367601246105919, 6.972049689440993, 7.631901840490798, 7.39672131147541, 7.429775280898877, 7.202247191011236, 7.518367346938776, 7.459302325581396, 7.4324324324324325, 7.589285714285714, 7.57057057057057, 7.315068493150685, 7.794573643410852, 7.567164179104478, 7.436619718309859, 7.074850299401198, 7.228668941979522, 7.659016393442623, 7.446745562130178, 7.363945578231292, 7.660839160839161, 7.13768115942029, 7.461077844311378, 7.620795107033639, 7.703862660944206, 7.251724137931035, 7.3396739130434785, 7.724832214765101, 7.273006134969325, 7.640949554896142, 7.252148997134671, 7.96, 7.378181818181818, 7.455108359133127, 7.601744186046512, 7.2243589743589745, 7.619718309859155, 7.192982456140351, 7.494545454545454, 7.607038123167156, 7.6742671009771986, 7.767955801104972, 7.36741214057508, 7.741573033707865, 7.207951070336391, 7.6745762711864405, 7.415929203539823, 7.467948717948718, 7.381538461538462, 7.790613718411552, 7.639575971731449, 7.5472222222222225, 7.283018867924528, 7.258503401360544, 7.118210862619808, 7.390510948905109, 7.32404181184669, 7.079136690647482, 7.637860082304527, 7.249134948096886, 7.16955017301038, 7.3238434163701065, 7.301818181818182, 7.601823708206687, 7.360501567398119, 7.529209621993127, 7.363636363636363, 7.83385579937304, 7.845814977973569, 7.369791666666667, 7.73125, 7.511400651465798, 7.1753846153846155, 7.3354037267080745, 7.140151515151516, 7.331010452961673, 7.304832713754647, 7.185964912280702, 7.370588235294117, 7.19935691318328, 7.394520547945206, 7.294776119402985, 7.664723032069971, 7.675840978593272, 7.657627118644068, 7.617283950617284, 7.476190476190476, 7.163194444444445, 7.493472584856397, 7.445229681978798, 7.321285140562249, 7.076363636363636, 7.290909090909091, 7.784702549575071, 7.556497175141243, 7.568888888888889, 7.306709265175719, 7.1328671328671325, 7.747404844290657, 7.383673469387755, 7.44336569579288, 7.387665198237886, 7.414634146341464, 7.413793103448276, 7.216666666666667, 7.448795180722891, 7.575757575757576, 7.312693498452012, 7.651515151515151, 7.601604278074866, 7.2844827586206895, 7.09433962264151, 7.03125], "trip_std_length": [4.265503896968148, 4.078202349631129, 3.8634422016668366, 4.0587349965741115, 4.316705750750365, 4.143213118483604, 4.193475461657095, 4.228805806829468, 3.937519040349439, 3.900876303793803, 3.8940794102877745, 3.9724896690622065, 3.9983811696722076, 3.8623290310409253, 3.9236733973736255, 4.230584805938514, 4.005278692414142, 4.162035442166758, 3.9740538200837126, 4.208140665583812, 3.9868835459652954, 3.971592961412591, 4.0538991064634455, 3.888145768202743, 3.993700733844343, 3.6277221297729025, 4.0823387344663855, 3.810211274676814, 4.21311226301782, 4.081059520528171, 4.107530186945569, 3.9225726536707355, 4.066953888453031, 3.623282681931608, 3.7269223253541752, 4.139454287059845, 3.9430775899379475, 3.7833331101754797, 3.949831569426828, 3.741006880613937, 4.106679463681133, 3.9905056908143397, 3.963927294924267, 3.918481064577802, 3.8482285814004564, 3.626623774256161, 3.776383811458592, 4.075265780943877, 4.105929115822697, 4.079215409407121, 4.00238649222387, 3.9713241892757294, 3.9437387860103517, 4.127898022156575, 3.5019374954762146, 4.384061124115845, 3.816006254154583, 3.865419687883079, 3.758910207700471, 3.8541084189210424, 3.957320674333599, 4.291394179051839, 3.9838799555448747, 4.41572997714145, 4.106328615313351, 3.859049769212262, 4.121730070870764, 4.008605907833133, 3.8116879166687396, 3.9759873717801657, 3.781241929226924, 4.262449230023127, 3.962917371207767, 4.197287261332267, 3.7618712386200808, 3.8273786769613514, 3.815964594308696, 3.984304894998263, 4.1350595241785495, 3.8596203486968097, 3.837642721744761, 3.8323734531734357, 4.2450869966401275, 4.182107536029075, 3.804751475214364, 3.766861738808669, 3.7561610288618463, 4.058229995278469, 3.8684696314507145, 4.327763212077639, 3.6082767883505142, 3.86617584698865, 4.057673477653932, 3.9003753597171746, 4.276568878635713, 4.033541700272482, 3.949578574780776, 3.9186899476330677, 4.105214566760708, 4.05873180784189, 4.006427226632097, 4.240091662463214, 3.5868725817499416, 3.8146829590562175, 3.9772045973984445, 3.852894639221509, 4.1379518673979545, 4.255026397739435, 3.9281445060816593, 4.063490878504437, 4.377793068508312, 3.7887151862146964, 3.827587760173652, 3.7700697580580416, 4.002279653086794, 3.5879409709477255, 3.806738869349164, 4.040557597287479, 4.557489187294655, 3.83034253911346, 4.216324999959818, 4.055013747535112, 3.8130573874999802, 4.031971513645384, 4.208756938171233, 3.8672244301809577, 4.060157281564261, 4.06839999686858, 3.976626560877485, 4.0660472142304265, 3.9600857533019447, 4.038749362551237, 4.354136674059061, 3.932451021848289, 3.81867857362363, 3.917883742245484, 4.177408553472797, 4.316635889583334, 4.009432358764289, 3.724189288286769, 3.863466483664197, 3.791964851889462, 3.9296808661434754, 4.0677469007333755, 3.6056804668186673, 4.02979218451546, 3.8321451723450433, 3.9278493025670476, 3.4401493021427383, 4.072948045964246, 3.847724194445333, 3.9070478555966406, 4.015648821520232, 3.8739680864588264, 4.032079186012878, 4.308379052808974, 3.992665666351728, 4.245912556506552, 4.023833756919146, 3.83867087451376, 3.876099882980733, 4.058200822585928, 3.855198764729282, 4.1086560712466875, 3.7998817431502716, 4.06900258133617, 4.228839841275572, 3.8673870124894796, 3.6963640296147395, 4.222128001965327, 4.1939373542397025, 4.084870945405805, 3.9312022932955735, 4.1597902441449435, 3.9021583509033424, 3.882656650671416, 3.682592543952248, 3.9729492897917926, 3.712091477926678, 4.184268057086415, 4.158215661726424, 3.955747465739425, 4.1586227539747505, 3.8062316108216105, 3.9520513611752697, 3.875466509984461, 4.304688802840007, 3.9659794758465616, 3.876897268972095, 4.127888157218995, 4.279197808962364, 3.8518033294664575, 3.9492753331268564, 4.139830936602935, 3.856327660314131, 4.145981713778119, 4.2651551236069825, 4.094373840559074, 4.004074108899849, 3.6967134192640176],