{"timestamp": 10000, "trip_avg_length": [7.416949152542373, 7.270440251572327, 7.311111111111111, 7.505190311418685, 7.545762711864406, 7.340136054421769, 7.534965034965035, 7.143859649122807, 7.1381578947368425, 7.609836065573771, 7.255172413793104, 7.201342281879195, 7.439862542955327, 7.4840989399293285, 7.235474006116208, 7.365079365079365, 7.967532467532467, 7.292358803986711, 7.712837837837838, 7.613013698630137, 7.227118644067796, 7.16, 7.171232876712328, 7.447811447811448, 7.641447368421052, 7.3344370860927155, 7.4280936454849495, 7.240802675585284, 6.7324414715719065, 7.300699300699301, 7.409240924092409, 7.168350168350169, 7.201365187713311, 7.533112582781457, 7.710963455149502, 7.323432343234323, 7.009404388714733, 7.437086092715232, 7.613114754098361, 7.526666666666666, 7.1716171617161715, 7.234323432343234, 7.32890365448505, 7.483552631578948, 7.547231270358306, 7.537162162162162, 7.372822299651568, 7.413114754098361, 7.323529411764706, 7.473333333333334, 6.9630872483221475, 7.6112956810631225, 7.233676975945017, 7.258278145695364, 7.09, 7.333333333333333, 7.381107491856677, 6.9361702127659575, 7.181208053691275, 7.209621993127148, 7.155709342560554, 7.333333333333333, 7.305555555555555, 7.3344370860927155, 7.100323624595469, 7.110344827586207, 7.299651567944251, 7.1978798586572434, 7.475, 7.382059800664452, 7.234113712374582, 7.465753424657534, 7.428057553956834, 7.496710526315789, 7.261744966442953, 7.734006734006734, 7.428571428571429, 7.6547231270358305, 7.4072847682119205, 7.660194174757281, 7.8108108108108105, 7.723549488054608, 7.169329073482428, 7.402061855670103, 7.942028985507246, 7.173770491803278, 7.371335504885994, 7.114093959731544, 7.19811320754717, 7.277777777777778, 7.564912280701755, 7.353135313531353, 6.956081081081081, 7.375438596491228, 7.5198675496688745, 7.385852090032154, 7.197986577181208, 7.064102564102564, 7.896551724137931, 7.738983050847458, 7.62, 8.056338028169014, 7.071917808219178, 7.336569579288026, 7.518394648829432, 7.442105263157894, 6.990291262135922, 7.455479452054795, 7.556666666666667, 7.4185303514377, 7.566343042071197, 7.308474576271187, 7.611650485436893, 7.003412969283277, 6.961414790996785, 7.397435897435898, 7.376271186440678, 7.359872611464968, 7.123333333333333, 7.268041237113402, 7.621428571428571, 7.696666666666666, 7.762541806020067, 7.382636655948553, 7.442953020134228, 7.303448275862069, 7.484641638225256, 7.525974025974026, 7.173469387755102, 7.417218543046357, 6.990228013029316, 7.585964912280701, 7.212328767123288, 7.429530201342282, 7.078175895765472, 7.392857142857143, 7.4635761589403975, 7.214983713355049, 7.633333333333334, 7.570957095709571, 7.636065573770492, 7.5583038869257955, 7.1033333333333335, 7.521172638436482, 7.351351351351352, 7.394736842105263, 7.473015873015873, 6.993630573248407, 7.687296416938111, 7.238255033557047, 7.3061224489795915, 7.60655737704918, 7.244299674267101, 7.844594594594595, 7.462540716612378, 7.425170068027211, 7.425249169435216, 7.31715210355987, 7.1637010676156585, 8.155115511551156, 7.483333333333333, 7.405498281786942, 7.52037617554859, 7.394736842105263, 7.188311688311688, 7.084967320261438, 7.312292358803987, 7.234920634920635, 7.463917525773196, 7.131661442006269, 7.365771812080537, 7.3830508474576275, 7.285223367697594, 7.006329113924051, 7.579661016949153, 7.372168284789644, 7.23859649122807, 7.527687296416938, 7.415873015873016, 7.5811688311688314, 7.368243243243243, 7.814685314685315, 7.13915857605178, 7.623728813559322, 7.720538720538721, 7.124600638977636, 7.406779661016949, 7.262295081967213, 7.030821917808219, 7.242424242424242, 7.5344827586206895, 7.357377049180328, 7.301369863013699, 7.079113924050633, 7.372881355932203, 7.438538205980066, 7.490445859872612, 7.162866449511401, 7.14625850340136, 7.55], "trip_std_length": [4.07543914831909, 3.7928856517412757, 3.9591209185842993, 3.852937680525074, 3.8677862119024207, 3.8234802656785627, 4.104044717194915, 3.7859860494019975, 3.628377450381599, 4.179014901492455, 3.707921269753078, 3.99072728190587, 4.040898131983077, 4.182530742350329, 4.1156330964375964, 3.9605258080513583, 3.8728472548417745, 4.082322487814444, 4.121708849320667, 4.25443787151159, 3.6451886333033934, 3.7851992461868282, 3.6776995285749985, 3.820660244668297, 3.9710787358320263, 3.879484951778387, 4.0889785844560524, 3.9506412025006585, 3.9071991344191637, 3.7687247477449515, 4.111183381550993, 3.902680806839797, 3.697208362007568, 3.9530225145539144, 3.7041118485683366, 4.21309589232168, 3.7311582185049175, 4.311660086462906, 3.9581199134344804, 4.00449192227373, 3.876422727253252, 3.9100290091618537, 3.708855586495875, 3.8856677282802163, 4.0040960894745385, 3.9488243273533996, 3.7644532222487825, 3.9546393344425255, 3.951904723287924, 3.9322540892244264, 3.668564977261236, 4.245584610705467, 3.856582700067455, 4.023875065798083, 3.986882658585945, 3.847477135478625, 3.9518314821566047, 3.8660419511679813, 3.9697745464953362, 4.092660876860809, 3.9643712023100344, 4.17147091451484, 4.177116525683214, 4.199977079054705, 3.7999701785738127, 3.7611759741708632, 3.94572496801214, 3.9344984674686367, 4.019517117408863, 4.008737600862653, 3.9738324846213686, 4.075762612163207, 3.9675215389655, 4.165963554480238, 3.5829498797775767, 3.994940626936684, 4.001700318886569, 4.2569738343420624, 3.8295228090973854, 4.18477761850513, 4.056778363916025, 4.0274686146623395, 3.7807421719741576, 3.731522064404293, 4.165538599658729, 3.846987394429537, 4.133626209895713, 3.4738335425153077, 4.117197735685186, 3.9859901259223682, 3.933682317022143, 3.9456767172777605, 3.7490670254069114, 4.047450169898149, 4.008839898705146, 3.803745720821683, 3.744041705847017, 3.9624511437245107, 4.194781878232205, 3.9008481020115306, 4.060656761329789, 3.932125984626687, 3.9894937906422765, 4.199320627652985, 4.124585244956699, 3.94537025449577, 3.882985403439177, 4.03343102903919, 3.8479590549912155, 3.996073361811136, 3.7700445808003136, 4.152568661279639, 3.9427119517912415, 4.109838602010525, 3.8281143837013074, 3.7650203240836104, 3.8042054776639525, 4.104655735854934, 4.042456623831053, 3.7768933867210084, 3.955047150058223, 4.069150880575564, 4.251358416873421, 3.718151460439999, 3.8562814622267525, 3.9971095382936053, 4.138053196521568, 3.8758292819346383, 4.229051236141084, 4.1953263430184276, 3.795664715441703, 4.478856315344989, 3.9607818933867933, 4.157559676523355, 3.89023825438765, 3.58996811371827, 4.164299285064721, 3.6916187647113934, 4.214129671579754, 3.71164629590186, 4.19859589280868, 4.089885820874964, 3.754906419902129, 3.8728203401570385, 3.9066209648542456, 4.02812137017409, 4.32509129545652, 3.8795508560161447, 3.9689267233837624, 3.87041952385818, 3.9315784939886425, 4.05567276675155, 3.862741732916093, 4.130821588716779, 3.788513076363256, 4.058188053454314, 3.8448170689119032, 3.8896256897021235, 3.730450704496996, 4.368998786815847, 3.8819740110183916, 3.9420855517631437, 3.7930879037998544, 4.167003679814793, 4.02148367096491, 3.991736091611747, 3.8018375161550417, 4.067141218609686, 4.075056609570581, 3.7577381892797677, 4.0974418572364915, 3.7650107498607595, 4.010007438647795, 3.4190398301333746, 4.128396071403352, 3.7701779237667585, 3.6848554155722173, 3.937837274932159, 3.8373770121114474, 3.9200495206340586, 4.014694918942668, 3.9058761190821847, 4.193930034012661, 4.04685854238212, 3.963556506618854, 3.9185560745662884, 3.869562424645763, 3.789985247362015, 4.072427586555566, 3.8823373910568573, 4.581881548617861, 4.211633342921837, 4.0449018529734015, 4.053839464599311, 3.7529572749976094, 4.296376034822075, 3.6339128678526786, 3.5329333197923676, 4.070263360561876, 3.9665116016109523],