{"timestamp": 10000, "avg_req_length": [7.062101910828026, 7.33112582781457, 7.5536626916524705, 7.443697478991597, 7.608247422680412, 7.590753424657534, 7.621342512908778, 7.541737649063032, 7.535836177474403, 7.514431239388794, 7.39799331103679, 7.407035175879397, 7.299835255354201, 7.564102564102564, 7.286184210526316, 7.678819444444445, 7.252459016393443, 7.503389830508475, 7.369384359400998, 7.637931034482759, 7.477157360406092, 7.055821371610845, 7.431932773109244, 7.501694915254237, 7.183441558441558, 7.392320534223706, 7.538330494037479, 7.447811447811448, 7.572649572649572, 7.324503311258278, 7.562393162393162, 7.374376039933444, 7.123993558776167, 7.4873096446700504, 7.427852348993288, 6.865116279069768, 7.414715719063545, 7.491554054054054, 6.95141065830721, 7.4873096446700504, 7.406354515050167, 7.396321070234114, 7.096153846153846, 7.3777038269550745, 7.415410385259632, 7.467116357504215, 7.565811965811966, 7.466216216216216, 7.221859706362153, 7.3610648918469215, 7.372712146422629, 7.541737649063032, 7.543441226575809, 7.2369281045751634, 7.7452006980802794, 7.652849740932642, 7.140096618357488, 7.138486312399356, 7.183144246353322, 7.473861720067454, 7.516129032258065, 7.473773265651438, 7.413735343383585, 7.188311688311688, 7.195121951219512, 7.50253807106599, 7.540034071550256, 7.2254901960784315, 7.484797297297297, 7.130225080385852, 7.5212224108658745, 7.0912, 7.571183533447685, 7.233660130718954, 7.700869565217391, 7.662629757785467, 7.385642737896494, 7.298679867986799, 7.438655462184874, 7.284539473684211, 7.419463087248322, 7.672443674176776, 7.332781456953643, 7.195121951219512, 7.357142857142857, 7.3014827018121915, 7.416107382550336, 7.438655462184874, 7.540034071550256, 7.551194539249146, 7.481418918918919, 7.219869706840391, 7.438655462184874, 7.23202614379085, 7.306930693069307, 7.185064935064935, 7.33112582781457, 7.28171334431631, 7.033333333333333, 7.438655462184874, 7.321192052980132, 7.407035175879397, 7.431208053691275, 7.495769881556684, 7.45362563237774, 7.296052631578948, 7.376666666666667, 7.472175379426644, 7.310743801652893, 7.5067796610169495, 7.4120603015075375, 7.81625441696113, 7.564846416382252, 7.424496644295302, 7.849290780141844, 7.230016313213703, 7.600343053173241, 7.690972222222222, 7.329470198675497, 7.387312186978297, 7.322847682119205, 7.357737104825291, 7.441077441077441, 7.410385259631491, 7.306930693069307, 7.230392156862745, 7.01743264659271, 7.284539473684211, 7.1373182552504035, 7.158833063209076, 7.257377049180328, 7.425460636515913, 7.198373983739837, 7.6116838487972505, 7.431208053691275, 7.332231404958677, 7.466216216216216, 7.267651888341543, 7.270935960591133, 7.44949494949495, 7.270935960591133, 7.589041095890411, 7.359400998336106, 7.274671052631579, 7.378333333333333, 7.29489291598023, 7.112359550561798, 7.31404958677686, 7.413043478260869, 7.639655172413793, 7.29324546952224, 7.641379310344828, 7.367720465890183, 7.383333333333334, 7.3416252072968495, 7.600343053173241, 7.586620926243568, 7.436974789915967, 7.425925925925926, 7.284539473684211, 7.710801393728223, 7.306930693069307, 7.324503311258278, 7.52891156462585, 7.505942275042445, 7.317355371900827, 7.6875, 7.485617597292724, 7.422818791946309, 7.5536626916524705, 7.39799331103679, 7.241830065359477, 7.176661264181523, 7.29324546952224, 7.486486486486487, 7.520408163265306, 7.463743676222597, 7.366056572379367, 7.390651085141903, 7.432885906040268, 7.404682274247492, 7.218597063621534, 7.3610648918469215, 7.778558875219684, 7.213355048859935, 7.578767123287672, 7.422110552763819, 7.29489291598023, 7.31900826446281, 7.322314049586777, 7.339966832504146, 7.40133779264214, 7.3206611570247935, 7.102728731942215, 7.4932203389830505, 7.143780290791599, 7.348258706467662, 7.1336553945249594, 7.4487394957983195, 7.512733446519524], "std_req_length": [3.947622445283477, 4.028823064966135, 3.6845502813084994, 4.049455584437219, 3.846871449961348, 4.245704934549196, 3.8443680676615304, 4.118708599065605, 4.0739217757927335, 4.031103042509544, 3.89392752352733, 4.006295391955875, 3.965134288197035, 4.173142896008504, 4.034433198012377, 4.161993545520613, 3.9631750211566916, 4.1834000486059475, 3.805591094830501, 4.144369990231738, 3.9100377624129017, 3.882863478292587, 4.129010559100233, 4.055441689477708, 3.7827082443890645, 4.138020438084583, 3.931675318143449, 4.1056916548187194, 4.096519763939382, 3.884592879491107, 3.810909362633761, 4.095930651901102, 3.7242843439182574, 4.026489030480577, 4.119013380230918, 3.840475002170061, 3.889173399996182, 4.0657513538585315, 3.8444467400805373, 3.9965414028882575, 4.130046493062057, 4.000224054417785, 4.026401406221648, 4.102525749209923, 4.1715672804477855, 3.984711247390221, 3.928357617564973, 3.84745535516753, 3.955261034757963, 3.924124141807295, 3.9992745763168425, 4.033025383478073, 3.9618371679933917, 3.961135834505832, 3.988814925008191, 4.090771195926535, 3.9446271157680206, 3.957928950029819, 4.185779874852055, 4.013015262270075, 3.930874865187334, 4.087731528004039, 4.039753746865891, 3.7133830980280673, 3.962955570662709, 3.9278058165869845, 3.8608261024095563, 3.937602027507105, 3.8912286966615603, 3.7921164984429545, 4.0082649587316315, 3.825347377690031, 3.9209154345039883, 3.73501069665091, 4.066522831548903, 4.041568780248737, 4.086689278786121, 3.8935800048221862, 3.83493690291782, 4.039642105502304, 3.866725681627751, 4.0347476570213825, 3.9412302948453988, 3.8213319445785334, 3.8824535615165705, 3.8235007001309365, 4.193076221968077, 4.094372223736355, 4.156194285137157, 4.010430973543093, 3.8255443898301573, 3.898825846298647, 4.135623254700929, 3.858835097933312, 4.051424980761029, 4.013148559350849, 3.894676030367398, 3.8737972078374994, 3.8603190920004904, 4.099705036401446, 3.8827366137973196, 4.078396417769023, 4.145058416821326, 4.0457910749952, 3.826105127501782, 3.7711488124510506, 4.034615498684134, 4.078031237657809, 4.007344531053046, 3.8903341500324053, 3.927021274473322, 4.320403245511146, 4.006827755521679, 3.9475594254898776, 4.0968310094147435, 3.757877576808316, 4.021358058794504, 4.026171554730037, 4.068013539357588, 4.0341082455229245, 3.9700961466802487, 4.037281857402423, 3.9064045035707746, 4.02097840777125, 3.811765460503783, 3.883203882779348, 3.814396002453085, 4.123060682694189, 3.940045010178869, 3.8434592316249305, 3.8390982127762916, 3.8788031530411295, 3.903260753593419, 4.195857994787187, 3.939172470032249, 4.021064676989714, 3.926117572933061, 3.9652374394313217, 3.8087048267503096, 4.1477316928777395, 3.9095469789303996, 4.059356236289894, 3.8296438503553727, 3.964714833072248, 4.0301195874178335, 3.7763274978132646, 3.84576956534009, 3.966456581852746, 4.066540660635023, 4.0615284898911375, 4.2561714677018685, 4.202504773746847, 3.9568668122788253, 3.7973309339880057, 3.7242482757460946, 4.1885001289243045, 4.3075138076141775, 3.8841168825548547, 3.947731040942051, 3.7857451360708283, 4.048915420517792, 4.140859529380492, 4.031415817677724, 3.9753724215648485, 4.0571530665180475, 3.9255610260927774, 3.9064027747902403, 4.0582951230220825, 4.176767331681591, 4.153990635893213, 4.041854104487438, 3.987359346655065, 3.941991023436773, 3.908298590039471, 3.8633525674766203, 4.120373121858592, 4.018395829250471, 3.9026139015647474, 4.042468139378608, 4.034730814487111, 4.1210908079712745, 3.8143517070807045, 4.029972753851741, 4.1492579678954105, 3.837720059919057, 4.07766567831702, 4.062251799546708, 3.845066624179801, 3.839643450423227, 3.981807546754286, 4.080716858815208, 4.025354204437221, 3.9854677619922674, 3.8610341683760185, 4.062535085920131, 3.8636292451075476, 3.950536977091362, 3.825481688435831, 4.002349426541561, 4.123960896884709],