{"timestamp": 10000, "trip_avg_length": [7.327044025157233, 7.638036809815951, 7.42436974789916, 7.5, 7.8, 7.01002004008016, 7.8742004264392325, 7.434077079107505, 7.427385892116183, 7.527835051546392, 7.224532224532225, 7.075664621676892, 7.386221294363256, 7.2866108786610875, 7.433264887063655, 7.4235537190082646, 7.35625, 7.128048780487805, 7.557575757575758, 7.332644628099174, 7.18724279835391, 7.380952380952381, 7.2413087934560325, 7.415637860082304, 7.308641975308642, 7.405857740585774, 7.3215031315240084, 7.555323590814196, 7.148760330578512, 7.359504132231405, 7.374245472837022, 7.817796610169491], "trip_std_length": [3.897260536567409, 4.077202947603375, 3.9979714685433274, 4.0806420259883485, 4.123307733685016, 3.8750395692076554, 4.211765889583196, 3.913648947377409, 4.259711507730961, 4.061098888106219, 3.843549154548623, 3.927304765075818, 3.9542131703463186, 3.9599813800815973, 3.7949445212766815, 4.040132220957224, 4.000021158798205, 3.867976962992198, 4.028210894669935, 4.087231734790199, 3.9508192892456235, 4.0600831111404645, 3.998344637628417, 4.099593764945371, 3.9403222340352206, 3.7615272198652723, 4.257006632015213, 4.011539702228325, 4.132438011363894, 3.9998569915013547, 4.089145060776526, 4.0704418482504465], "trip_avg_price": [359815.0, 394447.0, 365314.0, 383475.0, 394649.0, 360222.0, 388502.0, 383628.0, 371715.0, 381655.0, 357982.0, 354928.0, 365822.0, 358682.0, 377328.0, 374440.0, 364894.0, 361443.0, 394496.0, 368661.0, 359548.0, 369615.0, 366509.0, 375661.0, 367834.0, 366128.0, 361534.0, 377595.0, 354954.0, 369208.0, 383654.0, 387128.0], "trip_std_price": [0.0, 0.0, 0.0, 0.0, 0.0, 0.0, 0.0, 0.0, 0.0, 0.0, 0.0, 0.0, 0.0, 0.0, 0.0, 0.0, 0.0, 0.0, 0.0, 0.0, 0.0, 0.0, 0.0, 0.0, 0.0, 0.0, 0.0, 0.0, 0.0, 0.0, 0.0, 0.0], "trip_num_completed": [477, 489, 476, 488, 480, 499, 469, 493, 482, 485, 481, 489, 479, 478, 487, 484, 480, 492, 495, 484, 486, 483, 489, 486, 486, 478, 479, 479, 484, 484, 497, 472], "ratio_serving": [0.3495, 0.3742, 0.3534, 0.3664, 0.3744, 0.3498, 0.37, 0.3665, 0.358, 0.3651, 0.3482, 0.346, 0.3538, 0.3487, 0.362, 0.3599, 0.3531, 0.3507, 0.3743, 0.3558, 0.3493, 0.3565, 0.3543, 0.3608, 0.3552, 0.354, 0.3507, 0.3622, 0.346, 0.3562, 0.3665, 0.369], "ratio_cruising": [0.0, 0.0, 0.0, 0.0, 0.0, 0.0, 0.0, 0.0, 0.0, 0.0, 0.0, 0.0, 0.0, 0.0, 0.0, 0.0, 0.0, 0.0, 0.0, 0.0, 0.0, 0.0, 0.0, 0.0, 0.0, 0.0, 0.0, 0.0, 0.0, 0.0, 0.0, 0.0], "ratio_online": [0.9995, 0.9991, 0.9992, 0.9995, 0.9997, 0.9996, 0.9996, 0.9994, 0.9995, 0.9995, 0.9996, 0.9994, 0.9996, 0.9996, 0.9994, 0.999, 0.9992, 0.9999, 0.9998, 0.9993, 0.9994, 0.9995, 0.9997, 0.9993, 0.9992, 0.9994, 0.9992, 0.9995, 0.9992, 0.9994, 0.9992, 0.9994], "ratio_waiting": [0.0005, 0.0009, 0.0008, 0.0005, 0.0003, 0.0004, 0.0004, 0.0006, 0.0005, 0.0005, 0.0004, 0.0006, 0.0004, 0.0004, 0.0006, 0.001, 0.0008, 0.0001, 0.0002, 0.0007, 0.0006, 0.0005, 0.0003, 0.0007, 0.0008, 0.0006, 0.0008, 0.0005, 0.0008, 0.0006, 0.0008, 0.0006], "ratio_to_request": [0.65, 0.6249, 0.6458, 0.6331, 0.6253, 0.6498, 0.6296, 0.6329, 0.6415, 0.6344, 0.6514, 0.6534, 0.6458, 0.6509, 0.6374, 0.6391, 0.6461, 0.6492, 0.6255, 0.6435, 0.6501, 0.643, 0.6454, 0.6385, 0.644, 0.6454, 0.6485, 0.6373, 0.6532, 0.6432, 0.6327, 0.6304]}