{"timestamp": 10000, "trip_avg_length": [10.445887445887445, 10.63495575221239, 10.756207674943566, 10.210412147505423, 11.6378896882494, 10.799554565701559, 10.531590413943356, 10.62363238512035, 10.57847533632287, 11.1651376146789, 10.713333333333333, 10.340659340659341, 10.954128440366972, 10.058189655172415, 10.360262008733624, 10.274725274725276, 10.52783964365256, 11.018518518518519, 10.090308370044053, 10.986425339366516, 10.537946428571429, 10.471111111111112, 10.18995633187773, 10.254901960784315, 10.537078651685393, 10.699331848552339, 10.181425485961123, 10.605726872246697, 10.871621621621621, 11.41958041958042, 10.662280701754385, 10.90293453724605], "trip_std_length": [5.4910685423011545, 5.645651411954051, 5.757254806717091, 5.5473880472558665, 6.283532843474724, 5.771823099777876, 5.70790300634504, 5.476279617305547, 5.526688886854614, 5.409410355473713, 5.504749464477622, 5.746321862712294, 5.758337108812963, 5.53465354165009, 5.490276591325372, 5.443952051177071, 5.708178402789461, 5.705311822363244, 5.487128983941029, 5.6528370629101286, 5.555192814962935, 5.5709812509795285, 5.470539158807789, 5.4049877051465, 5.367952804228131, 5.701640798411293, 5.371060816662153, 5.521768118100473, 6.036988545928893, 5.879615039900611, 5.494014132638137, 5.367493957937088], "trip_avg_price": [546155, 543495, 537882, 529482, 550472, 549401, 548297, 550267, 531204, 552152, 545598, 529726, 539526, 525526, 534958, 525041, 532614, 536889, 512809, 550368, 532438, 531227, 523986, 530221, 527027, 543166, 530501, 544602, 546920, 556492, 551322, 546845], "trip_num_completed": [0, 0, 0, 0, 0, 0, 0, 0, 0, 0, 0, 0, 0, 0, 0, 0, 0, 0, 0, 0, 0, 0, 0, 0, 0, 0, 0, 0, 0, 0, 0, 0], "ratio_serving": [0.4826, 0.4807, 0.4767, 0.4707, 0.4856, 0.4849, 0.484, 0.4855, 0.4718, 0.4868, 0.4821, 0.4708, 0.4778, 0.4678, 0.4745, 0.4675, 0.4729, 0.476, 0.4588, 0.4856, 0.4727, 0.4719, 0.4667, 0.4712, 0.4689, 0.4804, 0.4714, 0.4815, 0.4831, 0.4899, 0.4863, 0.483], "ratio_cruising": [0.0, 0.0, 0.0001, 0.0, 0.0, 0.0, 0.0, 0.0, 0.0, 0.0, 0.0, 0.0, 0.0, 0.0, 0.0, 0.0, 0.0, 0.0, 0.0002, 0.0, 0.0, 0.0, 0.0, 0.0, 0.0, 0.0, 0.0, 0.0, 0.0, 0.0, 0.0, 0.0], "ratio_online": [0.9995, 0.9995, 0.9995, 0.9996, 0.9986, 0.9993, 0.9981, 0.9991, 0.9982, 0.9986, 0.9984, 0.9988, 0.9988, 0.9988, 0.9984, 0.9993, 0.9992, 0.9997, 0.9995, 0.9994, 0.9984, 0.9991, 0.9988, 0.9993, 0.9991, 0.9988, 0.9993, 0.9996, 0.999, 0.9986, 0.9996, 0.9985], "ratio_waiting": [0.0005, 0.0005, 0.0004, 0.0004, 0.0014, 0.0007, 0.0019, 0.0009, 0.0018, 0.0014, 0.0016, 0.0012, 0.0012, 0.0012, 0.0016, 0.0007, 0.0008, 0.0003, 0.0003, 0.0006, 0.0016, 0.0009, 0.0012, 0.0007, 0.0009, 0.0012, 0.0007, 0.0004, 0.001, 0.0014, 0.0004, 0.0015], "ratio_to_request": [0.5169, 0.5188, 0.5228, 0.5289, 0.513, 0.5144, 0.5141, 0.5136, 0.5264, 0.5118, 0.5163, 0.528, 0.521, 0.531, 0.5239, 0.5318, 0.5263, 0.5237, 0.5407, 0.5138, 0.5257, 0.5272, 0.5321, 0.5281, 0.5302, 0.5184, 0.5279, 0.5181, 0.5159, 0.5087, 0.5133, 0.5155]}