{"timestamp": 10000, "trip_avg_length": [10.657407407407407, 10.797794117647058, 10.525547445255475, 10.615808823529411, 10.358834244080146, 10.597069597069597, 10.868274582560296, 10.824953445065177, 10.92843691148776, 10.31115107913669, 10.415300546448087, 10.389799635701275, 10.427272727272728, 10.719266055045871, 10.49084249084249, 10.354430379746836, 10.371376811594203, 10.514336917562725, 10.367088607594937, 11.435203094777563, 10.361467889908257, 10.983018867924528, 10.29136690647482, 10.842105263157896, 10.458029197080291, 10.888682745825603, 10.928971962616822, 10.765917602996256, 10.591911764705882, 11.022770398481974, 10.521897810218977, 11.08695652173913, 10.761638733705773, 10.63119266055046, 10.725598526703498, 10.683241252302025, 10.658040665434381, 10.47463768115942, 10.960377358490566, 10.788104089219331, 10.943609022556391, 10.696132596685082, 10.960820895522389, 10.79742173112339, 10.71799628942486, 10.420289855072463, 10.821892393320965, 10.377938517179023, 10.508287292817679, 10.566176470588236, 10.825187969924812, 10.879924953095685, 10.992452830188679, 10.50909090909091, 10.593406593406593, 10.628676470588236, 10.458866544789762, 10.878048780487806, 11.14366729678639, 10.326714801444043, 10.87546468401487, 10.67403314917127, 10.895131086142323, 10.690298507462687, 10.973584905660378, 10.125673249551166, 10.98876404494382, 11.034090909090908, 10.866791744840524, 10.643382352941176, 10.481751824817518, 10.570902394106813, 10.289048473967684, 10.644981412639405, 10.185714285714285, 10.46788990825688, 10.737523105360443, 10.627777777777778, 10.956439393939394, 10.64935064935065, 10.399274047186934, 10.655737704918034, 10.452079566003617, 10.865420560747664, 10.816326530612244, 10.851782363977486, 10.742115027829314, 11.035714285714286, 10.872897196261682, 10.458483754512635, 10.4010889292196, 10.564663023679417, 10.807407407407407, 10.884543761638733, 11.16952380952381, 10.654981549815497, 10.803703703703704, 10.65137614678899, 10.893854748603353, 10.693726937269373, 10.496336996336996, 10.302702702702703, 10.684403669724771, 10.6636197440585, 10.74074074074074, 10.472924187725631, 10.701851851851853, 11.054924242424242, 11.349904397705545, 10.36413043478261, 10.767225325884544, 10.664206642066421, 10.737523105360443, 10.605893186003684, 10.329749103942651, 10.588235294117647, 11.06616257088847, 10.83177570093458, 10.777153558052435, 10.568058076225045, 10.674074074074074, 10.889305816135085, 10.779850746268657, 10.641544117647058, 10.895131086142323, 10.4408014571949, 10.425225225225224, 10.83457249070632, 10.749536178107606, 10.20855614973262, 11.069548872180452, 10.62087912087912, 10.920754716981133, 10.722532588454376, 10.486437613019891, 11.041745730550284, 10.936329588014981, 10.50455373406193, 10.642201834862385, 10.907894736842104, 10.597449908925318, 10.471014492753623, 10.806691449814126, 10.646408839779005, 10.66914498141264, 10.215686274509803, 10.687615526802219, 10.599264705882353, 10.850746268656716, 10.94589552238806, 10.51743119266055, 10.707948243992606, 10.952919020715632, 10.021543985637344, 10.479779411764707, 10.41834862385321, 10.953095684803001, 10.699815837937384, 10.681481481481482, 10.0550621669627, 10.229241877256317, 10.603703703703705, 10.711151736745887, 10.44909090909091, 10.807050092764378, 10.82122905027933, 10.730129390018485, 10.637037037037038, 10.878504672897197, 10.762962962962963, 10.937853107344633, 10.922077922077921, 10.636029411764707, 10.230072463768115, 10.928971962616822, 10.875, 10.812382739212007, 10.761111111111111, 10.734432234432234, 10.50274223034735, 10.745353159851302, 10.853932584269662, 10.781076066790353, 10.720073664825046, 10.423357664233576, 10.306306306306306, 11.132075471698114, 10.895131086142323, 10.957009345794393, 10.851301115241636, 10.876404494382022, 10.397830018083182, 10.624309392265193, 10.846296296296297, 10.604779411764707, 10.766233766233766, 10.348375451263538, 10.715341959334566, 11.224952741020793, 10.676470588235293], "trip_std_length": [5.610443365719427, 5.7643295476649365, 5.508891673832979, 5.573820114547464, 5.385048053546922, 5.863426611847281, 5.90079512508932, 5.661057409540045, 5.707773897719562, 5.594699904404218, 5.258233456294255, 5.5670417853977145, 5.465360490329635, 5.426074950604874, 5.726753328528615, 5.118581482543295, 5.402439692039973, 5.364055550032478, 5.584543544925457, 5.996949466892511, 5.667837933120962, 5.346281933182907, 5.835083448502784, 5.629329886084424, 5.313533655822299, 5.744937428471195, 5.912334791049717, 5.806450581272633, 5.455603637640666, 6.028982303756571, 5.811004100935577, 5.8101664370708885, 5.799487834240648, 5.761127203156975, 5.865294841150427, 5.588978481828539, 5.561575582802608, 5.426325545587555, 5.8490715155013815, 5.694490239003157, 5.706200998221062, 5.829508645406991, 5.693701881656197, 5.7002659610374975, 5.362401823206634, 5.818899236262915, 5.5760722688649285, 5.391710677733573, 5.806853242544214, 5.705005807444527, 5.86610348335667, 5.911529612405358, 5.770773763775589, 5.561794109728287, 5.797835939549734, 5.598547712002105, 5.659733732094146, 5.772918786428026, 5.385881088118984, 5.67626393325411, 5.5131906936199355, 5.601450724251029, 5.7171349227029316, 5.366526565067936, 5.86702171056363, 5.313713648047812, 5.790333638138171, 5.626537898122456, 5.590386785929224, 5.555670158732406, 5.534367989924245, 5.214200093120636, 5.238728722487151, 5.7531616408567485, 5.214109586066465, 5.371977592463958, 5.530077108854161, 5.649022093892353, 5.556186510026971, 5.748392898380449, 5.590723407639114, 5.686390365139664, 5.696828232806677, 5.761345617805058, 5.885552942961108, 5.4403279765995975, 5.77518747157632, 6.0446834635079485, 5.736480572900353, 5.564447667595046, 5.852444437350353, 5.500613388988292, 5.623029757064604, 5.766861232854263, 5.685053483176387, 5.745603412958067, 5.513819774421458, 5.6946395956696545, 5.643167903434278, 5.488525210670656, 5.335020224409499, 5.419541875180921, 5.727083160311552, 5.56630402173223, 5.455154494825446, 5.785593626862426, 5.589507059056041, 5.733244228898695, 5.852385484641378, 5.56838412648483, 5.636721706235686, 5.638377591236516, 5.580651861195223, 5.433282119396995, 5.499319958752696, 5.547549257840447, 5.668318799711128, 5.848054203611789, 5.592678680124271, 5.578868254589976, 5.666117136268931, 5.618327861640463, 5.51457065690178, 5.6270586270423095, 5.909132039666839, 5.333559771039854, 5.620690036001375, 5.378305061790555, 5.606315578651414, 5.3482299086649325, 5.417603355015312, 5.558632196965289, 5.755501338442844, 5.741751002347658, 5.247258525088093, 5.699142981932979, 5.851123520587263, 5.622495575350485, 5.667099537706379, 5.59781221397294, 5.348686308567222, 5.5396358758921265, 5.644666514260443, 5.4482515311147175, 5.665244559877209, 5.412881901785914, 5.308627760077354, 5.827583955076084, 5.502723155824783, 5.973422318741548, 5.437228854978641, 5.53160233937186, 5.5655354200052605, 5.297562440745261, 5.6170331774030595, 5.732030799766395, 5.784729102729886, 5.7080715655457475, 5.7740182450440445, 5.647315505675844, 5.797404853497659, 5.813329605088094, 5.5932124532651075, 5.311749334422281, 5.564920142823839, 5.741293787584572, 5.383722796334187, 5.543908779388764, 5.473658723383439, 5.598885348600773, 5.850772825888485, 5.693261204309518, 5.6995765167004455, 5.328991801263857, 5.600617611900309, 5.656627502451663, 5.776519442895402, 5.527403672432898, 5.860792410698852, 5.592294562745816, 5.852923741609167, 5.7794364157627545, 5.500238985511347, 5.870212472279996, 5.612775609264948, 5.555928240076464, 5.9868968112258525, 5.815214344004144, 5.714060574779472, 5.741666676611831, 5.665759350687681, 5.430554072421444, 5.7915540073077, 5.902956351692454, 5.712156086559888, 5.631963091539468, 5.67115755792078, 5.646742253799592, 5.813131381049558, 5.716503910172484],