{"timestamp": 9168, "trip_avg_length": [10.163934426229508, 9.67716535433071, 10.066801619433198, 9.874747474747474, 9.883333333333333, 10.051546391752577, 10.498956158663884, 9.829218106995885, 10.316666666666666, 10.487394957983193, 9.876, 9.945121951219512, 9.930555555555555, 10.071428571428571, 9.898580121703853, 9.94059405940594, 10.561181434599156, 10.188524590163935, 10.389830508474576, 10.360416666666667, 9.90543259557344, 9.919028340080972, 10.09274193548387, 10.034907597535934, 9.949186991869919, 9.720321931589536, 10.237006237006238, 10.31578947368421, 10.0, 10.258403361344538, 10.289583333333333, 10.161825726141078, 10.238993710691824, 9.923553719008265, 10.188911704312115, 10.756465517241379, 10.144897959183673, 9.707269155206287, 10.024193548387096, 10.22633744855967, 10.138716356107661, 10.05327868852459, 9.698795180722891, 10.282786885245901, 9.924643584521386, 9.611881188118812, 10.390756302521009, 9.839756592292089, 9.730538922155688, 10.136929460580912, 10.117283950617283, 10.336082474226805, 9.792415169660678, 9.93265306122449, 9.84630738522954, 9.979674796747968, 9.804, 10.420833333333333, 10.438444924406047, 9.6441351888668, 10.35578947368421, 9.759368836291912, 10.075356415478614, 9.83838383838384, 10.75599128540305, 9.814889336016096, 10.422505307855626, 9.935871743486974, 9.975951903807616, 10.162886597938144, 10.296375266524521, 9.85050505050505, 10.057971014492754, 10.095634095634095, 10.208421052631579, 10.02390438247012, 9.956, 9.76706827309237, 10.028455284552846, 10.24634655532359, 10.412765957446808, 9.853707414829659, 9.542574257425743, 10.332635983263598, 9.772549019607844, 10.038617886178862, 10.232848232848232, 9.872, 10.305555555555555, 9.992063492063492, 10.14020618556701, 10.200819672131148, 10.078787878787878, 10.299163179916318, 9.872983870967742, 10.09670781893004, 10.194214876033058, 10.156903765690377, 9.775757575757575, 10.217842323651452, 10.263157894736842, 10.113590263691684, 9.907815631262524, 9.895463510848126, 10.294979079497908, 10.06530612244898, 10.372881355932204, 9.981744421906694, 10.057377049180328, 9.733870967741936, 10.008130081300813, 10.273291925465838, 10.306722689075631, 10.164241164241163, 10.076767676767677, 9.971887550200803, 9.943434343434344, 10.178423236514522, 10.116803278688524, 9.935613682092555, 10.251546391752578, 10.415254237288135, 10.307531380753138, 9.950718685831623, 10.28930817610063, 9.83838383838384, 9.884462151394422, 9.4510556621881, 10.081799591002046, 10.254166666666666, 10.445147679324894], "trip_std_length": [5.322563562884523, 5.337996158522969, 5.397704480332489, 5.392893629945594, 5.737207993053377, 5.52178652925409, 5.561902446725218, 5.2827121383614575, 5.2420309889287084, 5.515624173244473, 5.485674434379058, 5.233863760471482, 5.398884629894733, 5.301232047787551, 5.628262678938703, 5.133122459258779, 5.435219911084502, 5.340583819029886, 5.4060291174512045, 5.558523469386652, 5.191417490178176, 4.993672338905171, 5.2170111543886515, 5.505346770302211, 5.357490325800907, 5.22917922711756, 5.085747335900405, 5.36825593141314, 5.357562550509101, 5.421559898816879, 5.377179386976245, 5.475213403325232, 5.618693476939378, 5.3798237028327005, 5.218947497723111, 5.753462339039161, 5.313577572807301, 5.396168163882524, 5.323735212019876, 5.32350616243065, 5.436953919013453, 5.15271191411607, 5.298484150337943, 5.413434905785075, 5.549666842466976, 5.305317473142793, 5.792149012612591, 5.440502596322367, 5.143183919259292, 5.550403270385302, 5.426712396828356, 5.482534321929608, 5.077131849740572, 5.593505262760682, 5.352479170513771, 5.36243269860689, 5.607279554293686, 5.297600020030035, 5.281696599013362, 5.038874759760063, 5.370263460938317, 5.26171895739807, 5.531655212895408, 5.282154195361698, 5.429819831940234, 5.200404298420378, 5.600447632195993, 5.308507916937823, 5.3314417738983435, 5.567603633903313, 5.609123666955528, 5.247209431272117, 5.456846860940494, 5.266613320352462, 5.46883347819152, 5.229725249959167, 5.542027065975049, 5.311384287694093, 5.301403715403269, 5.4636645854633485, 5.355038074095395, 5.192935049798716, 4.709235639028034, 5.495930574909787, 5.14717049365322, 5.566717709498215, 5.622186706581446, 5.071845423512038, 5.757066552476932, 5.140866506768407, 5.584674533776266, 5.607430607387147, 5.453555465715083, 5.300236764521298, 5.45306180342731, 5.156891336473361, 5.29379486313947, 5.411368827668774, 5.522060274807242, 5.535274764067939, 5.531556412393379, 5.267998019584612, 5.270966249986158, 5.212536013161996, 5.464493214144239, 5.332210592638688, 5.770389949766329, 5.587009654176043, 5.897414243503102, 5.1346527836999, 5.273412272069095, 5.2557619895466114, 5.496985133848746, 5.206350062474174, 5.461542836795032, 5.4115016633477335, 5.227823032566293, 5.251487756331128, 5.411043317233088, 5.354240057676278, 5.5548458161916825, 5.477730371249498, 5.273243602377899, 5.440515973926196, 5.402863491050931, 5.508317073660631, 5.450483147702431, 5.124739948345527, 5.2427236588150645, 5.311738507515428, 5.051856374273925], "trip_avg_price": [577818, 569978, 577616, 565638, 547044, 563870, 586400, 550163, 577121, 580224, 573224, 566312, 583151, 572374, 564557, 584339, 582314, 578635, 570004, 578049, 570629, 569177, 582236, 565680, 568034, 557736, 570691, 567383, 566719, 565068, 572869, 569711, 566035, 553842, 577157, 580491, 578280, 573110, 578824, 577222, 568718, 568464, 557713, 584082, 563720, 561008, 573940, 561070, 565436, 565319, 569906, 583190, 568848, 562916, 573735, 568757, 567767, 582441, 558042, 560497, 570069, 574090, 574868, 563323, 572729, 564277, 569395, 577284, 578329, 571853, 557762, 564163, 562190, 561184, 560334, 585954, 578941, 564609, 574038, 568682, 566517, 569880, 557228, 573979, 579247, 572869, 570476, 574041, 557225, 586625, 569825, 578713, 579908, 570512, 567129, 569929, 572195, 561135, 558895, 570948, 564215, 581204, 573647, 583802, 570792, 571941, 567204, 571124, 568542, 557316, 570678, 576024, 570209, 565778, 580240, 577590, 570437, 569864, 572628, 573465, 578062, 569571, 571137, 560458, 568412, 564049, 576167, 571163, 571980, 570554, 575731], "trip_num_completed": [0, 0, 0, 0, 0, 0, 0, 0, 0, 0, 0, 0, 0, 0, 0, 0, 0, 0, 0, 0, 0, 0, 0, 0, 0, 0, 0, 0, 0, 0, 0, 0, 0, 0, 0, 0, 0, 0, 0, 0, 0, 0, 0, 0, 0, 0, 0, 0, 0, 0, 0, 0, 0, 0, 0, 0, 0, 0, 0, 0, 0, 0, 0, 0, 0, 0, 0, 0, 0, 0, 0, 0, 0, 0, 0, 0, 0, 0, 0, 0, 0, 0, 0, 0, 0, 0, 0, 0, 0, 0, 0, 0, 0, 0, 0, 0, 0, 0, 0, 0, 0, 0, 0, 0, 0, 0, 0, 0, 0, 0, 0, 0, 0, 0, 0, 0, 0, 0, 0, 0, 0, 0, 0, 0, 0, 0, 0, 0, 0, 0, 0],