{"timestamp": 10000, "trip_avg_length": [10.923599320882852, 10.487765089722675, 10.59468438538206, 10.586776859504132, 10.62063227953411, 10.856187290969899, 10.832775919732441, 10.731993299832496, 10.046178343949045, 10.873737373737374, 9.93290734824281, 10.384364820846905, 10.585924713584289, 10.87604690117253, 10.832775919732441, 10.950847457627118, 10.862944162436548, 10.885328836424957, 10.895622895622896, 10.886247877758914, 11.126279863481228, 10.971571906354516, 10.525619834710744, 10.627090301003344, 10.627090301003344, 10.747899159663865, 10.481967213114753, 10.539473684210526, 10.454695222405272, 10.525535420098846, 10.521523178807946, 9.931746031746032, 10.600331674958541, 10.451559934318555, 10.681818181818182, 10.757575757575758, 10.875850340136054, 10.756260434056761, 11.013628620102214, 10.87331081081081, 10.603333333333333, 10.74074074074074, 10.72, 10.602310231023102, 10.715242881072026, 10.480928689883914, 10.24071082390953, 10.746218487394957, 10.835871404399324, 10.703703703703704, 11.01025641025641, 10.730132450331126, 10.705298013245033, 10.376623376623376, 10.284313725490197, 10.71523178807947, 10.450244698205546, 10.731993299832496, 10.407224958949097, 10.75418060200669, 10.678451178451178, 10.527182866556837, 10.554076539101498, 10.52796052631579, 10.977701543739279, 10.878172588832488, 11.017182130584192, 10.918367346938776, 10.94097807757167, 10.184590690208667, 10.511475409836066, 11.119453924914676, 10.731871838111298, 11.03924914675768, 11.076530612244898, 10.814814814814815, 10.352180936995154, 10.83838383838384, 10.803361344537816, 10.666666666666666, 10.537828947368421, 10.974402730375427, 11.020725388601036, 10.787979966611019, 10.62689075630252, 10.491883116883116, 10.636212624584717, 10.849407783417936, 10.107544141252006, 10.767946577629383, 10.672185430463577, 10.42671009771987, 10.609348914858098, 11.079661016949153, 10.632890365448505, 10.774030354131535, 10.151857835218093, 10.36437908496732, 10.346972176759412, 10.79327731092437, 10.356564019448946, 10.443894389438944, 10.71118530884808, 10.525704809286898, 10.514900662251655, 11.08034188034188, 10.794957983193278, 10.789649415692821, 10.96774193548387, 10.583196046128501, 10.5, 10.562913907284768, 10.461157024793389, 11.145547945205479, 10.917508417508417, 10.437293729372938, 10.735690235690235, 10.495033112582782, 10.74129353233831, 10.763025210084034, 10.712624584717608, 10.448275862068966, 10.957337883959044, 10.66110183639399, 10.52396694214876, 10.566942148760331, 10.914965986394558, 10.444262295081968, 10.996661101836393, 10.675540765391014, 10.34248788368336, 10.1728, 10.479474548440066, 10.516501650165017, 10.603333333333333, 10.628524046434494, 10.073482428115016, 10.48360655737705, 10.375404530744337, 10.750825082508252, 10.571192052980132, 10.87542662116041, 10.720067453625632, 10.676033057851239, 10.525535420098846, 10.219709208400646, 10.76198347107438, 10.71, 10.574468085106384, 10.865092748735245, 10.657190635451505, 10.858843537414966, 10.623762376237623, 10.674457429048415, 10.499170812603648, 10.381818181818181, 10.444444444444445, 10.5787728026534, 10.660565723793678, 10.76206322795341, 10.773489932885907, 10.33821138211382, 10.74958263772955, 10.841836734693878, 10.58265139116203, 10.565723793677204, 10.573333333333334, 10.88255033557047, 10.640856672158154, 10.805369127516778, 10.516447368421053, 10.874576271186442, 10.696666666666667, 10.76285240464345, 10.549248747913188, 10.31270358306189, 11.0, 11.094017094017094, 10.625838926174497, 11.152920962199312, 10.423948220064725, 10.883050847457627, 10.667218543046358, 10.603960396039604, 10.33442088091354, 10.459901800327332, 10.524752475247524, 10.768844221105528, 11.079391891891891, 10.383116883116884, 10.724369747899159, 10.777219430485761, 11.139693356047701, 10.962837837837839, 10.624790619765495, 10.57660626029654, 10.611666666666666, 10.435139573070607, 10.360197368421053, 10.386513157894736], "trip_std_length": [5.703119506402784, 5.688366858546569, 5.551196780670777, 5.692781309066153, 5.461330428519578, 5.569510901684782, 5.33105961719579, 5.533379587701954, 5.511664068950299, 5.738922912915604, 5.271719428481537, 5.555360984802519, 5.5452666228997085, 5.589657155861917, 5.742128186219694, 5.536867892723881, 5.624742667873126, 5.664034392562397, 5.8783298636380055, 5.74136668002627, 6.068248828102319, 5.850208915231395, 5.594987853303602, 5.412397687188849, 5.788039960454572, 5.939496749463716, 5.486242352144681, 5.605309488318535, 5.751370314277643, 5.4783314660916425, 5.58746234244766, 5.427160542544116, 5.427752518531913, 5.502771509206308, 5.6685771640320155, 5.731813709389284, 5.512807764378301, 5.197022073875358, 5.6655645576107565, 5.542449561939187, 5.637906427823088, 5.550817283542687, 5.667886143293047, 5.581256462996205, 5.700449788269341, 5.5662049857605185, 5.503579990296503, 5.848605233656484, 5.6978458728635495, 5.42656079300275, 5.729804886452756, 5.555411953150897, 5.553106499843607, 5.531583369383538, 5.522462953976867, 5.801207322896495, 5.520794512072276, 5.66973789981084, 5.557138371538715, 5.619314599609956, 5.575859489707686, 5.694776571749296, 5.685093406655223, 5.655912816505883, 5.828996853883837, 5.603242417973594, 5.903844076318528, 5.898818288300595, 5.861661850571636, 5.315982152432941, 5.377003198523906, 5.603454295619705, 5.788627511702635, 5.662597672932687, 6.096385139808049, 5.583710921896757, 5.0734865567233065, 5.758975551973081, 5.781452999497316, 5.224833862324131, 5.401499842607455, 5.849158517256353, 5.7584887097158886, 5.640018212322091, 5.41600022155008, 5.598289310773208, 5.685753392106793, 5.9270233885369725, 5.5470835312175675, 5.639525515255058, 5.5210453341291785, 5.179545393128106, 5.892269864014939, 5.979237513347559, 5.4149830237452, 5.555745407031033, 5.438111986393638, 5.761851024527066, 5.478486700528481, 5.62042689685851, 5.371989891106262, 5.733290027261939, 5.307102221303398, 5.489980557931067, 5.761953583299007, 5.601163482862316, 5.603268085102542, 5.659730319497968, 5.604143976192837, 5.478661406466542, 5.578349827563692, 5.355663164631006, 5.525049970243738, 5.747338339390441, 6.067931646402863, 5.4924366180077095, 5.72717301282761, 5.816593228598939, 5.4257603407600365, 5.7434780776055785, 5.692462238271451, 5.401851639247297, 5.590693975236194, 5.55233165129058, 5.571607848317764, 5.579558151139074, 5.664927949436997, 5.491663565631687, 5.913962048874849, 5.697845354104182, 5.418420172955698, 5.4251765095709095, 5.643193937757124, 5.381384455011326, 5.928967494897873, 5.3968219544434115, 5.284043707677228, 5.6377440066525875, 5.496822581574996, 5.613717079729977, 5.674378739183562, 5.546869200170168, 5.5754114477443615, 5.859865239662628, 5.4184616686847304, 5.344077020834967, 6.0950766773032585, 5.610932780444502, 5.598304878778684, 5.575060011458526, 5.471532297818057, 6.01292315942069, 5.381826438256974, 5.605196610841085, 5.774184784542918, 5.983834973638188, 5.442376558072287, 5.4670744132418445, 5.325472553326087, 5.906506049530495, 5.8012989087291595, 5.415973368892555, 5.673421234752798, 5.776784822451765, 5.620656330492865, 5.582485969611991, 5.698358438084506, 5.781795447476468, 5.4960981748415545, 5.535944597073356, 5.469087098830877, 5.424164177441878, 5.612900814690703, 5.947683453590939, 5.581734037136651, 5.488507523951823, 5.690426379538916, 5.967981384997243, 5.692565810270142, 5.7600040023558225, 5.077860691393801, 5.777063137004819, 5.438718033958112, 5.679409642403011, 5.78579626047449, 5.529532021483272, 5.479504071786506, 5.797836554649192, 6.041420734816389, 5.675989589270506, 5.9191750274969595, 5.668593157242459, 5.757824857970811, 5.961189573890902, 5.842424564224662, 5.52457260662087, 5.5028050927585, 5.609001680991605, 5.7623033098518786, 5.5063016243912974],