{"timestamp": 10000, "trip_avg_length": [7.148514851485149, 7.643463497453311, 7.393414211438475, 7.241653418124006, 7.214170692431562, 7.404761904761905, 7.435772357723577, 7.537800687285223, 7.331597222222222, 7.6923076923076925, 7.32484076433121, 7.23489932885906, 7.61641541038526, 7.480836236933798, 7.680212014134276, 7.344405594405594, 7.431372549019608, 7.15609756097561, 7.277777777777778, 7.23302752293578, 7.273333333333333, 7.732538330494037, 7.380487804878049, 7.118296529968454, 7.564406779661017, 7.121684867394696, 7.390784982935154, 7.1503875968992245, 7.2052980132450335, 7.426256077795786, 7.456666666666667, 7.60472972972973, 7.4754901960784315, 7.087804878048781, 7.131715771230502, 7.193181818181818, 7.41335453100159, 7.464716006884681, 7.541315345699831, 7.480392156862745, 7.430531732418525, 7.4187898089171975, 7.468421052631579, 6.993558776167472, 7.467948717948718, 7.500860585197935, 7.601386481802426, 7.470784641068447, 7.431528662420382, 7.435980551053484, 7.202970297029703, 7.527027027027027, 7.352233676975945, 7.122480620155039, 7.485762144053601, 7.410714285714286, 7.462994836488813, 7.104065040650407, 7.314662273476112, 7.491438356164384, 7.118243243243243, 7.343799058084772, 7.219430485762144, 7.520618556701031, 7.055469953775039, 7.236331569664903, 7.512647554806071, 7.807757166947724, 7.467980295566503, 7.284539473684211, 7.306962025316456, 7.34315424610052, 7.536231884057971, 7.527927927927928, 7.514480408858603, 7.378151260504202, 7.17799352750809, 7.292962356792144, 7.345070422535211, 7.305799648506151, 7.489326765188834, 7.584745762711864, 7.488636363636363, 7.334494773519164, 7.359424920127796, 7.210873146622735, 7.18298555377207, 7.110544217687075, 7.253611556982343, 7.265905383360522, 7.1925675675675675, 7.295681063122924, 7.434859154929577, 7.636363636363637, 7.3715670436187395, 7.407079646017699, 7.41747572815534, 7.392592592592592, 7.4031971580817055, 7.474015748031496, 7.292335115864527, 7.557507987220447, 7.446428571428571, 7.665529010238908, 7.29042904290429, 7.521052631578947, 7.2959349593495935, 7.143897996357013, 7.318910256410256, 7.377926421404682, 7.356902356902357, 7.094827586206897, 7.333333333333333, 7.025078369905956, 7.519458544839256, 7.418495297805642, 7.417657045840407, 7.259803921568627, 7.1506410256410255, 7.431596091205212, 7.2312925170068025, 7.485436893203883, 7.467826086956522, 7.668393782383419, 7.42879746835443, 7.121951219512195, 7.158333333333333, 7.088039867109635, 7.1783960720130935, 7.508650519031142, 7.4471544715447155, 7.564924114671164, 7.592654424040067, 7.160975609756098, 7.292527821939586, 7.483108108108108, 7.377265238879737, 7.452339688041595, 7.516754850088184, 7.293159609120521, 7.416376306620209, 7.356012658227848, 7.234401349072512, 7.425795053003534, 7.171568627450981, 7.669520547945205, 7.510851419031719, 7.457446808510638, 7.170418006430868, 7.579861111111111, 7.323630136986301, 7.695142378559464, 7.70242214532872, 7.436708860759493, 7.376, 7.276923076923077, 7.5811688311688314, 7.473776223776224, 6.985826771653543, 7.346600331674958, 7.366129032258065, 7.265905383360522, 7.407345575959933, 7.54606365159129, 7.409638554216867, 7.450342465753424, 7.4280936454849495, 7.48424543946932, 7.585409252669039, 7.30448717948718, 7.394782608695652, 7.277049180327869, 7.5041876046901175, 7.505, 7.450729927007299, 7.540636042402827, 7.214968152866242, 7.52542372881356, 7.609195402298851, 7.603015075376884, 7.50761421319797, 7.211920529801325, 7.292063492063492, 7.3685950413223145, 7.557586837294333, 7.5591572123176665, 7.497536945812808, 7.31438127090301, 7.672787979966611, 7.4424635332252835, 7.405320813771518, 7.103937007874015, 7.594690265486726, 7.305054151624549, 7.182468694096601, 7.405582922824302, 7.212171052631579, 7.414191419141914, 7.0912, 7.283305227655987], "trip_std_length": [3.6285068762191335, 4.072585754461795, 4.061420761645558, 4.08208087005176, 3.911359915623164, 4.189894440138216, 3.9721004678936285, 3.9290678976656643, 3.9068282750977676, 4.108223728474118, 4.0253441685501805, 3.7508643509366033, 3.9682912222289253, 4.034971082325445, 3.9383765499305596, 4.0773020221157426, 4.088505657115574, 4.2897144207534454, 3.8302034611482307, 3.7630276470731627, 4.011477976451516, 3.9758659750974914, 4.010345534584501, 3.8957486656627625, 4.059943337329589, 3.893373822242632, 3.832568854624795, 3.9442652714972386, 3.868822366120223, 3.929462055375374, 4.01805785036613, 4.07686012029693, 4.17325603530126, 3.886867306438745, 4.082763702176528, 3.77448959386761, 3.88518195540608, 4.044614931630138, 3.961713431335513, 3.854113477297496, 4.236761549911823, 4.166682049277189, 4.03926595271341, 3.7295819305895592, 4.044892112590687, 4.146883525868694, 3.943341994374901, 4.125177940456857, 4.095993018754795, 4.071030841179226, 3.9355439304905118, 3.99103039250068, 3.8886547679317016, 3.8754492674808967, 3.9113135258968192, 3.84371837136481, 4.14837844208656, 3.815957047831076, 3.927032051610442, 3.9164994311432295, 3.72213134892773, 4.110275061034449, 4.037980200268952, 3.8214561053548595, 3.8934188638528724, 3.8773824262157603, 4.115563997899641, 4.167262663463091, 3.917378571173698, 3.9884237651007917, 4.032394412103119, 3.8516816330729227, 4.074672325643703, 4.0688482814118245, 4.064770930791006, 4.009215427844724, 3.8230311920129214, 3.8385075647025326, 4.128730962564387, 3.8679410700715757, 4.056696024326053, 4.058734609490827, 4.11244556561011, 4.208374139505221, 4.040555072299639, 3.8823319299810937, 4.107140485115929, 3.732513566881755, 3.96208543390329, 3.9721003813676545, 3.8012371957571385, 4.053497888757273, 4.18447621302186, 4.170400954286872, 4.055061174730169, 3.9182738843264344, 4.101521397048475, 4.011273550966808, 4.194531296547731, 3.943762394785423, 3.9986755920170496, 4.157911299887449, 3.9809269589745253, 4.150834384233594, 3.844520443395322, 4.015812466881358, 3.8271898110007885, 3.8433895318351996, 3.84005893947121, 4.166394587746932, 4.123990887758807, 3.7567834009958068, 3.7685967845751005, 3.888653768163784, 3.874845387829603, 3.800111728164004, 4.056740260286365, 3.701194643843878, 3.92637362530572, 3.861323091800026, 3.9418701787692774, 4.231636308181864, 3.9758301911531246, 4.120870593627751, 3.989859750968529, 3.84112400100757, 3.6733178311832604, 4.053285834753241, 4.016650049956351, 3.981022618056259, 4.025534862270858, 4.115071304459306, 3.966598371002248, 4.092639320678187, 3.8732244777380656, 4.023543693459473, 4.136988347455124, 3.90683073794365, 4.069846711560298, 3.9025656119573977, 4.00945877783348, 3.9966158849062965, 3.8684999799977637, 3.9610255373854946, 3.7248032132337427, 4.087907632422926, 3.8614743405982885, 3.896256323622619, 3.8513236734257057, 3.983543925066234, 4.060719347187886, 3.964777060634351, 4.111932296718512, 4.01844409764163, 4.078948884210244, 3.876984126503456, 4.240715901956464, 4.1219620394684995, 3.77827866505097, 3.96262818180858, 3.9320619046577017, 3.956050855686374, 4.064711872131739, 4.111914960108558, 3.883081717078384, 3.893830721915937, 3.8657245286878306, 4.0413698832769125, 4.06407758438144, 3.9092566502505233, 3.980252198220192, 3.9617388731743337, 4.04605801726104, 4.022019600482657, 3.8982659695557387, 4.210571705016146, 3.9438695673907445, 4.269545016856289, 3.945646414112716, 4.007721728786085, 4.000785822988073, 3.9325594037322773, 3.791858512668391, 3.7853137922013755, 4.04927059462469, 4.13548716246445, 3.8960732000307563, 3.794225572379347, 4.032809193367068, 3.948248581909893, 3.8651004415021513, 3.7912331855081316, 4.174550809558635, 3.8775121933195735, 3.958051099094728, 4.324828274363009, 3.899145894626553, 3.8838410170689226, 3.7458887543545654, 3.936340979450181],