{"timestamp": 10000, "avg_req_length": [7.280163599182004, 7.5369978858350954, 6.98582995951417, 7.133744855967078, 7.138947368421053, 7.584362139917696, 7.452431289640592, 7.632016632016632, 7.236024844720497, 7.485477178423237, 7.22020202020202, 7.222448979591837, 7.418891170431212, 7.34412955465587, 7.324380165289257, 7.408247422680413, 7.460743801652892, 7.338947368421053, 7.347736625514403, 7.3171247357293865, 7.222, 7.177453027139875, 7.496868475991649, 7.515527950310559, 7.552966101694915, 7.535714285714286, 7.503157894736842, 7.280737704918033, 7.618534482758621, 7.3640081799591, 7.38830897703549, 7.177914110429448, 7.238193018480493, 7.675675675675675, 7.609504132231405, 7.634819532908705, 7.365306122448979, 7.761061946902655, 7.1030303030303035, 7.525562372188139, 7.40081799591002, 7.497950819672131, 7.237704918032787, 7.329853862212944, 7.072, 7.146, 7.5073684210526315, 7.054325955734407, 7.451820128479658, 7.844298245614035, 7.570194384449244, 7.222680412371134, 7.511434511434511, 7.455114822546973, 7.16632860040568, 7.322175732217573, 7.534446764091858, 7.205645161290323, 7.49163179916318, 7.4526748971193415, 7.441908713692946, 7.388090349075975, 7.327868852459017, 7.574948665297741, 7.094188376753507, 7.3382978723404255, 7.417021276595745, 7.413361169102297, 7.521739130434782, 7.60377358490566, 7.471578947368421, 7.347648261758692, 7.343096234309623, 7.449367088607595, 7.344262295081967, 7.361344537815126, 7.12375249500998, 7.391480730223123, 7.329218106995885, 7.571138211382114, 7.120967741935484, 7.409274193548387, 7.3429752066115705, 7.515527950310559, 7.550935550935551, 7.323711340206185, 7.274193548387097, 7.548856548856548, 7.535416666666666, 7.5929752066115705, 7.464818763326226, 7.513684210526316, 7.14, 7.2075471698113205, 7.277777777777778, 7.197183098591549, 7.299794661190965, 7.437759336099585, 7.348101265822785, 7.701863354037267, 7.362139917695473, 7.379237288135593, 7.116, 7.154786150712831, 6.955911823647295, 7.49581589958159, 7.3283582089552235, 7.415478615071283, 7.554621848739496, 7.441955193482689, 7.128834355828221, 7.416494845360825, 7.192771084337349, 7.328, 7.816810344827586, 7.64375, 7.211416490486258, 7.197604790419161, 7.509316770186335, 7.346774193548387, 7.455486542443064, 7.46985446985447, 7.106995884773663, 7.6260683760683765, 7.265432098765432, 7.433537832310838, 7.347916666666666, 7.313883299798793, 6.923395445134576, 7.295454545454546, 7.369072164948453, 7.142857142857143, 7.222680412371134, 7.367219917012448, 7.3615702479338845, 7.551724137931035, 7.220858895705521, 7.227743271221532, 7.48109243697479, 7.4258872651356995, 7.325581395348837, 7.736051502145923, 7.2839248434238, 7.444444444444445, 7.33130081300813, 7.6405919661733614, 7.425311203319502, 7.208502024291498, 7.464065708418891, 7.4918367346938775, 7.45398773006135, 7.469728601252609, 7.315463917525773, 7.813664596273292, 7.279503105590062, 7.751552795031056, 7.235655737704918, 7.385892116182573, 7.030864197530864, 7.485477178423237, 7.527835051546392, 7.527310924369748, 7.63265306122449, 7.70020964360587, 7.286885245901639, 7.1016260162601625, 7.398773006134969, 7.49581589958159, 7.435789473684211, 7.210416666666666, 7.341666666666667, 7.2122448979591836, 7.525210084033613, 7.461538461538462, 7.28952772073922, 7.770700636942675, 7.570833333333334, 7.2375, 7.300813008130081, 7.19917864476386, 7.558333333333334, 7.134653465346535, 7.54149377593361, 7.336842105263158, 7.274226804123711, 7.095634095634096, 7.272540983606557, 7.549682875264271, 7.527196652719665, 7.133064516129032, 7.104125736738704, 7.51129363449692, 7.512396694214876, 7.506329113924051, 7.340163934426229, 7.2190082644628095, 7.726495726495727, 7.276767676767677, 7.46234309623431, 7.274028629856851], "std_req_length": [3.9929942706218537, 4.195437604774475, 3.928227755492476, 3.9892619717103623, 3.8473037650265947, 4.021557432340347, 4.176137716136435, 4.023286413261295, 3.973799587667176, 3.917298146975891, 3.916553313588076, 4.0139433156528845, 3.9666334732817714, 4.120526767479515, 3.8483849553501353, 4.143599463763553, 3.883705665301245, 3.974770294239248, 4.035397010644001, 4.059398118677313, 3.8011466690986815, 3.8872191660454125, 4.0243894498519035, 3.9259801272247556, 3.84131086588191, 4.077091373715808, 4.072693473975668, 3.7500106378062856, 3.9335757958776374, 3.8257566833689367, 3.9134089198883615, 3.903624625859516, 4.0210865168366565, 4.080124077188135, 4.108345739198789, 4.118001741528021, 3.9809777806416498, 3.981760041936331, 4.014052451063614, 3.916284096622117, 3.854575183094777, 4.203335412234578, 3.8502784201829656, 4.0409911891455925, 3.652234384592534, 3.84612584297498, 4.226414234941785, 3.7587010254585347, 3.95576882103908, 4.120962983460244, 4.111162879453203, 3.853489653043222, 3.9833820893070087, 4.179376987235006, 3.848647994943052, 3.9368405171941, 4.015934240678504, 3.9352173858745707, 3.9488006036674452, 4.09868279619873, 3.828500200365403, 3.7090407677576667, 3.8876488384365486, 3.7806962337297696, 3.9114889472109566, 4.278896914496666, 4.165783579272277, 3.8732944899237642, 4.126499160197495, 4.056238099651357, 4.204850911879722, 3.983837437320448, 3.845263406371419, 3.762261195619533, 3.9401682825909496, 4.010974634667883, 3.7672629521070236, 4.077704734375001, 3.986428907935779, 3.984857048420278, 3.9530362808440165, 3.9257004046097785, 4.1418709878962945, 4.098839289413567, 3.998700953041454, 4.009313209456313, 3.880448738761012, 4.045762617630444, 3.8990912180133575, 3.768841403974291, 4.0182604276985145, 3.892411254474689, 3.7057253001268182, 3.7968465427455262, 3.9983278397854387, 3.9116696009605065, 4.044472989750023, 3.984574192300616, 4.277692921699882, 4.274985821530703, 3.7827481938556935, 3.85958978604925, 3.905706594202898, 4.2837818180975065, 3.748354364400827, 3.9131501376231195, 3.7918757378846704, 3.8168994898919983, 4.082546328073593, 3.994164715936626, 4.039397856375584, 3.8556072545735023, 3.781027987515662, 3.985525812236072, 4.1396497642828995, 4.264211838566028, 3.875673126000336, 3.9461032411630046, 4.188297824132353, 3.8891792708262174, 4.088511642980589, 4.254827975545203, 3.925341382231774, 4.02119437486587, 3.812141977862471, 4.051329651092374, 4.015308704577464, 3.952187638923834, 3.8475518907089064, 3.9846684485196633, 3.9619156260301542, 3.9060085459589615, 3.979833316580062, 3.9430599978515737, 3.85687247688026, 4.271184176399761, 3.8653585085102367, 3.9544372540479302, 4.190533005932342, 4.06397663009045, 3.918261162729953, 4.129485293235357, 3.807855363084025, 3.9395961536369675, 3.9077258184413552, 4.104064049385396, 3.8932357563073214, 3.766871437696481, 4.153898035696063, 3.790554142607426, 3.8225503333473836, 3.738115772643085, 3.909474091406473, 3.973314144022627, 3.861276428037374, 3.909479464062307, 3.9463356083767747, 3.9304704105376644, 3.7225088438671037, 3.8634359882585465, 4.260795682625567, 3.93984306249723, 4.128516448230157, 4.1172872699615075, 3.7792130072337295, 3.891025399156902, 3.8005594421371915, 3.98886830559903, 4.112827578749294, 3.8083646743786965, 3.7925273748371136, 3.8380284401463114, 4.230913016816193, 3.943594745087022, 4.136822325843481, 4.067695651932577, 4.07215945646642, 3.9903333716203044, 4.072882679719319, 3.9200636103715394, 3.975541542426083, 3.8790739847189863, 4.075447719843941, 3.8416293865351334, 3.895683001946215, 3.8726077939793044, 3.7154837871952164, 3.8669965981533494, 3.995590258476082, 3.7949504177600297, 3.9742494654043665, 3.833733305476001, 4.032134767686028, 3.9207553878704613, 3.6195996480922816, 3.9098268662306057, 4.175885046932615, 4.036971269012699, 4.253185411159405, 3.814534726697926],