{"timestamp": 10000, "trip_avg_length": [7.339506172839506, 7.5514018691588785, 7.609717868338558, 7.689922480620155, 7.408385093167702, 7.371559633027523, 7.5588235294117645, 7.424242424242424, 7.503076923076923, 7.462848297213622, 7.434984520123839, 7.5241809672386895, 7.5859375, 7.425233644859813, 7.385560675883257, 7.338414634146342, 6.997010463378176, 7.443759630200308, 7.534992223950233, 7.683464566929134, 7.408882082695253, 7.483670295489891, 7.369397217928903, 7.091867469879518, 7.135464231354642, 7.401244167962675, 7.345092024539877, 7.582689335394127, 7.402457757296467, 7.226788432267885, 7.543478260869565, 7.384615384615385, 7.8128, 7.298484848484849, 7.509230769230769, 7.155251141552512, 7.481538461538461, 7.390168970814132, 7.275494672754947, 7.46749226006192, 7.196374622356496, 7.272588055130169, 7.2522796352583585, 7.464831804281346, 7.574534161490683, 7.232415902140673, 7.427035330261137, 7.636220472440945, 7.374617737003058, 7.419504643962848, 7.444099378881988, 7.141779788838613, 7.497667185069984, 7.283969465648855, 7.619718309859155, 7.1760242792109254, 7.421296296296297, 7.227886056971514, 7.626182965299685, 7.405572755417957, 7.5046728971962615, 7.309815950920245, 7.515625, 7.2859327217125385, 7.373660030627871, 7.426605504587156, 7.5347758887171565, 7.4003067484662575, 7.160849772382398, 7.3644716692189895, 7.267584097859327, 7.608763693270736, 7.346094946401225, 7.5, 7.185975609756097, 7.276176024279211, 7.497667185069984, 7.301829268292683, 7.302752293577981, 7.438080495356037, 7.400309119010819, 7.384853168469861, 7.328220858895706, 7.4830246913580245, 7.5921875, 7.393568147013783, 7.462732919254658, 7.351393188854489, 7.36979969183359, 7.314589665653496, 7.552959501557632, 7.457364341085271, 7.386850152905199, 7.265648854961832, 7.5015432098765435, 7.3052147239263805, 7.2526636225266365, 7.158132530120482, 7.3062787136294025, 7.3019726858877085, 7.387442572741194, 7.076461769115443, 7.236280487804878, 7.179173047473201, 7.2250755287009065, 7.286149162861491, 7.676656151419558, 7.348554033485541, 7.522620904836193, 7.601246105919003, 7.385911179173047, 7.4, 7.552099533437014, 7.511556240369799, 7.452859350850077, 7.256024096385542, 7.34, 7.070149253731343, 7.343076923076923, 7.284403669724771, 7.500768049155146, 7.471317829457364, 7.389570552147239, 7.280674846625767, 6.874631268436578, 7.401225114854517, 7.398773006134969, 7.208774583963692, 7.223404255319149, 7.5578125, 7.416282642089094, 7.45468509984639, 7.414110429447852, 7.279141104294479, 7.418320610687023, 7.558320373250389, 7.073353293413174, 7.324574961360123, 7.358778625954199, 7.439137134052388, 7.366153846153846, 7.608628659476117, 7.296969696969697, 7.41588785046729, 7.460342146189736, 7.5921875, 7.467692307692308, 7.430981595092025, 7.147147147147147, 7.516329704510109, 7.300763358778626, 7.511591962905719, 7.3968992248062015, 7.380368098159509, 7.347560975609756, 7.3119266055045875, 7.434312210200927, 7.596273291925466, 7.14027149321267, 7.134441087613293, 7.441358024691358, 7.285714285714286, 7.600311041990668, 7.41358024691358, 7.261467889908257, 7.250379362670714, 7.277693474962064, 7.209090909090909, 7.408668730650155, 7.425925925925926, 7.567398119122257, 7.578294573643411, 7.343558282208589, 7.218512898330804, 7.500775193798449, 7.167927382753404, 7.441538461538461, 7.301684532924962, 7.514774494556765, 7.422360248447205, 7.327666151468315, 7.257621951219512, 7.333841463414634, 7.41321044546851, 7.23216995447648, 7.2439024390243905, 7.636932707355243, 7.371165644171779, 7.211890243902439, 7.292424242424242, 7.437403400309119, 7.300911854103344, 7.140030441400304, 7.485271317829457, 7.457886676875957, 7.446153846153846, 7.4067278287461775, 7.238239757207891, 7.590979782270606, 7.336906584992343], "trip_std_length": [3.962655270544206, 4.044688786613533, 4.115842118781284, 4.091205257513613, 3.973044798352477, 4.016919683652494, 4.103397502282394, 4.030416949859572, 3.886959231971171, 3.9811102654946033, 3.8575183615865125, 3.939455048157705, 4.039506745395253, 4.032753597844046, 3.978479796424517, 3.9037333505224154, 3.6779945998359835, 3.880375584752084, 3.9163021476392252, 4.144130918255616, 4.052834163067086, 4.082847049321517, 3.9694961439273087, 3.872477041928989, 3.7503817529500427, 3.970043150900095, 4.105464392120222, 3.862258654906201, 4.0735473634481645, 4.033951898601604, 4.071523325171502, 3.944196545626567, 4.123124562755775, 3.9814338982499846, 4.269109908199135, 3.7765124448236804, 4.046323775314398, 3.9468233899685043, 3.9623677760962828, 3.9129097550912264, 3.848033063507303, 4.057300026008898, 3.964148141423787, 3.9667369121382356, 3.990170834978279, 3.8660034723771446, 4.3057643958472624, 4.201043539114256, 3.8740133703868604, 3.9648834388182164, 3.9564766420004642, 3.912441519346512, 4.182974174024524, 4.15375883840375, 4.077610063874883, 3.9828123110847913, 4.004624277453071, 3.7801980147202934, 3.9006602536587605, 3.8797202226857235, 3.8855283024260565, 3.976043517369435, 3.906693724797863, 3.963813878111009, 3.9755814685474484, 3.8136999669147467, 4.2555478005417005, 3.956147646433827, 3.87649817807572, 4.0242861013998725, 3.9977388071439433, 3.9054135461008945, 3.752239258354223, 4.297652177815937, 3.986507536788126, 3.938012863934253, 3.97518478707739, 3.8706678783524193, 3.6723728977473704, 4.121795728887132, 3.84139173689896, 3.9257347654039747, 3.947073299573108, 4.019591925345646, 3.8014308444115814, 3.9351272692432184, 4.017837864147944, 4.059776592956983, 3.953748016821986, 3.9193774587876162, 4.040430287869407, 4.012785287861834, 4.022324345023317, 4.0390795375041755, 3.978336098462577, 4.065088207137423, 3.931308556834731, 4.019979485864712, 3.974795063875272, 3.8272458739316817, 4.00974636286157, 4.012555342232108, 3.975990543169761, 3.9304903764616097, 3.834464426934396, 3.9437066134463783, 4.0413311263660825, 4.112789778982906, 4.028355423870819, 4.010872878932759, 3.8891119822509075, 3.7453560989166714, 4.005246300138642, 4.0238432916100075, 3.9491184644638455, 4.088345893389853, 4.02336636699629, 3.993596177067045, 4.020044746431762, 3.7833331819298075, 4.263363307437742, 4.001301993497927, 4.069761505454596, 3.851467034467278, 3.8428464088295464, 4.040923699974676, 3.914406108415761, 3.759645005977663, 4.080526735783121, 3.9318135401928394, 3.9946560700853997, 3.99835089093922, 4.067337763034057, 4.099827229454666, 4.154897809285535, 4.005548831325023, 3.8740279230069645, 3.8847061235476033, 3.9424654244202646, 3.9194206351508942, 4.008616754445811, 3.9927885069051112, 4.114238752701797, 3.8689510004806604, 4.2205412529313024, 4.322644036332827, 4.078804790708923, 3.969958927129705, 3.991277949358878, 3.823594291977957, 3.9139113055049815, 4.019208719765876, 3.9981378996056356, 4.044929551825059, 4.016117698503518, 3.7503041614623407, 3.9970928904465852, 3.963935057831148, 3.823787330542525, 3.8817558286160385, 4.073736190627796, 3.8945612677834873, 4.119573566878772, 4.144600923063844, 3.8429189400579076, 3.887587227826475, 3.986354207747172, 3.891549791485948, 4.1657068676994164, 4.062483512681538, 4.095758544861026, 4.006834495323745, 3.9453791689114603, 3.7018090444099365, 3.7749171380408573, 3.7811460094129936, 3.9551871416462445, 4.022442430185405, 3.995061033700069, 4.2156757915591445, 4.043529526192965, 3.844829813672318, 4.0948898700742715, 4.0423728013485976, 3.828548221257812, 4.070449653382997, 3.9451974306731086, 3.993894480303814, 3.8780077343854793, 3.8076004774366683, 4.112636469355945, 3.885992977060331, 3.7528512142791173, 4.044540789472207, 3.876360973985025, 4.085361368935788, 3.6992871446431668, 3.978621999747094, 4.150629565456052, 4.107267780865911],