{"timestamp": 10000, "trip_avg_length": [7.1420118343195265, 7.427286356821589, 7.542986425339366, 7.309523809523809, 7.175595238095238, 7.579425113464448, 7.0, 7.426204819277109, 7.2092675635276535, 7.675799086757991, 7.404761904761905, 7.3692077727952165, 7.268256333830104, 7.350299401197605, 7.163934426229508, 7.320950965824665, 7.274074074074074, 7.238586156111929, 7.159057437407953, 7.572727272727272, 7.3523238380809595, 7.53857791225416, 7.3249630723781385, 7.420029895366218, 7.695121951219512, 7.234074074074074, 7.280649926144756, 7.300595238095238, 7.26080476900149, 7.302395209580839, 7.4122938530734634, 7.48868778280543], "trip_std_length": [3.9344418459183257, 3.935237227466795, 4.183665154863718, 3.728832928858287, 3.728765227509247, 4.060637247848283, 3.777768236236221, 4.010975911829686, 3.993025036281128, 4.202620260685502, 4.02150187420857, 3.9718376465011507, 3.768192603771944, 4.070859996114299, 3.857747582850349, 3.9345829422246243, 3.9598534010081727, 4.054370728847632, 3.947524306991108, 4.259660871924155, 3.931993840190599, 4.217294962133451, 4.014837349445973, 4.092168976817945, 4.149460806554015, 4.060836676478328, 3.8330515732788935, 4.0819871010710775, 3.841370060604782, 3.7887550622405906, 3.8240184658280216, 4.072062999445064], "trip_avg_price": [546461.0, 564127.0, 571459.0, 558309.0, 545634.0, 572309.0, 543228.0, 560907.0, 546334.0, 576587.0, 567168.0, 560702.0, 553321.0, 557967.0, 543482.0, 560321.0, 557915.0, 559429.0, 551055.0, 571153.0, 557101.0, 568174.0, 564801.0, 565462.0, 577580.0, 554187.0, 560601.0, 558781.0, 553295.0, 553474.0, 562740.0, 565794.0], "trip_std_price": [0.0, 0.0, 0.0, 0.0, 0.0, 0.0, 0.0, 0.0, 0.0, 0.0, 0.0, 0.0, 0.0, 0.0, 0.0, 0.0, 0.0, 0.0, 0.0, 0.0, 0.0, 0.0, 0.0, 0.0, 0.0, 0.0, 0.0, 0.0, 0.0, 0.0, 0.0, 0.0], "trip_num_completed": [676, 667, 663, 672, 672, 661, 685, 664, 669, 657, 672, 669, 671, 668, 671, 673, 675, 679, 679, 660, 667, 661, 677, 669, 656, 675, 677, 672, 671, 668, 667, 663], "ratio_serving": [0.4828, 0.4954, 0.5006, 0.4913, 0.4822, 0.5013, 0.4805, 0.4931, 0.4827, 0.5043, 0.4976, 0.493, 0.4877, 0.491, 0.4807, 0.4927, 0.491, 0.4921, 0.4861, 0.5004, 0.4904, 0.4983, 0.4959, 0.4964, 0.505, 0.4883, 0.4929, 0.4916, 0.4877, 0.4878, 0.4944, 0.4966], "ratio_cruising": [0.0, 0.0, 0.0, 0.0, 0.0, 0.0, 0.0, 0.0, 0.0, 0.0, 0.0, 0.0, 0.0, 0.0, 0.0, 0.0, 0.0, 0.0, 0.0, 0.0, 0.0, 0.0, 0.0, 0.0, 0.0, 0.0, 0.0, 0.0, 0.0, 0.0, 0.0, 0.0], "ratio_online": [0.9993, 0.9991, 0.9987, 0.9997, 0.9992, 0.9997, 0.9994, 0.9991, 0.9992, 0.9991, 0.9994, 0.9996, 0.9993, 0.9991, 0.9996, 0.9993, 0.9995, 0.9997, 0.9995, 0.9989, 0.9993, 0.9992, 0.9993, 0.9996, 0.999, 0.9991, 0.9993, 0.9993, 0.9995, 0.9992, 0.999, 0.9992], "ratio_waiting": [0.0007, 0.0009, 0.0013, 0.0003, 0.0008, 0.0003, 0.0006, 0.0009, 0.0008, 0.0009, 0.0006, 0.0004, 0.0007, 0.0009, 0.0004, 0.0007, 0.0005, 0.0003, 0.0005, 0.0011, 0.0007, 0.0008, 0.0007, 0.0004, 0.001, 0.0009, 0.0007, 0.0007, 0.0005, 0.0008, 0.001, 0.0008], "ratio_to_request": [0.5165, 0.5037, 0.4981, 0.5084, 0.517, 0.4984, 0.5189, 0.506, 0.5165, 0.4948, 0.5018, 0.5066, 0.5116, 0.5081, 0.5189, 0.5066, 0.5085, 0.5076, 0.5134, 0.4985, 0.5089, 0.5009, 0.5034, 0.5032, 0.494, 0.5108, 0.5064, 0.5077, 0.5118, 0.5114, 0.5046, 0.5026]}