{"timestamp": 10000, "trip_avg_length": [10.735507246376812, 10.886861313868613, 10.526126126126126, 10.616216216216216, 10.615107913669064, 10.744058500914077, 10.950276243093922, 10.517367458866545, 10.79890310786106, 10.781818181818181, 10.55515370705244, 10.695495495495495, 10.723636363636365, 11.134935304990758, 10.795246800731261, 10.738095238095237, 10.135325131810193, 10.188908145580589, 10.76, 10.326241134751774, 11.295748613678374, 11.068391866913124, 10.87292817679558, 10.505357142857143, 10.831192660550458, 10.861313868613138, 10.572972972972973, 10.651079136690647, 10.883211678832117, 10.359570661896242, 10.370766488413548, 10.747272727272728], "trip_std_length": [5.510428857355521, 5.512590996229909, 5.604112256396227, 5.983047229585335, 5.5229464254662535, 5.585003455835678, 5.6668818275526665, 5.486327531149664, 5.674903754044521, 5.93139845258315, 5.629386826580841, 5.6875933792930295, 5.443593854209439, 5.999252837449386, 5.687966007054499, 5.538335863546906, 5.269299611110863, 5.312815840281053, 5.435626584271253, 5.321569189335932, 5.829157417293254, 5.684312085328259, 5.516129378708398, 5.887029315211812, 5.368010877354449, 5.995962731427621, 5.583727095636822, 5.780815044305707, 5.547164322506186, 5.633519395695689, 5.706874325233619, 5.776735616259868], "trip_avg_price": [700259, 705911, 688525, 696567, 696795, 693438, 703860, 677237, 700679, 700780, 688395, 701516, 698182, 714057, 697202, 691976, 677895, 694187, 699230, 686148, 726273, 708809, 697410, 694109, 696961, 703873, 692009, 700197, 705566, 681424, 685891, 698133], "trip_num_completed": [0, 0, 0, 0, 0, 0, 0, 0, 0, 0, 0, 0, 0, 0, 0, 0, 0, 0, 0, 0, 0, 0, 0, 0, 0, 0, 0, 0, 0, 0, 0, 0], "ratio_serving": [0.5926, 0.5966, 0.5842, 0.59, 0.5902, 0.5877, 0.5952, 0.5761, 0.5929, 0.593, 0.5842, 0.5936, 0.5912, 0.6024, 0.5905, 0.5866, 0.5767, 0.5883, 0.5918, 0.5824, 0.6112, 0.5988, 0.5905, 0.5883, 0.5903, 0.5952, 0.5868, 0.5925, 0.5964, 0.5791, 0.5823, 0.5911], "ratio_cruising": [0.0, 0.0, 0.0, 0.0, 0.0002, 0.0, 0.0, 0.0, 0.0, 0.0001, 0.0, 0.0, 0.0002, 0.0, 0.0, 0.0, 0.0, 0.0, 0.0, 0.0, 0.0001, 0.0002, 0.0, 0.0, 0.0001, 0.0003, 0.0, 0.0, 0.0, 0.0, 0.0, 0.0], "ratio_online": [0.9987, 0.9983, 0.9985, 0.9991, 0.9993, 0.9984, 0.999, 0.9981, 0.9987, 0.9989, 0.9995, 0.9998, 0.9994, 0.9981, 0.9996, 0.9978, 0.9995, 0.9991, 0.998, 0.9974, 0.9988, 0.9995, 0.998, 0.9997, 0.9992, 0.9986, 0.9997, 0.9981, 0.9988, 0.9982, 0.9983, 0.9989], "ratio_waiting": [0.0013, 0.0017, 0.0015, 0.0009, 0.0005, 0.0016, 0.001, 0.0019, 0.0013, 0.001, 0.0005, 0.0002, 0.0004, 0.0019, 0.0004, 0.0022, 0.0005, 0.0009, 0.002, 0.0026, 0.0011, 0.0003, 0.002, 0.0003, 0.0007, 0.0011, 0.0003, 0.0019, 0.0012, 0.0018, 0.0017, 0.0011], "ratio_to_request": [0.4061, 0.4017, 0.4143, 0.4091, 0.4091, 0.4107, 0.4038, 0.422, 0.4058, 0.4059, 0.4153, 0.4062, 0.4082, 0.3957, 0.4091, 0.4112, 0.4228, 0.4108, 0.4062, 0.415, 0.3876, 0.4007, 0.4075, 0.4114, 0.4089, 0.4034, 0.4129, 0.4056, 0.4024, 0.4191, 0.416, 0.4078]}