{"timestamp": 10000, "trip_avg_length": [10.361247947454844, 10.923743500866552, 10.872448979591837, 10.738486842105264, 10.511666666666667, 11.153310104529616, 10.822033898305085, 11.12947189097104, 10.988215488215488, 10.686143572621035, 10.247619047619047, 11.391150442477876, 10.59432387312187, 10.607445008460237, 10.628378378378379, 10.244372990353698, 10.570480928689884, 10.564227642276423, 10.205128205128204, 10.733333333333333, 10.953098827470686, 10.647840531561462, 10.572607260726073, 10.754653130287648, 10.67536704730832, 10.798347107438017, 10.317324185248713, 10.809602649006623, 10.711892797319933, 10.572847682119205, 10.387417218543046, 10.80921052631579, 10.35738255033557, 10.916524701873936, 10.820512820512821, 10.601990049751244, 10.412541254125413, 10.403252032520324, 10.822742474916389, 10.540098199672668, 10.959183673469388, 10.921367521367522, 10.622448979591837, 10.02063492063492, 10.316749585406301, 10.892491467576791, 10.765, 11.049913941480206, 10.529021558872305, 10.10483870967742, 10.887959866220736, 10.362889983579638, 10.807106598984772, 10.429508196721311, 10.128824476650564, 10.32, 10.612244897959183, 10.97934595524957, 10.700507614213198, 10.562295081967212, 10.348534201954397, 10.433554817275747, 10.860306643952299, 10.744262295081967, 11.022491349480969, 10.508278145695364, 10.65025466893039, 10.626446280991736, 10.452991452991453, 10.822742474916389, 11.038983050847458, 10.604026845637584, 10.46843853820598, 10.52442996742671, 10.758561643835616, 10.70764119601329, 10.769736842105264, 10.76962457337884, 10.668863261943986, 10.817567567567568, 10.395730706075534, 10.702702702702704, 10.483552631578947, 10.724755700325733, 10.110932475884244, 10.339901477832512, 10.60135135135135, 10.77457627118644, 10.2859450726979, 10.820770519262982, 10.598006644518273, 10.69609507640068, 10.474209650582363, 10.88679245283019, 10.758445945945946, 10.866554054054054, 10.678391959798995, 10.72849915682968, 10.95697074010327, 10.459637561779243, 10.507462686567164, 10.743243243243244, 10.657237936772047, 10.827759197324415, 10.477310924369748, 10.78061224489796, 10.045813586097946, 11.035714285714286, 10.535773710482529, 10.698996655518394, 10.549248747913188, 10.7858347386172, 10.550324675324676, 10.99650959860384, 10.42237061769616, 10.833613445378152, 10.350162866449512, 10.488486842105264, 10.404290429042904, 10.292763157894736, 11.077834179357023, 10.170418006430868, 10.361873990306947, 10.982964224872232, 10.643207855973813, 10.870588235294118, 10.301639344262295, 11.0, 10.44189852700491, 10.74017094017094, 10.820033955857385, 10.8917089678511, 10.950596252129472, 10.451559934318555, 10.721581548599671, 10.756302521008404, 10.747491638795987, 10.893039049235993, 10.610114192495923, 10.429284525790349, 11.103806228373703, 10.332242225859247, 10.877586206896552, 11.04251700680272, 10.655115511551156, 10.55794701986755, 11.034722222222221, 10.15224358974359, 10.781725888324873, 10.783505154639176, 11.101867572156197, 10.513866231647635, 10.710217755443885, 10.726495726495726, 10.584158415841584, 10.351701782820097, 10.893333333333333, 10.641322314049587, 10.941569282136895, 10.773037542662117, 10.740484429065743, 10.579298831385643, 10.865, 10.420880913539968, 10.93728813559322, 10.61952861952862, 10.557595993322204, 10.722129783693843, 11.104895104895105, 10.954159592529711, 10.960138648180243, 10.71947194719472, 10.566502463054187, 10.17100977198697, 10.344660194174757, 10.228934817170112, 10.498366013071895, 10.735440931780365, 10.770134228187919, 10.73031825795645, 10.690515806988353, 10.442953020134228, 10.886440677966101, 10.540362438220757, 10.926243567753001, 10.781818181818181, 10.144, 10.530578512396694, 10.806506849315069, 10.681592039800995, 10.69732441471572, 10.645868465430016, 10.610561056105611, 10.697019867549669, 10.592409240924093, 10.707563025210083, 11.038785834738617, 10.88013698630137, 10.54424040066778, 10.55008210180624], "trip_std_length": [5.606196057846592, 5.629928184161699, 6.017750624105948, 5.761347414116133, 5.467162325090493, 5.789650250128911, 5.418160542090632, 5.747402959365117, 5.704702636338991, 5.615533398083948, 5.254985754828143, 6.119829333066621, 5.517678478757099, 5.562584586244494, 5.731645682978684, 5.2764195611222915, 5.536214942369072, 5.5887827562132415, 5.520901947770561, 5.617433182117573, 5.841096069667982, 5.826013121467659, 5.51270738450192, 5.947517889180154, 5.630318481485732, 5.403916294460245, 5.539240188176883, 5.652331216983223, 5.769213846844138, 5.551653101158898, 5.503061214743432, 5.675412751778244, 5.804256352598097, 5.884885168114504, 5.964876374608743, 5.589091129598715, 5.621866884888009, 5.578995669143059, 5.731333041449309, 5.702924795037433, 5.6214210697843185, 5.796017333764981, 5.760849520667753, 5.481387228255465, 5.673905360371584, 5.53028073929235, 5.374610838625125, 5.707975592330925, 5.635742680434043, 5.488725318245278, 5.908088287178148, 5.940150506133278, 5.810896199389118, 5.560320319299195, 5.240695157676813, 5.467564966844625, 5.676001490452308, 5.852129693320253, 5.8009844907674735, 5.629275466130821, 5.600054339077591, 5.513475216046457, 5.746570734281059, 5.6863519259964255, 5.653291231809597, 5.514724211411935, 5.621924167428071, 5.7201365150882975, 5.592570967414537, 5.657919938517229, 5.622307776040572, 5.801317591542204, 5.633298652478533, 5.760295067780534, 5.481125333125754, 5.921488663407287, 5.626207934321448, 5.682422949392134, 5.688284082948111, 5.471717406863202, 5.768328239010431, 5.631066649784659, 5.600727679213086, 5.7768610258213045, 5.802115378066198, 5.494681768829191, 5.564110216213717, 5.810425849218579, 5.337462885295812, 5.708705398708901, 5.7550667562354665, 5.402414259196749, 5.264367117460027, 6.070840846173262, 5.56267389194794, 5.9326822944211015, 5.49344839819707, 5.5176076218671355, 5.782031081077979, 5.543412779084197, 5.611927066778092, 5.35070293641926, 5.365414451642598, 5.428966530335126, 5.616069934426392, 5.895158133678396, 5.310229093632517, 5.893073589098528, 5.343053534598457, 5.469865668499268, 5.539401612111309, 5.6383116443363015, 5.7674692191018435, 5.671334647392767, 5.677495661338043, 5.629831666228691, 5.284374819911828, 5.556219755689211, 5.72787014899114, 5.107703186231817, 5.735633804560417, 5.300599931361032, 5.380353812763523, 6.111935657591314, 5.693798750437038, 5.662353237991636, 5.152828025154021, 5.655944519247227, 5.470451409294708, 5.670210955376508, 5.493772303661999, 5.708228598188327, 5.642918900359428, 5.552972401580373, 5.652184963603871, 5.604569544044151, 5.814419746261534, 5.8269121929849765, 5.525828024288069, 5.297669187722017, 5.848101993921676, 5.402241583024528, 5.57338326962668, 5.859746383443758, 5.6823098691204175, 5.632652536169758, 5.574823358492631, 5.340720573888541, 5.3507819438359085, 5.666068542743997, 6.024270090929942, 5.379122856298234, 5.715017050331599, 5.359270156369811, 5.682932574082776, 5.5467193149681355, 5.4078913532807675, 5.7064798519816335, 5.687310498760097, 5.564210045949974, 5.42980889892299, 5.5921455926801045, 5.822379954394365, 5.6593644297992345, 5.750855450148552, 5.875821236106138, 5.718167009946461, 5.6625276238892885, 5.777292523758939, 5.6354689123866075, 5.6470545978138045, 5.705406825800672, 5.495117499987046, 5.364414654271834, 5.483955323017833, 5.317731891914875, 5.409232963337348, 5.782660279986387, 5.83778314623965, 5.615481895361905, 5.7209711339632126, 5.754056112819091, 5.74978135552226, 5.6016532509395915, 5.67075923012008, 5.667246769853349, 5.251596328736626, 5.689004081024943, 5.414202415674749, 5.676296422903434, 5.5902769926562055, 5.660375627025333, 5.621753541959678, 5.78671043070904, 5.360336715833188, 5.736967835320921, 5.920796503918299, 5.4486408995700595, 5.671676051311659, 5.509317752232624],