{"timestamp": 10000, "trip_avg_length": [7.46046511627907, 7.55054432348367, 7.156626506024097, 7.551459293394777, 7.559006211180124, 7.186746987951807, 7.40519877675841, 7.412576687116564, 7.25226586102719, 7.46749226006192, 7.214392803598201, 7.553822152886116, 7.3801526717557255, 7.324159021406728, 7.0774962742175855, 7.473035439137134, 7.320552147239264, 7.2526636225266365, 7.4270186335403725, 7.33843797856049, 7.18796992481203, 7.517719568567026, 7.074738415545591, 7.263318112633181, 7.214826021180031, 7.306525037936267, 7.13984962406015, 7.300763358778626, 7.345509893455099, 7.464285714285714, 7.1893939393939394, 7.447530864197531], "trip_std_length": [3.9607065888413966, 3.876215970251842, 3.956409860085805, 4.175678631466891, 3.947787682210424, 3.759895252461015, 3.975002610765788, 3.8235661074266023, 3.9119600485900983, 4.173263220716232, 3.8627777851592016, 3.91094171656087, 3.871276489232027, 3.9401637463182766, 3.8635385651012815, 4.081560269991494, 4.099230176349177, 3.794183210975502, 4.2216481937393215, 3.693503507150428, 3.7306903873161033, 4.045588863520007, 3.965520882970812, 3.92305094488409, 3.8987749161999297, 4.116675062420545, 3.694742044362442, 3.9158611930113443, 4.025899646886034, 4.086825251813961, 4.171208268663809, 4.159663753880078], "trip_avg_price": [546028.0, 550228.0, 535886.0, 559100.0, 552100.0, 539028.0, 548535.0, 547161.0, 543941.0, 546627.0, 544234.0, 548421.0, 547288.0, 541128.0, 535554.0, 549593.0, 539067.0, 538455.0, 540314.0, 541395.0, 539728.0, 553601.0, 533900.0, 538686.0, 538214.0, 544641.0, 535248.0, 539995.0, 546168.0, 543967.0, 534880.0, 546308.0], "trip_std_price": [0.0, 0.0, 0.0, 0.0, 0.0, 0.0, 0.0, 0.0, 0.0, 0.0, 0.0, 0.0, 0.0, 0.0, 0.0, 0.0, 0.0, 0.0, 0.0, 0.0, 0.0, 0.0, 0.0, 0.0, 0.0, 0.0, 0.0, 0.0, 0.0, 0.0, 0.0, 0.0], "trip_num_completed": [645, 643, 664, 651, 644, 664, 654, 652, 662, 646, 667, 641, 655, 654, 671, 649, 652, 657, 644, 653, 665, 649, 669, 657, 661, 659, 665, 655, 657, 644, 660, 648], "ratio_serving": [0.4825, 0.4855, 0.4752, 0.4918, 0.4868, 0.4775, 0.4843, 0.4833, 0.481, 0.4829, 0.4812, 0.4842, 0.4834, 0.479, 0.475, 0.485, 0.4775, 0.4771, 0.4784, 0.4792, 0.478, 0.4879, 0.4738, 0.4772, 0.4769, 0.4815, 0.4748, 0.4782, 0.4826, 0.481, 0.4745, 0.4827], "ratio_cruising": [0.0, 0.0, 0.0, 0.0, 0.0, 0.0, 0.0, 0.0, 0.0, 0.0, 0.0, 0.0, 0.0, 0.0, 0.0, 0.0, 0.0, 0.0, 0.0, 0.0, 0.0, 0.0, 0.0, 0.0, 0.0, 0.0, 0.0, 0.0, 0.0, 0.0, 0.0, 0.0], "ratio_online": [0.9994, 0.9994, 0.9988, 0.999, 0.999, 0.9994, 0.9995, 0.9993, 0.9993, 0.9991, 0.9992, 0.9993, 0.9994, 0.9994, 0.9992, 0.9989, 0.9991, 0.9995, 0.9992, 0.9995, 0.9994, 0.9993, 0.999, 0.9988, 0.9992, 0.9993, 0.9994, 0.9995, 0.9994, 0.9991, 0.999, 0.9994], "ratio_waiting": [0.0006, 0.0006, 0.0012, 0.001, 0.001, 0.0006, 0.0005, 0.0007, 0.0007, 0.0009, 0.0008, 0.0007, 0.0006, 0.0006, 0.0008, 0.0011, 0.0009, 0.0005, 0.0008, 0.0005, 0.0006, 0.0007, 0.001, 0.0012, 0.0008, 0.0007, 0.0006, 0.0005, 0.0006, 0.0009, 0.001, 0.0006], "ratio_to_request": [0.5169, 0.5139, 0.5236, 0.5072, 0.5122, 0.5219, 0.5152, 0.516, 0.5183, 0.5162, 0.518, 0.5151, 0.516, 0.5204, 0.5242, 0.5139, 0.5216, 0.5224, 0.5208, 0.5203, 0.5214, 0.5114, 0.5252, 0.5216, 0.5223, 0.5178, 0.5246, 0.5213, 0.5168, 0.5181, 0.5245, 0.5167]}