{"timestamp": 10000, "trip_avg_length": [11.248091603053435, 10.831460674157304, 10.406137184115524, 10.657355679702048, 10.33453237410072, 10.783582089552239, 10.88126159554731, 10.809611829944547, 10.566176470588236, 10.572477064220184, 10.699815837937384, 10.418647166361975, 10.602587800369685, 10.325454545454546, 10.397459165154265, 10.558608058608058, 10.264388489208633, 10.888268156424582, 10.931098696461826, 10.798507462686567, 10.745353159851302, 10.711645101663587, 10.932835820895523, 10.636697247706422, 10.224820143884893, 10.605072463768115, 10.374774774774774, 10.133928571428571, 10.685661764705882, 10.469724770642202, 10.885553470919325, 10.595281306715064, 10.637867647058824, 10.654411764705882, 10.411657559198543, 10.593345656192236, 10.430630630630631, 10.707407407407407, 10.896030245746692, 10.62087912087912, 10.846011131725417, 10.777365491651206, 10.522768670309654, 11.050751879699249, 10.897769516728625, 10.468123861566484, 10.590405904059041, 10.315884476534295, 10.260791366906474, 10.955140186915887, 10.36380255941499, 10.712430426716141, 10.491803278688524, 10.87406015037594, 10.612431444241317, 10.472627737226277, 11.056925996204933, 10.827205882352942, 10.521023765996343, 10.904672897196262, 10.715867158671587, 11.21264367816092, 10.516544117647058, 10.82899628252788, 10.725598526703498, 11.12476370510397, 10.377938517179023, 10.260397830018084, 10.98870056497175, 10.678832116788321, 10.478260869565217, 10.65619223659889, 10.709259259259259, 10.70479704797048, 10.823747680890538, 11.278095238095238, 10.497267759562842, 10.373188405797102, 10.822222222222223, 10.876155268022181, 10.882022471910112, 10.450090744101633, 10.667279411764707, 10.637867647058824, 10.735674676524955, 10.613138686131387, 10.99812734082397, 10.896421845574388, 10.898686679174483, 10.673431734317344, 10.80373831775701, 10.378181818181819, 10.35897435897436, 10.730983302411873, 10.92843691148776, 10.33879781420765, 10.753676470588236, 10.365137614678899, 10.767097966728281, 10.871086556169429, 10.335740072202166, 10.968105065666041, 10.565693430656934, 10.513711151736747, 10.97565543071161, 10.575645756457565, 10.532846715328468, 10.405850091407679, 10.6309963099631, 10.44464609800363, 10.421532846715328, 10.438979963570128, 10.765917602996256, 10.47985347985348, 10.859022556390977, 10.63090909090909, 10.612431444241317, 10.579044117647058, 10.727272727272727, 10.810760667903525, 10.7243947858473, 11.018691588785046, 10.770093457943926, 10.627056672760512, 11.06578947368421, 10.243243243243244, 11.067415730337078, 10.756007393715342, 10.681399631675875, 10.463503649635037, 10.905027932960893, 10.591240875912408, 10.796672828096119, 10.707407407407407, 10.842401500938086, 10.711397058823529, 10.512727272727274, 10.573012939001849, 10.951401869158879, 10.459854014598541, 10.267985611510792, 10.460837887067395, 10.992438563327033, 11.086792452830188, 10.302158273381295, 10.648351648351648, 10.233151183970856, 10.627522935779817, 10.927509293680297, 10.825925925925926, 10.163120567375886, 10.082437275985663, 10.956928838951312, 10.77365491651206, 10.566420664206642, 10.904135338345865, 10.743016759776536, 10.800373134328359, 10.31474820143885, 10.655555555555555, 10.63888888888889, 10.60925925925926, 10.624309392265193, 10.37725631768953, 10.627992633517495, 10.420475319926874, 10.973684210526315, 10.902071563088512, 10.938661710037175, 10.642066420664207, 10.822097378277153, 10.608455882352942, 10.919324577861163, 11.007476635514019, 10.496350364963504, 10.510909090909092, 10.84557438794727, 10.936090225563909, 10.664814814814815, 10.409506398537477, 10.534671532846716, 10.964814814814815, 10.935969868173258, 10.690166975881262, 11.0, 10.437158469945356, 10.55229357798165, 10.905482041587902, 11.018939393939394, 10.326047358834245, 11.05981308411215, 11.00377358490566, 10.438756855575868, 10.652014652014651, 10.815985130111525, 10.522851919561242, 10.954802259887005, 10.131059245960502, 10.590825688073394, 10.497277676950999], "trip_std_length": [5.861595165544841, 5.436530525856159, 5.48144542282588, 5.755242682411812, 5.625254107516546, 5.837171084790308, 5.863379755401962, 5.3376544064614695, 5.4774970210778715, 5.675536939552613, 5.612087385987747, 5.632747323567552, 5.683513202555438, 5.685826658753187, 5.700949779632628, 5.340189824952711, 5.502800936907895, 5.976879115837636, 5.571350406122461, 5.755957135737876, 5.642396828977014, 5.5750660640896434, 5.709638043255064, 5.616173573313841, 5.445428662004078, 5.657479626069076, 5.501195094867671, 5.525744189884365, 5.521223783009296, 5.369596786446767, 5.422491338022655, 5.714112775573616, 5.604564173128718, 5.605444669970161, 5.600378173481947, 5.6817208680866065, 5.472631213145812, 5.629579678140964, 5.699348562170212, 5.6562911873751025, 5.754762313400535, 5.727465945572789, 5.4155152860570475, 5.655131028851048, 5.75286857869015, 5.641811799245073, 5.518013124208018, 5.6006897809783585, 5.314427433137435, 5.808618051820623, 5.416239932866468, 5.696470071280009, 5.570742775645977, 5.836842093156374, 5.859075596763605, 5.534330384339759, 5.556043979856386, 5.597031341699401, 5.719607417187634, 5.928568300126552, 5.7648002276757175, 5.7700834591804915, 5.738135313880858, 5.608720582824069, 5.66695603970476, 5.877734346670053, 5.360091435670805, 5.4418681494184815, 5.895181760668448, 5.681875791027285, 5.829046944378915, 5.688145040671038, 5.723465944186802, 5.420469527952345, 5.785955747676577, 5.987828622295174, 5.51025635879113, 5.323437919553851, 5.466892497593758, 5.586937234116926, 5.701627242549109, 5.3498948368080335, 5.694227206632397, 5.441138898419564, 5.515764917257224, 5.681636670726, 5.751892397817345, 5.781863845856929, 5.706145115909585, 5.371305031693395, 5.66649317510266, 5.5289877721988105, 5.420697180475908, 5.552246796357473, 5.740673366580241, 5.64895715613377, 5.473027553485463, 5.522653532975103, 5.5109795204718885, 5.522593149899966, 5.599051032695948, 5.702844454372075, 5.597287376846747, 5.630721289673111, 5.88953930792122, 5.466165389593827, 5.414297232693183, 5.588559297966477, 5.720455827512798, 5.7149566095449975, 5.792271769256091, 5.374365015871587, 5.6789478670882225, 5.719684919899649, 5.633283656881633, 5.590588608700835, 5.7111833372642575, 5.530098310300011, 5.779964930931657, 5.554369085093618, 5.802011214305133, 5.618695941448746, 5.811480982178199, 5.475543024207818, 5.860646338463946, 5.74443124967774, 5.572399383980299, 5.49941905450919, 5.420424190905662, 5.559608975280175, 5.62187739515432, 5.567836131761959, 5.5592313879651, 5.5367075338598735, 5.699603640818962, 5.242587438300542, 5.416709989231288, 5.4386795024125085, 5.563690103472078, 5.626468468226205, 5.4947768108660995, 5.698945036200294, 5.635757053801819, 5.96467708518316, 5.398380620840617, 5.573104486723103, 5.25976525209995, 5.609851615556022, 5.834803421804647, 5.6256089443288735, 5.410620123443826, 5.483799516952005, 6.000313562857695, 6.026285326961904, 5.431069029628645, 5.739015480764139, 5.79483753953368, 5.658773389938956, 5.500804235632801, 5.712548457259966, 5.5857927142809, 5.60960712027997, 5.443390084278099, 5.394902231693907, 5.32115111543695, 5.741107212263141, 5.610079472676897, 5.787008588351877, 5.6098320214915285, 5.613728705009539, 5.443977404713105, 5.526274324517227, 5.695449445331796, 5.422688592991203, 5.548227950931051, 5.496351607360608, 5.842460510841098, 5.698540089334644, 5.986146271845407, 5.586002119873519, 5.244451576415289, 5.6362470245068215, 5.94098772684028, 5.545771406359946, 5.824178279515398, 5.684972355877492, 5.786215767203783, 5.872829060678804, 5.8087920897361665, 5.488626677971759, 5.821019915981967, 6.12418534479611, 5.662781138972342, 5.499897232453611, 5.458321726879823, 5.625169402446983, 5.5707933643732295, 5.378231386402226, 5.6952827943158395, 5.5131826698895665],