{"timestamp": 10000, "trip_avg_length": [10.692477876106194, 10.866817155756207, 10.157327586206897, 10.62971175166297, 10.585365853658537, 10.668181818181818, 10.815730337078652, 10.437362637362638, 10.440528634361234, 10.677200902934537, 11.002232142857142, 11.060133630289533, 10.555555555555555, 10.90744920993228, 10.307860262008735, 11.143187066974596, 10.86896551724138, 10.580357142857142, 10.878651685393258, 10.537946428571429, 10.306695464362852, 10.355555555555556, 10.723595505617977, 10.253731343283581, 10.31590413943355, 10.37199124726477, 10.363431151241535, 10.318777292576419, 10.78125, 10.573626373626373, 10.745495495495495, 10.692650334075724, 10.288503253796096, 10.702702702702704, 10.64079822616408, 11.05656108597285, 10.690265486725664, 11.226327944572748, 10.57488986784141, 10.669662921348314, 10.862302483069977, 10.689342403628117, 10.546666666666667, 10.793650793650794, 11.369668246445498, 10.334792122538293, 10.547511312217194, 10.487804878048781, 10.52549889135255, 10.658426966292135, 10.339092872570195, 10.665148063781322, 10.329718004338394, 10.720357941834452, 10.221491228070175, 10.991031390134529, 11.091743119266056, 10.433333333333334, 10.957777777777778, 10.580357142857142, 10.655405405405405, 10.302428256070641, 10.728699551569507, 11.046189376443419, 10.516411378555798, 10.51441241685144, 10.65695067264574, 10.419354838709678, 10.200883002207506, 10.803131991051455, 10.763636363636364, 10.602222222222222, 10.506607929515418, 10.675, 10.701357466063348, 10.56113537117904, 10.728476821192054, 10.19784946236559, 10.396929824561404, 10.474157303370786, 10.77578475336323, 10.763919821826281, 11.050925925925926, 10.56113537117904, 10.874141876430206, 10.44273127753304, 10.697777777777778, 10.675555555555556, 10.75, 10.442477876106194, 11.016241299303944, 10.851685393258427, 10.730941704035875, 10.976525821596244, 10.666666666666666, 10.920454545454545, 10.979405034324943, 11.100227790432802, 10.818807339449542, 10.843537414965986, 10.885135135135135, 11.020501138952165, 10.770601336302896, 10.70945945945946, 10.70561797752809, 10.418141592920353, 10.329004329004329, 10.887387387387387, 10.271149674620391, 10.80931263858093, 10.562363238512035, 10.524774774774775, 10.832951945080092, 10.981693363844393, 10.728089887640449, 11.253488372093024, 10.851685393258427, 11.252293577981652, 10.41891891891892, 10.7579185520362, 10.464912280701755, 10.676404494382023, 10.69111111111111, 10.498861047835991, 10.720264317180616, 10.98165137614679, 10.608988764044943, 10.599552572706935, 10.602649006622517, 10.497747747747749, 11.062068965517241, 11.373831775700934, 10.820224719101123, 10.951612903225806, 11.153669724770642, 10.320175438596491, 10.578602620087336, 10.690045248868778, 10.343680709534368, 10.800448430493274, 11.061643835616438, 10.484581497797357, 10.467105263157896, 10.400437636761488, 10.779017857142858, 10.769751693002258, 10.52087912087912, 10.67713004484305, 10.867881548974943, 10.634573304157549, 10.178494623655913, 10.773242630385488, 10.941441441441441, 10.631929046563194, 10.970387243735763, 10.857142857142858, 10.592760180995475, 10.53229398663697, 10.594235033259423, 10.707317073170731, 10.72888888888889, 10.694877505567929, 10.494407158836689, 10.891402714932127, 10.724832214765101, 10.895454545454545, 10.86590909090909, 10.637969094922738, 10.533632286995516, 10.582417582417582, 10.707317073170731, 10.218340611353712, 11.12183908045977, 10.536263736263736, 11.24235294117647, 10.70627802690583, 10.444201312910284, 10.821826280623608, 10.965596330275229, 10.73873873873874, 10.662192393736017, 10.049356223175966, 10.385809312638582, 10.406593406593407, 10.852272727272727, 11.117782909930716, 11.038374717832957, 10.425720620842572, 10.350762527233115, 10.823529411764707, 10.544018058690744, 10.687224669603523, 11.149082568807339, 10.62582056892779, 10.92517006802721, 10.705882352941176, 10.748878923766815, 10.835214446952596, 10.405764966740577, 10.685144124168515], "trip_std_length": [5.681489588886491, 5.868218378261436, 5.103564315287256, 5.39917909965694, 5.689579578074465, 5.409073720369939, 5.486836113282725, 5.942575908554614, 5.512879248270205, 5.391833915997108, 5.798513850520763, 5.827394102953799, 5.677438519092043, 5.5771230189420775, 5.492669132472291, 5.551173315388115, 5.703302337289781, 5.496570997412099, 5.3197632774509, 5.597622843415775, 5.35448566398609, 5.221560241730884, 5.661421238799129, 5.449282727031531, 5.170975201170062, 5.529068101006615, 5.546537688191072, 5.169920247052342, 5.592677471001064, 5.21647506695274, 5.42646189689453, 5.796394268589047, 5.798239890618973, 5.76271738109002, 5.6853585854648045, 6.036012957844274, 5.538409161095945, 5.691819798008948, 5.64066296922306, 5.809801955556013, 6.061125891183492, 5.434508013182499, 5.3792853717860245, 5.525086515410549, 5.776716575383394, 5.227384718592488, 5.405607584161509, 5.504419294240353, 5.79977382438993, 5.457925048969773, 5.558983238100533, 5.431238582562865, 5.415868638473298, 5.561541950319735, 5.418177127989996, 5.5609069746023065, 5.87919872903444, 5.43823909408592, 5.4238563111452915, 5.786203407455443, 5.312800500674835, 5.382821036918559, 5.482579964049508, 5.751809879327036, 5.435946269811095, 5.427338271009199, 5.648626455708665, 5.525546887048486, 5.552621966182805, 5.8249397487474575, 5.813663017921696, 5.514787752091397, 5.475914458302904, 5.5013479753106465, 6.094760598626574, 5.591788312116811, 5.70147780095695, 5.465000634430674, 5.467037529224818, 5.462631544501788, 6.220820399830108, 5.651137714080647, 5.911946401463083, 5.787878503870059, 5.756317354091524, 5.395791110033693, 5.5515558935766975, 5.550701879764818, 5.3602747173111425, 5.3384364372579425, 5.758255711759132, 5.770558993029518, 5.682502646979097, 5.7055621610211995, 5.514828495368948, 5.589807263934409, 5.935352457886046, 5.816790944818262, 5.7809172353656795, 5.802533671639043, 5.5098482451371735, 5.640484859720146, 5.97384274889338, 5.746036681544398, 5.829108659492563, 5.727972667760062, 5.390787263501276, 5.652944973016192, 5.212013964641614, 5.793872611471154, 5.681262658932999, 5.605806087103846, 5.523572429543982, 5.898425796837886, 5.872062761123376, 5.915955911168376, 5.760815180291071, 5.9782188186856455, 5.674361709764868, 5.5120389188702195, 5.3760838557340485, 5.338729017451397, 5.707317806396441, 5.483823681082621, 5.704058677178163, 5.769234524417209, 5.694066307326716, 5.478720255564705, 5.663187508992913, 5.510636264940457, 5.8508913041275195, 5.950376355781112, 5.4672915007337695, 5.527889879779368, 5.989804818395831, 5.546307129634893, 5.832387795089379, 5.446269053607926, 5.656801233878181, 6.215711307926397, 5.552846079346112, 5.875618267305475, 5.4462095661149945, 5.364548494743668, 5.650759029265358, 5.220750980091988, 5.794190278666057, 5.5785276049055925, 5.968470141591718, 5.4680239654812475, 5.35416327734864, 5.499396846548208, 5.541505445899269, 6.275440501270631, 5.621431297033101, 5.995084910482939, 5.511546258098224, 5.7567200466332435, 5.872017337144922, 5.537488815394356, 5.284132314863781, 5.546563015768453, 5.498369906472747, 5.726967904642657, 5.8208055367902265, 5.675143352032237, 5.312311737062833, 5.891706096873528, 5.669720438947456, 5.765501672873804, 5.797270910360499, 5.277489052211381, 5.987831056043089, 5.763689227644111, 5.788840714392563, 5.9686254476521, 6.01144552633949, 5.530991063411778, 5.886246593230427, 5.618440859215243, 5.516700504391612, 5.405025639223065, 5.532582220822134, 5.61782489287353, 5.594924186518756, 5.597548348112224, 5.629723525601475, 5.524840425863893, 5.4613969565512415, 5.777205029293353, 5.624417029806892, 5.572823038166725, 5.765149494991817, 5.45541212760573, 5.723510532608624, 5.658006921257767, 5.847055607851243, 5.44186817581532, 5.577660742586763, 5.416016828167876],