{"timestamp": 10000, "trip_avg_length": [10.82803738317757, 10.852886405959032, 11.163498098859316, 10.533210332103321, 11.032075471698112, 11.220306513409962, 10.699443413729128, 10.375912408759124, 11.2680608365019, 10.938317757009345, 10.763157894736842, 10.730841121495327, 10.909433962264151, 10.401834862385321, 10.827777777777778, 10.632162661737523], "trip_std_length": [5.907096862621849, 5.7020003719938, 5.822458675307346, 5.848471307191065, 5.931758897405181, 6.23757995840271, 5.75751663783303, 5.586833133312741, 5.9364831003601495, 5.828862200570202, 5.832588943779539, 5.7028015940839625, 5.944976130232589, 5.559519180110271, 5.662250457805057, 5.947055434064256], "trip_avg_price": [681509, 687529, 692634, 670667, 692774, 690866, 678992, 666672, 702398, 690791, 673037, 674502, 680203, 665529, 691748, 676042], "trip_num_completed": [0, 0, 0, 0, 0, 0, 0, 0, 0, 0, 0, 0, 0, 0, 0, 0], "ratio_serving": [0.5793, 0.5836, 0.5872, 0.5715, 0.5873, 0.5859, 0.5774, 0.5686, 0.5941, 0.5858, 0.5731, 0.5741, 0.5782, 0.5677, 0.5864, 0.5752], "ratio_cruising": [0.0025, 0.0021, 0.0017, 0.0016, 0.0017, 0.0011, 0.0004, 0.0013, 0.0002, 0.0016, 0.0007, 0.0018, 0.0005, 0.0008, 0.0001, 0.0017], "ratio_online": [0.9972, 0.9976, 0.9975, 0.9975, 0.9975, 0.9977, 0.9982, 0.9973, 0.9982, 0.9967, 0.9974, 0.9958, 0.9974, 0.9969, 0.9973, 0.9959], "ratio_waiting": [0.0003, 0.0003, 0.0008, 0.0009, 0.0008, 0.0012, 0.0014, 0.0014, 0.0016, 0.0017, 0.0019, 0.0024, 0.0021, 0.0023, 0.0026, 0.0024], "ratio_to_request": [0.4179, 0.414, 0.4103, 0.426, 0.4102, 0.4118, 0.4208, 0.4287, 0.4041, 0.4109, 0.4243, 0.4217, 0.4192, 0.4292, 0.4109, 0.4207]}