{"timestamp": 10000, "trip_avg_length": [11.086206896551724, 11.441595441595442, 11.917378917378917, 11.29050279329609, 11.162983425414364, 11.515669515669515, 10.734806629834255, 11.199453551912569, 11.167138810198301, 11.402857142857142, 11.479768786127167, 11.153631284916202, 11.144444444444444, 11.54913294797688, 10.918478260869565, 11.782991202346041, 11.513966480446927, 11.351123595505618, 11.055710306406684, 11.027397260273972, 10.932584269662922, 11.053977272727273, 11.126074498567336, 11.375358166189113, 11.152777777777779, 11.280112044817928, 10.872679045092838, 11.389645776566757], "trip_std_length": [6.147472565672788, 6.208291649387443, 6.3718138205336885, 6.263262511590772, 5.922936029510199, 6.397930536512519, 5.808295990277552, 5.924027182757539, 6.7771359511432605, 6.265141006931504, 6.28935203971666, 5.9327116750569, 5.926046295073809, 6.034023174003043, 5.71600402660251, 6.278469785032403, 6.730118696936488, 5.705090756095467, 5.766797142829905, 6.13584260380126, 5.6000556835293125, 5.984348532891432, 6.401659151446451, 6.258021346675154, 5.9904083570279765, 6.026549290098719, 5.698873403990194, 6.032898150351073], "trip_avg_price": [422061, 441826, 463857, 443779, 444941, 444130, 425111, 452641, 431053, 439360, 435084, 437465, 439384, 439718, 441771, 443110, 453939, 445394, 435350, 441841, 426471, 424238, 425822, 437272, 443184, 444395, 451265, 465351], "trip_num_completed": [0, 0, 0, 0, 0, 0, 0, 0, 0, 0, 0, 0, 0, 0, 0, 0, 0, 0, 0, 0, 0, 0, 0, 0, 0, 0, 0, 0], "ratio_serving": [0.3867, 0.4017, 0.4183, 0.4042, 0.4049, 0.4042, 0.3886, 0.4104, 0.3942, 0.3994, 0.3972, 0.3993, 0.4012, 0.3996, 0.4018, 0.4018, 0.4122, 0.4041, 0.397, 0.4025, 0.3892, 0.3891, 0.3883, 0.3975, 0.4015, 0.4036, 0.4099, 0.4192], "ratio_cruising": [0.1608, 0.1403, 0.1441, 0.1479, 0.1389, 0.1428, 0.1455, 0.1486, 0.1523, 0.1427, 0.1336, 0.1491, 0.1519, 0.1361, 0.1562, 0.1466, 0.1426, 0.1433, 0.1465, 0.147, 0.1518, 0.152, 0.1411, 0.1381, 0.157, 0.1407, 0.145, 0.1442], "ratio_online": [0.7605, 0.7905, 0.796, 0.7948, 0.8024, 0.7972, 0.7728, 0.7927, 0.7806, 0.7823, 0.8006, 0.7894, 0.7923, 0.7883, 0.7761, 0.7754, 0.8081, 0.7859, 0.7835, 0.7923, 0.7625, 0.7784, 0.7685, 0.7825, 0.7612, 0.7908, 0.8015, 0.7941], "ratio_waiting": [0.0787, 0.0692, 0.0599, 0.0573, 0.0587, 0.06, 0.0817, 0.0587, 0.0671, 0.075, 0.0658, 0.0615, 0.0558, 0.0756, 0.0677, 0.078, 0.0493, 0.0708, 0.07, 0.0607, 0.0857, 0.0696, 0.0904, 0.0794, 0.0818, 0.0685, 0.0535, 0.0617], "ratio_to_request": [0.3738, 0.3888, 0.3777, 0.3906, 0.3975, 0.393, 0.3842, 0.3823, 0.3864, 0.3829, 0.4034, 0.3901, 0.3911, 0.3887, 0.3743, 0.3736, 0.3959, 0.3818, 0.3865, 0.3898, 0.3733, 0.3893, 0.3802, 0.385, 0.3597, 0.3872, 0.3916, 0.3749]}