{"timestamp": 10000, "avg_req_length": [7.426807760141093, 7.47986577181208, 7.3463414634146345, 7.421487603305785, 7.018662519440125, 7.386666666666667, 7.777960526315789, 7.205387205387205, 7.549053356282272, 7.122611464968153, 7.739352640545145, 7.185430463576159, 7.403418803418804, 7.653188180404355, 7.257142857142857, 7.554119547657512, 7.404761904761905, 7.235194585448393, 7.279731993299833, 7.629090909090909, 7.554794520547945, 7.222591362126246, 7.394648829431438, 7.404634581105169, 7.529812606473595, 7.51628664495114, 7.466442953020135, 7.0512, 7.0, 7.506734006734007, 7.5805921052631575, 7.532994923857868, 7.646551724137931, 7.477198697068404, 7.761986301369863, 7.394088669950739, 7.436960276338515, 7.128813559322034, 7.273462783171521, 7.705372616984402, 7.305280528052806, 7.098006644518272, 7.547169811320755, 7.21486268174475, 7.216748768472907, 7.180904522613066, 7.104304635761589, 7.472268907563025, 7.328493647912886, 7.454697986577181, 7.341379310344828, 7.66006600660066, 7.303921568627451, 7.539543057996485, 7.251623376623376, 7.299500831946755, 7.308072487644152, 7.47741935483871, 7.6731107205623905, 7.49748743718593, 7.592833876221499, 7.377926421404682, 7.109777015437393, 7.326599326599327, 7.49919224555735, 7.579545454545454, 7.283653846153846, 7.458730158730159, 7.271043771043771, 7.495636998254799, 7.2028526148969885, 7.308580858085809, 7.299145299145299, 7.434571890145396, 7.535211267605634, 7.4171875, 7.359797297297297, 7.351666666666667, 7.207903780068729, 7.451342281879195, 7.325463743676223, 7.2750424448217315, 7.42566510172144, 7.465661641541039, 7.262910798122066, 7.436274509803922, 7.314569536423841, 7.105863192182411, 7.211703958691911, 7.481116584564861, 7.352331606217617, 7.4605954465849385, 7.363777089783282, 7.313274336283186, 7.026359143327842, 7.024271844660194, 7.228896103896104, 7.47191011235955, 7.464814814814815, 7.522537562604341, 7.6286701208981, 7.397350993377484, 7.336079077429983, 7.3355155482815055, 7.4096, 7.187707641196013, 7.373029772329247, 7.485714285714286, 7.320469798657718, 7.183501683501683, 7.393258426966292, 7.6642066420664205, 7.714518760195759, 7.366153846153846, 7.496527777777778, 7.489112227805695, 7.031496062992126, 6.998425196850394, 7.332794830371567, 7.671794871794872, 7.382716049382716, 7.108943089430895, 7.3467600700525395, 7.306020066889632, 7.061611374407583, 7.411764705882353, 7.406976744186046, 7.369529983792544, 7.417508417508418, 7.427868852459016, 7.4245439469320065, 7.333333333333333, 7.516814159292036, 7.3878260869565215, 7.660287081339713, 7.249594813614262, 7.489690721649485, 7.28500823723229, 7.341216216216216, 7.346026490066225, 7.652323580034423, 7.36896551724138, 7.600719424460432, 7.429519071310116, 7.378029079159935, 7.2683333333333335, 7.638795986622074, 7.275316455696203, 7.712374581939799, 7.284745762711864, 7.361774744027303, 7.08141592920354, 7.613019891500904, 7.277955271565495, 7.49560632688928, 7.308980213089802, 7.153225806451613, 7.355902777777778, 7.384615384615385, 7.305418719211823, 7.551166965888689, 7.245852187028658, 7.446366782006921, 7.365482233502538, 7.329931972789115, 7.324561403508772, 7.388178913738019, 7.122278056951424, 7.3428571428571425, 7.575907590759076, 7.424793388429752, 7.543269230769231, 7.378640776699029, 7.310965630114566, 7.429284525790349, 7.619765494137353, 7.5365448504983386, 7.063758389261745, 7.625210084033614, 7.288025889967638, 7.345238095238095, 7.276271186440678, 7.278996865203761, 7.490259740259741, 7.519458544839256, 7.322847682119205, 7.210977701543739, 7.290584415584416, 7.300840336134454, 7.47719298245614, 7.279646017699115, 7.481605351170568, 7.311111111111111, 7.6970740103270225, 7.327787021630615, 7.298555377207062, 7.25752508361204, 7.200674536256324, 7.275387263339071, 7.475328947368421], "std_req_length": [3.9069224779560345, 4.08277573473043, 3.9235021000289003, 3.9974207926671887, 3.9710805377470346, 4.145337407524534, 3.919213944888726, 3.9997775108457314, 4.002549097260733, 3.858475433470658, 4.246878993129966, 4.107663607379486, 3.848141556646313, 4.012744271083931, 3.8773544525901174, 4.022741691825289, 4.009696297613196, 3.891138779682066, 3.9664178145943225, 4.131549246173125, 3.9669539432561076, 3.9186437322273537, 3.986780596610336, 4.0308852081963575, 3.9391081323062473, 3.9209071969156453, 3.9357953024583257, 3.810377745053632, 3.8201963930589917, 3.9274723204928486, 3.868320003491355, 3.985826538655657, 4.146153827063033, 3.951493508471216, 3.912991204206305, 3.9916618182099763, 3.850946780403905, 3.809935754939353, 3.936548680916232, 4.105184055109007, 4.0272428517921055, 3.776834796012107, 4.063064781733584, 3.945186483125535, 3.821422022858009, 3.980787678164054, 3.87008154164549, 3.9878581342767565, 4.012128312127162, 4.119396101086536, 3.976310648498812, 4.155789154179139, 3.9658407832427574, 4.0042508785990325, 3.9221313399432742, 3.9883544808155618, 4.029829149396875, 3.7628669301237507, 4.271785596952987, 3.985578321655451, 3.8734476703757146, 3.9526014101639024, 3.9056132957762335, 3.858315548672874, 4.051117159014615, 3.739509628403288, 3.9216675525850007, 3.8873884374594763, 4.001969622998651, 4.2173163953545645, 3.8878971997679987, 3.937484952988789, 3.9558783637089765, 4.037405907825099, 3.9363992480276995, 3.9234094981079592, 4.151758658558035, 4.077335390777767, 3.94808310584681, 3.760798529678197, 4.006357826149274, 4.039584087405176, 4.0633133046165435, 4.033475099669131, 3.9791772149732108, 3.857027095594175, 3.8140190575025312, 3.747337576584169, 3.825577569497514, 4.019662845766171, 3.848182028738603, 3.9652305400362295, 3.935531636641298, 3.9897103145173527, 3.7805489899067917, 3.777945693194691, 4.015134851075675, 3.8305309002113512, 3.9982244859162823, 4.0393402953383335, 4.0742597526347915, 3.804544981885187, 4.0384151776358115, 3.9106676280683104, 3.89279177968717, 3.988727687582736, 4.116845207584526, 3.906174507073626, 4.007917974547211, 3.8162770116692455, 4.0025376551894025, 4.161607518509027, 4.253592816472093, 4.113926700782147, 4.1891048035092115, 4.069574823659269, 3.835879120610718, 3.5968048868420412, 3.8027802653155964, 3.869005617822612, 4.04689238173619, 3.9153026470375694, 3.9906505239660013, 3.736961352055238, 3.900945151482974, 4.015540744912003, 3.948019962467754, 3.9349959509544656, 4.132171943478134, 4.105439460414463, 4.077873138777435, 3.975003596824944, 4.00554709740555, 4.063092585833924, 4.0124688332347205, 3.971038263798284, 4.005888737582014, 4.0742073697664996, 3.975234636183128, 4.0507297322256255, 4.017125423282213, 4.051189986800886, 3.719325312122143, 4.0020215788146345, 3.887667672020335, 3.9941203314650173, 3.970623720645636, 4.159040582964041, 4.0623337996553355, 4.09467672444801, 3.9039893297063597, 3.911918450037815, 3.8939806696105377, 3.8255981141393716, 4.21067331899867, 3.981363934305209, 3.894256222907862, 4.002178211298477, 4.106376433812854, 3.9714068595048078, 3.910073475107595, 4.02685668998547, 4.196892360407653, 4.012892892891576, 3.7823419834443897, 4.0155304078983045, 3.9708749013746165, 4.011723544653997, 3.9587541845734187, 3.90100440879027, 3.874013465285386, 4.166954810056531, 3.8732753878574036, 3.8611151705848976, 4.0181047411756685, 4.087954026063815, 3.8626106222886363, 3.8624802471656805, 3.9102154185837694, 3.9936704353583403, 3.789287771344235, 3.9740616196740572, 4.015709464676493, 3.9991763678095875, 4.05869087500389, 3.998767339453173, 3.8512321751725453, 4.034145130159015, 3.8877419035940686, 4.202381010301211, 3.977773631133029, 3.974268755200972, 3.7978737205412885, 3.8492874423456063, 3.859949642481595, 3.950428934152252, 3.9647993654872544, 3.815986548622424, 3.93185018131489, 4.065182299557516],