{"timestamp": 10000, "avg_req_length": [7.21010101010101, 7.540041067761807, 7.492753623188406, 7.219066937119676, 7.221532091097308, 7.312368972746331, 7.516260162601626, 7.008213552361396, 7.274390243902439, 7.345755693581781, 7.1928721174004195, 7.355421686746988, 7.451882845188284, 7.4, 7.587866108786611, 7.430927835051547, 7.487234042553191, 7.416666666666667, 7.394250513347022, 7.338912133891213, 7.2407407407407405, 7.393814432989691, 7.5958762886597935, 7.286885245901639, 7.43298969072165, 7.427659574468085, 7.745689655172414, 7.549792531120332, 7.56875, 7.25103734439834, 7.07185628742515, 7.461697722567288, 7.8294243070362475, 7.372427983539095, 7.411642411642411, 7.234215885947047, 7.559006211180124, 7.616666666666666, 7.410788381742739, 7.3178947368421055, 7.251028806584362, 7.252049180327869, 7.506198347107438, 7.516528925619835, 7.129554655870446, 7.265010351966874, 7.399168399168399, 7.262, 7.756989247311828, 7.386892177589852, 7.2045929018789145, 7.459183673469388, 7.632911392405063, 7.323770491803279, 7.3105590062111805, 7.245322245322245, 7.505133470225872, 7.40618556701031, 7.217479674796748, 7.643006263048017, 7.122699386503068, 7.525210084033613, 7.15587044534413, 6.986166007905139, 7.157464212678937, 7.497967479674797, 7.435416666666667, 7.407563025210084, 7.203319502074689, 7.572025052192067, 7.486652977412731, 7.26844262295082, 7.320486815415822, 7.390041493775934, 7.639065817409766, 7.233739837398374, 7.137724550898204, 7.705263157894737, 7.234468937875752, 7.194616977225673, 7.051229508196721, 7.496842105263158, 7.244399185336049, 7.401260504201681, 7.642553191489362, 7.542194092827004, 7.552016985138004, 7.2875264270613105, 7.151209677419355, 7.077844311377246, 7.40251572327044, 7.225206611570248, 7.335429769392033, 7.519396551724138, 7.630705394190872, 7.305498981670061, 7.224742268041237, 7.419087136929461, 7.336842105263158, 7.5638297872340425, 7.208080808080808, 7.4722792607802875, 7.388773388773389, 7.110204081632653, 7.6075949367088604, 7.7025316455696204, 7.3347022587268995, 7.521920668058455, 7.3685300207039335, 7.233193277310924, 7.217479674796748, 7.556962025316456, 7.1416837782340865, 7.400835073068894, 7.37006237006237, 7.249496981891348, 7.239754098360656, 7.130434782608695, 7.737288135593221, 7.3920335429769395, 7.288, 7.1871101871101875, 7.135294117647059, 7.583333333333333, 7.437238493723849, 7.418891170431212, 7.429447852760736, 7.216768916155419, 6.921843687374749, 7.344969199178645, 7.581740976645436, 7.670124481327801, 7.491596638655462, 7.547169811320755, 7.296370967741935, 7.243186582809225, 7.6263048016701465, 7.214428857715431, 7.496957403651115, 7.446502057613169, 7.540041067761807, 7.39344262295082, 7.285140562248996, 7.497959183673469, 7.5845511482254695, 7.468682505399568, 7.392857142857143, 7.319018404907975, 7.393939393939394, 7.610752688172043, 7.562632696390658, 7.258130081300813, 7.479674796747967, 7.366598778004073, 7.351129363449692, 7.544491525423729, 7.372188139059305, 7.524109014675052, 7.4526315789473685, 7.333996023856859, 7.540880503144654, 7.440993788819876, 7.713080168776371, 7.2375, 7.306451612903226, 7.360655737704918, 7.666666666666667, 6.936381709741551, 7.217213114754099, 7.32776617954071, 7.5292841648590025, 7.375518672199171, 7.185110663983903, 7.288032454361055, 7.3561076604554865, 7.54320987654321, 7.477894736842106, 7.647679324894515, 7.321063394683026, 7.16869918699187, 7.359504132231405, 7.365384615384615, 7.366876310272537, 6.991919191919192, 7.338235294117647, 7.584521384928717, 7.253112033195021, 7.259336099585062, 7.131958762886598, 7.509355509355509, 7.355102040816327, 7.5613305613305615, 7.528301886792453, 7.576017130620985, 7.418032786885246, 7.424430641821946, 7.348008385744235, 7.127272727272727, 7.389344262295082, 7.165631469979296], "std_req_length": [3.75409527089128, 4.127577708485516, 3.987227183935861, 3.7945035434907752, 4.05941791925555, 4.294322960834613, 4.135625000371472, 3.9649302335942975, 3.8376497394246973, 3.922979705599064, 3.816068796434066, 4.055857572138532, 3.7585031365264197, 4.066939881532551, 4.1200117864089245, 3.9274177877236722, 4.051115791728255, 3.872349167608825, 3.8849744518668134, 4.105078045805466, 3.6522819219374876, 4.171029550597386, 3.8729279135907966, 3.8639347739902608, 4.117118441048992, 4.089696556795339, 4.172465000398224, 4.242959748316773, 3.9364036171993337, 3.9009054383911046, 3.7712572948735694, 3.9526287627820076, 4.3297832897219015, 3.805884153150285, 3.7032588902901593, 4.071675839352387, 4.089340869043891, 4.007666264659383, 3.9253046239626244, 3.909232767567689, 3.9957216022424498, 3.888823295102532, 4.109800171329712, 4.025966279114651, 3.800625481770172, 3.9787423429222977, 3.9951529019159526, 3.728452225790214, 4.100757806952543, 3.7076569909555435, 3.7466616722151, 4.011128314329917, 3.984708795134484, 3.7865281749192277, 3.963972365340724, 4.1387203559964325, 3.9648706813934522, 4.096007974405033, 3.7933750751763267, 4.149088505927947, 4.022085764799972, 4.218979096858652, 3.7640419892153054, 3.8696404123714103, 4.004822056565309, 4.029111031761163, 4.079930023058674, 3.9067203392427556, 3.9225052035902115, 3.9223318486451904, 3.997345948133834, 3.9603138889697735, 3.8924077249030566, 3.9579407548654837, 3.8827401811271645, 3.769291818148895, 3.990381901089539, 4.176308327522933, 3.913280183186647, 3.86085788537438, 3.851686681388854, 4.07114241387066, 3.904322138348645, 3.707351101884169, 3.9797222548683053, 4.0663422740534445, 3.9359186465256357, 3.9260867675567312, 3.9189519033220486, 3.983489897086748, 4.05122260220343, 3.937122664417129, 3.9706288643489454, 4.112068400744557, 3.9140839323384453, 4.040067943397714, 4.148904486575809, 3.8631529912625684, 3.849840806868142, 3.9393230616177664, 3.9633593741703, 3.8347208133936697, 4.094085632331542, 3.8550388387338725, 4.213954279695826, 4.0118645144009975, 4.179848874739641, 4.2831708916683, 3.752266852825508, 3.826355844230577, 4.086894002913496, 3.8830373364627633, 4.048784597029765, 3.915879471781182, 4.019218099745784, 4.003283957346749, 3.8135190845706863, 3.9133425236547357, 4.020451880542477, 3.8758754275791376, 3.9820919125504877, 3.8622755896055043, 4.047672947020773, 3.9897437957286876, 4.033753288915971, 3.8328918536089795, 3.977394187317784, 4.124103049259946, 3.8680521535445083, 3.789655533786643, 4.179772079138268, 3.8505670737546764, 4.0075995001080145, 4.014175270356683, 4.0871142581480555, 4.086022181422128, 4.081658285820944, 3.910331649831283, 3.9987943000571216, 3.944603297139836, 3.9930558818429813, 3.892105033393905, 3.930498103509024, 4.0608881001080706, 3.8124961216303532, 4.151893553363674, 3.9872527225784777, 3.9522283142453976, 3.9013548069433828, 4.066793467940052, 4.105276583738863, 3.8824750821565694, 3.8909935477396758, 3.996437369659575, 4.063398219476068, 4.103808090438505, 4.046827573847996, 4.01907734395734, 3.7522440192577298, 3.8788534788160476, 3.923389207370708, 4.011646688993351, 4.353324279755898, 3.908570977139002, 3.9796405644043076, 4.02821111858722, 4.070407078340403, 3.7437726198115127, 3.952840701358936, 3.967914296178874, 3.9768458554859634, 3.9596070261477427, 3.882315530854447, 3.840401060730916, 3.798972696051532, 4.126246561264474, 4.010123477489083, 3.981010422186265, 3.8479785272909677, 4.005331296620842, 4.065437439230491, 4.000138681027899, 3.803010130106199, 3.7145544145321874, 3.882882094063813, 4.245338251386724, 3.8198869038759407, 4.043996366612877, 4.015833261205532, 4.166545281721034, 3.998523259266325, 3.9017136670157972, 4.1786288474968325, 4.097853251078239, 3.818291103326813, 3.8399641233730204, 4.128499559414898, 3.763992565977109, 3.8993548725997074, 3.917035438980757],