{"timestamp": 10000, "trip_avg_length": [7.359098228663446, 7.3328, 7.4927302100161555, 7.313099041533547, 7.293269230769231, 7.286604361370716, 7.614238410596027, 7.356120826709062, 7.12037037037037, 7.223270440251572, 7.197819314641745, 7.387459807073955, 7.5584843492586495, 7.474025974025974, 7.586601307189542, 7.451923076923077, 7.301765650080257, 7.509771986970684, 7.3648, 7.464696223316913, 7.265723270440252, 7.2253968253968255, 7.31378763866878, 7.376623376623376, 7.339171974522293, 7.555374592833876, 7.416666666666667, 7.177316293929713, 7.213375796178344, 7.449275362318841, 7.337559429477021, 7.4112], "trip_std_length": [3.837043173333163, 4.196908881546037, 3.882922571907224, 3.9567616304769255, 3.8947144761319437, 4.102515146311232, 4.046320696008717, 3.9793243338439215, 3.980393908307936, 3.851058744704365, 3.7702468884347025, 4.045087963720519, 3.950199420570517, 3.9893495416620386, 3.8709598653244313, 3.9513381562265804, 3.9777204684159746, 4.176372459287378, 3.899707804438686, 4.031788906658072, 3.775977687400681, 3.8958654622140716, 3.835332867600785, 4.037692413617709, 3.9965662748831083, 4.003178147813681, 4.135847560384092, 3.6799512714195073, 3.9739212860145647, 4.106013063206484, 4.060380221850252, 3.836523759863869], "trip_avg_price": [511486, 512590, 520134, 511903, 508201, 526463, 515012, 519717, 516748, 514836, 518183, 514348, 513121, 515296, 520834, 522022, 507726, 516549, 516409, 507280, 517637, 508556, 516875, 508771, 515983, 520804, 519007, 500911, 504949, 518656, 519053, 519671], "trip_num_completed": [0, 0, 0, 0, 0, 0, 0, 0, 0, 0, 0, 0, 0, 0, 0, 0, 0, 0, 0, 0, 0, 0, 0, 0, 0, 0, 0, 0, 0, 0, 0, 0], "ratio_serving": [0.4574, 0.4583, 0.4638, 0.4578, 0.4551, 0.4682, 0.4599, 0.4634, 0.4614, 0.4597, 0.4621, 0.4595, 0.4588, 0.4604, 0.4643, 0.465, 0.4549, 0.4611, 0.461, 0.4546, 0.4621, 0.4554, 0.4615, 0.4556, 0.4609, 0.464, 0.4628, 0.4498, 0.453, 0.4628, 0.463, 0.4632], "ratio_cruising": [0.1098, 0.1145, 0.1128, 0.1087, 0.1199, 0.0971, 0.12, 0.1092, 0.1019, 0.1093, 0.1003, 0.1103, 0.1175, 0.1169, 0.117, 0.1054, 0.1104, 0.1128, 0.1157, 0.1226, 0.1113, 0.1045, 0.1102, 0.1162, 0.1094, 0.1087, 0.1104, 0.116, 0.114, 0.1029, 0.115, 0.11], "ratio_online": [0.885, 0.8815, 0.8844, 0.8872, 0.8754, 0.8988, 0.8746, 0.8869, 0.8955, 0.8845, 0.8936, 0.8851, 0.8798, 0.8809, 0.8802, 0.8902, 0.8864, 0.8829, 0.88, 0.8744, 0.8868, 0.8913, 0.8873, 0.8801, 0.8885, 0.8855, 0.8847, 0.8783, 0.8837, 0.8949, 0.8819, 0.8843], "ratio_waiting": [0.0052, 0.004, 0.0028, 0.0041, 0.0047, 0.0041, 0.0054, 0.0039, 0.0026, 0.0062, 0.0061, 0.0046, 0.0027, 0.0022, 0.0028, 0.0044, 0.0032, 0.0043, 0.0043, 0.003, 0.0019, 0.0042, 0.0025, 0.0037, 0.0021, 0.0058, 0.0049, 0.0057, 0.0023, 0.0022, 0.0031, 0.0057], "ratio_to_request": [0.4276, 0.4232, 0.4206, 0.4294, 0.4203, 0.4306, 0.4147, 0.4235, 0.4341, 0.4248, 0.4315, 0.4256, 0.421, 0.4205, 0.4159, 0.4252, 0.4315, 0.4218, 0.419, 0.4198, 0.4247, 0.4359, 0.4258, 0.4245, 0.4276, 0.4215, 0.4219, 0.4285, 0.4307, 0.4321, 0.4189, 0.4211]}