{"timestamp": 10000, "trip_avg_length": [7.4185303514377, 7.286168521462639, 7.385350318471337, 7.1154446177847115, 7.36248012718601, 7.2995245641838356, 7.407051282051282, 7.282747603833866, 7.472312703583062, 7.365659777424483, 7.196850393700787, 7.333868378812199, 7.3354430379746836, 7.4297124600638975, 7.393890675241158, 7.14307931570762, 7.651315789473684, 7.440514469453376, 7.351524879614767, 7.584967320261438, 7.48130081300813, 7.500818330605565, 7.491883116883117, 7.317460317460317, 7.571428571428571, 7.172413793103448, 7.694078947368421, 7.356230031948882, 7.598684210526316, 7.568627450980392, 7.218553459119497, 7.246056782334385], "trip_std_length": [3.9502386080565293, 3.882308670609521, 4.132892993426198, 4.06719249059018, 4.042963726422274, 4.082429176746676, 3.887151949618311, 3.8735924320025488, 4.005905517635555, 3.867005729079271, 3.8179834931539327, 4.278535658276621, 4.086270249329185, 4.08406224904347, 3.980760964062005, 3.947327521420113, 3.8644974283807225, 3.9075528800312855, 3.99156736562127, 3.9100552666777637, 3.963560639378671, 4.065895357562619, 4.124672245063295, 3.877592923882796, 4.109970826216751, 3.9864650478828443, 4.1968618218452285, 3.9171860015484934, 4.182922468079132, 4.179415329348611, 4.008760271431655, 4.048525677430442], "trip_avg_price": [520649, 512467, 519939, 509159, 519138, 515485, 517839, 508879, 513017, 519838, 510445, 510318, 519711, 521863, 514570, 513730, 522156, 520144, 512242, 520603, 515068, 513310, 516836, 516071, 516146, 511220, 525513, 515228, 517354, 519021, 513795, 514075], "trip_num_completed": [0, 0, 0, 0, 0, 0, 0, 0, 0, 0, 0, 0, 0, 0, 0, 0, 0, 0, 0, 0, 0, 0, 0, 0, 0, 0, 0, 0, 0, 0, 0, 0], "ratio_serving": [0.4644, 0.4585, 0.4638, 0.4561, 0.4632, 0.4606, 0.4623, 0.4559, 0.4588, 0.4637, 0.457, 0.4569, 0.4636, 0.4651, 0.4599, 0.4593, 0.4653, 0.4639, 0.4582, 0.4642, 0.4602, 0.459, 0.4615, 0.461, 0.4611, 0.4576, 0.4678, 0.4605, 0.462, 0.4632, 0.4593, 0.4595], "ratio_cruising": [0.0297, 0.0308, 0.0334, 0.0262, 0.0368, 0.0281, 0.0317, 0.0355, 0.037, 0.0365, 0.0391, 0.0295, 0.0283, 0.0346, 0.028, 0.0274, 0.0451, 0.0419, 0.0266, 0.0388, 0.0352, 0.0389, 0.0371, 0.0337, 0.0418, 0.0305, 0.0462, 0.0299, 0.037, 0.0412, 0.029, 0.0319], "ratio_online": [0.97, 0.9683, 0.9653, 0.9725, 0.9616, 0.9704, 0.967, 0.9632, 0.9611, 0.9619, 0.9594, 0.9689, 0.97, 0.9633, 0.97, 0.9706, 0.9527, 0.9563, 0.971, 0.9591, 0.9622, 0.9591, 0.9607, 0.9646, 0.957, 0.9685, 0.9527, 0.9695, 0.9622, 0.9581, 0.9685, 0.9656], "ratio_waiting": [0.0003, 0.0009, 0.0013, 0.0013, 0.0016, 0.0015, 0.0013, 0.0013, 0.0019, 0.0016, 0.0015, 0.0016, 0.0017, 0.0021, 0.002, 0.002, 0.0022, 0.0018, 0.0024, 0.0021, 0.0026, 0.002, 0.0022, 0.0017, 0.0012, 0.001, 0.0011, 0.0006, 0.0008, 0.0007, 0.0025, 0.0025], "ratio_to_request": [0.5056, 0.5098, 0.5015, 0.5164, 0.4984, 0.5098, 0.5047, 0.5073, 0.5023, 0.4982, 0.5024, 0.512, 0.5064, 0.4982, 0.5101, 0.5113, 0.4874, 0.4924, 0.5128, 0.4949, 0.502, 0.5001, 0.4992, 0.5036, 0.4959, 0.5109, 0.4849, 0.509, 0.5002, 0.4949, 0.5092, 0.5061]}