{"timestamp": 10000, "trip_avg_length": [7.365, 7.238952536824877, 7.285950413223141, 7.499151103565365, 7.193811074918567, 7.530716723549488, 6.962204724409449, 7.099518459069021, 6.9905063291139244, 7.552315608919383, 7.361666666666666, 7.311774461028192, 7.359400998336106, 7.129240710823909, 7.308580858085809, 7.45362563237774, 7.3316749585406304, 7.431208053691275, 7.165316045380875, 7.242225859247136, 7.225859247135843, 7.3316749585406304, 7.446127946127946, 7.376666666666667, 7.496598639455782, 7.264802631578948, 7.6447140381282495, 7.80565371024735, 7.217320261437909, 7.395973154362416, 7.477966101694915, 7.412751677852349, 7.534129692832765, 7.380634390651085, 7.334442595673877, 7.4120603015075375, 7.361666666666666, 7.473773265651438, 7.1507293354943275, 7.436026936026936, 7.310631229235881, 7.416806722689076, 7.28171334431631, 7.229132569558102, 7.135483870967742, 7.596551724137931, 7.456081081081081, 7.261513157894737, 7.338308457711443, 7.368948247078464, 7.289950576606261, 7.494915254237288, 7.317355371900827, 7.421848739495799, 7.043062200956938, 7.586620926243568, 7.409395973154362, 7.440134907251265, 7.477157360406092, 7.319536423841059, 7.3566666666666665, 7.396321070234114, 7.220949263502455, 7.613793103448276, 7.423529411764706, 7.3316749585406304, 7.312913907284768, 7.402010050251256, 7.316225165562914, 7.257001647446458, 7.535042735042735, 7.2772277227722775, 7.338870431893688, 7.556506849315069, 7.452702702702703, 7.295867768595041, 7.426174496644295, 7.5187074829931975, 7.3566666666666665, 7.6366782006920415, 7.239737274220033, 7.35440931780366, 7.373956594323873, 7.4425675675675675, 7.5017006802721085, 7.323920265780731, 7.383973288814691, 7.63448275862069, 7.203583061889251, 7.101449275362318, 7.275123558484349, 7.6447140381282495, 7.495755517826825, 7.271828665568369, 7.546075085324232, 7.404682274247492, 7.588336192109777, 7.655112651646447, 7.310743801652893, 7.4425675675675675, 7.571183533447685, 7.3455149501661126, 7.0368, 7.533219761499148, 7.158833063209076, 7.507640067911715, 7.312913907284768, 7.40536013400335, 7.007936507936508, 7.193811074918567, 7.365609348914858, 7.213703099510604, 7.303630363036303, 7.625862068965517, 7.578044596912521, 7.407035175879397, 7.401006711409396, 7.409698996655519, 7.4393939393939394, 7.382943143812709, 7.675347222222222, 7.2417763157894735, 7.2730263157894735, 7.252873563218391, 7.317880794701987, 7.356073211314476, 7.602763385146805, 7.294214876033058, 7.190243902439025, 7.723776223776224, 7.203583061889251, 7.754385964912281, 7.27841845140033, 7.451939291736931, 7.522108843537415, 7.396984924623116, 7.428571428571429, 7.310743801652893, 7.588336192109777, 7.361204013377926, 7.29489291598023, 7.40133779264214, 7.158576051779935, 7.527303754266212, 7.467905405405405, 7.220588235294118, 7.360601001669449, 7.429292929292929, 7.845470692717584, 7.200325732899023, 7.4847457627118645, 7.266886326194399, 7.515358361774744, 7.285478547854786, 7.173983739837398, 7.477157360406092, 7.366220735785953, 7.377295492487479, 7.137763371150729, 7.667826086956522, 7.055821371610845, 7.29042904290429, 7.293729372937293, 7.271381578947368, 7.682291666666667, 7.630397236614853, 7.776014109347443, 7.180194805194805, 7.295379537953796, 7.230769230769231, 7.525510204081633, 7.376039933444259, 7.312913907284768, 7.292079207920792, 7.185667752442996, 7.358931552587646, 7.522108843537415, 7.261083743842365, 7.29489291598023, 7.327242524916944, 7.254515599343185, 7.379598662207358, 7.369565217391305, 7.391304347826087, 7.276771004942339, 7.5, 7.502546689303905, 7.577319587628866, 7.472081218274112, 7.407718120805369, 7.469594594594595, 7.35, 7.665511265164644, 7.07556270096463, 7.313432835820896, 7.252459016393443, 7.226229508196721, 7.35440931780366, 7.311258278145695, 7.420875420875421], "trip_std_length": [3.9245095234946237, 3.965710832281634, 3.9537680695703905, 4.01466953005746, 3.8132155935646206, 3.941108084461314, 3.888017715155566, 3.911917391950009, 3.704671836278742, 4.071015056671143, 3.7895730483642733, 3.9786716620716067, 4.1270120660041805, 3.9055200450785863, 3.958384046130856, 4.0044188713576965, 3.879115534137114, 4.061643204476736, 3.7436359317188312, 3.8507657692391604, 4.033174912577225, 4.0546975415010325, 3.89612085727221, 3.8976217820044514, 3.903380968925475, 4.126767320031175, 4.133425983390398, 4.206385417779766, 3.868782468209023, 3.9422318346598395, 4.046177011158875, 4.076957488269273, 4.107725470732767, 3.924414263352336, 4.1289080792913255, 4.113269201906435, 4.055966455592167, 4.049888445669189, 3.9904631390985306, 3.898991716240861, 3.6891039977030453, 3.981180926268724, 3.936235379015676, 3.966290330484978, 3.814788573780083, 4.102058588211255, 4.017036798695589, 3.953142364304434, 3.938790605487349, 3.8453975780424563, 3.943791379163948, 3.872870600437537, 4.078378337703155, 3.8851399651169367, 3.9031000888967777, 4.068322095293633, 3.9502160722803383, 3.8680000778662595, 4.092302547802446, 4.0402219199668465, 4.178451334592226, 4.1616725289300485, 3.903746123419975, 4.120907511193924, 3.9346063385109966, 3.991214441357661, 3.7526721763014046, 3.985215051697236, 3.9555897646730966, 3.8969230761309994, 4.195954833406299, 3.8162034558090765, 4.025432114377859, 4.2438786040740455, 3.9448640223533133, 3.8552400037672214, 3.986081421279262, 4.105909590760009, 3.9297314016213485, 4.12891366657083, 3.8568384148461505, 3.7813604536875145, 4.125379270846861, 3.858136211853906, 3.9707686800426565, 4.003701681748173, 4.058356893342913, 3.980666714393714, 3.96062709254832, 3.8420104891155242, 4.157733186283691, 4.167250043512894, 3.852377694733088, 3.7845929467977055, 4.061652846341197, 3.9929006584538405, 4.187132270248088, 3.985321294349891, 4.055723466311386, 4.125572707437543, 4.127221244738664, 3.8609840057039095, 3.9314432159195687, 3.979954502802702, 4.088255376761182, 4.044576661777544, 4.074606240172858, 3.9481358847063315, 3.7554109781775384, 3.955356834811706, 4.077490543975108, 3.9211238055944535, 3.993007917974303, 4.23405977613349, 3.9260311208200425, 3.9840743377534893, 3.8956953088700703, 3.9946920772870755, 3.881302451961149, 4.047234908113149, 4.256590056279147, 3.9664420623747807, 3.8543971880850583, 3.9160017542578247, 3.799827219716363, 4.12488094574904, 4.228906933123741, 3.865855993877493, 3.8746080763594204, 4.053047856730189, 3.939185938583745, 4.1501667764179935, 3.8561334104597775, 3.8585618579762127, 3.723594695659134, 3.9296396732075536, 4.094208716957064, 3.9928821308951643, 4.027180526750274, 3.892789821859707, 3.9310813533079463, 3.872914031224291, 3.8592677397317967, 4.288659372682865, 4.06313980465021, 3.9314428383526243, 4.129803356780456, 4.187831157422815, 4.121501896978394, 3.800042845389654, 3.9529784333696325, 3.832739484035132, 4.11572398442187, 3.9257994521687833, 3.9743862316632983, 3.8774460920683227, 3.8826424601055973, 4.080314568280643, 3.8742992493278425, 3.9623345737206592, 3.7707525196680733, 4.066867756305253, 3.9538835342822862, 3.995108448126564, 4.115278817803708, 3.779982045409648, 4.192576329894052, 3.9712845857168477, 3.8593521623941864, 4.027008152706736, 4.003106223118411, 3.856626636071033, 3.9608722180458416, 3.8122829928388686, 3.9166465655684313, 4.107452755730371, 4.32732038046964, 3.946166414049362, 4.073099392641753, 3.5649020951249395, 3.862486433431583, 4.1426953692662485, 3.7226878498856837, 3.9787131712836055, 3.839769022597881, 4.019298683198588, 4.10334373982256, 4.057579691496714, 3.849822405665399, 4.017145405525511, 4.032271152397525, 3.739095255985508, 3.873306344064256, 3.7727761817329193, 3.8559813746405998, 3.756332644594317, 4.154551193505399, 3.9857297060926817, 3.890786247281405, 4.190091957715208],